1.251252222490646915e+01 1.343932787127911688e+01 1.270963690898250142e+01 1.294588994123495773e+01 1.241531162694642987e+01 1.228191577709546145e+01 1.280686454638695793e+01 1.242526878099076626e+01 1.266688790941523557e+01 1.244536490267498685e+01 1.262371757629462365e+01 1.247104402778069066e+01 7.757088309068012499e+00 8.091125199422929626e+00 7.981716829798851442e+00 7.979174288810699345e+00 7.946078064181748779e+00 7.967966545594662442e+00 7.956522426021102490e+00 7.941383567204289839e+00 7.955727314885614021e+00 8.090290221746338162e+00 5.222707590351104656e+00 1.126833067352011319e+01 7.096233457127268274e+00 2.734504316231672671e+00 2.730994182842702678e+00 2.899999999999999911e+00 2.600000000000000089e+00 1.020000000000000018e+00
1.310366073106672324e+01 1.307738314719784611e+01 1.288746924646017078e+01 1.298809663408970572e+01 1.248091808182424423e+01 1.241795023886623461e+01 1.277634916728693426e+01 1.260386753016221917e+01 1.271615707143892671e+01 1.251268161440052751e+01 1.263126432796046750e+01 1.247710284564862349e+01 7.721345689472200569e+00 8.096522518235543586e+00 7.990249955097026735e+00 7.984660757784098450e+00 7.940583923230803975e+00 8.000669109516893585e+00 7.930493330816699604e+00 7.960818795501330314e+00 7.957953803170260798e+00 7.988257514336848608e+00 5.348210003911344934e+00 1.126060452216715646e+01 7.133720144765426596e+00 2.713758526539638449e+00 2.765786011961208324e+00 2.899999999999999911e+00 2.600000000000000089e+00 1.020000000000000018e+00
1.281248355430549424e+01 1.308791957290515739e+01 1.301379109432579817e+01 1.311646463842799371e+01 1.245091261273854499e+01 1.243546299853025161e+01 1.264053703240381488e+01 1.263156245632727526e+01 1.269537874028864088e+01 1.252626753397738923e+01 1.266034480292499431e+01 1.248166450802410310e+01 7.640028306792205903e+00 8.070155560290841024e+00 8.011078830355581104e+00 7.972240580772247398e+00 7.952718049134365863e+00 8.000461534391384077e+00 7.947382939765535781e+00 7.981399628596458129e+00 7.956179539960706926e+00 7.943971090076380470e+00 5.312825018104458508e+00 1.124773816706061247e+01 7.152969552843664758e+00 2.713045589418155323e+00 2.730303050772169726e+00 2.899999999999999911e+00 2.600000000000000089e+00 1.020000000000000018e+00
1.292846353730881326e+01 1.337942932771717075e+01 1.283922504242280205e+01 1.327226493922304584e+01 1.242099148649721307e+01 1.252744618536257448e+01 1.271344231086113297e+01 1.258615647401242299e+01 1.269596397229325824e+01 1.248291297743951667e+01 1.269301878840256670e+01 1.251521104250716832e+01 7.710974057813076321e+00 8.079596179149076463e+00 7.988317001534316120e+00 7.960990849489778753e+00 7.973736879108654918e+00 7.996461852233932355e+00 7.955708153587917053e+00 7.946770698221382823e+00 7.972617616500644822e+00 7.967557881992665791e+00 5.215352269429456733e+00 1.128912863557856561e+01 7.099756553326937336e+00 2.711301987900270216e+00 2.706899565270028951e+00 2.899999999999999911e+00 2.600000000000000089e+00 1.020000000000000018e+00
1.289151265057650519e+01 1.318973163757920197e+01 1.307796087534567597e+01 1.293427043196115100e+01 1.255003731978333370e+01 1.242536966209742566e+01 1.272273906030532231e+01 1.260230207668655389e+01 1.266133947812562788e+01 1.255226032032219585e+01 1.265579668236267530e+01 1.248949433363169881e+01 7.774067183729051145e+00 8.062270367426506823e+00 7.984167435399386115e+00 7.981389639750681830e+00 7.966719331278145688e+00 7.987559824136120312e+00 7.943387476457189678e+00 7.960316203097706378e+00 7.952092698989241981e+00 7.959073516295980255e+00 5.449648006182474802e+00 1.123206741099841288e+01 7.119549387447843714e+00 2.705910393040221518e+00 2.560646193447685182e+00 2.899999999999999911e+00 2.600000000000000089e+00 1.020000000000000018e+00
1.285441118787461967e+01 1.321543792944306439e+01 1.303379647420668697e+01 1.295428221774024102e+01 1.253985414642749419e+01 1.243731172338315716e+01 1.270987341933714276e+01 1.255990331331046583e+01 1.268056342078926946e+01 1.253244742717588345e+01 1.266855574026318898e+01 1.251600435345117468e+01 7.638917199424373194e+00 8.103091059195362433e+00 7.978414826020304496e+00 7.957117073427781406e+00 7.956112523275277404e+00 8.003616390490261523e+00 7.923445555204198243e+00 7.977098125786874050e+00 7.952694375997673149e+00 8.077128800515803064e+00 5.295146214210976865e+00 1.127624048793126654e+01 7.133392152478434056e+00 2.712513659456282866e+00 2.563348103622555829e+00 2.899999999999999911e+00 2.600000000000000089e+00 1.020000000000000018e+00
1.325108632105347617e+01 1.329773937509345316e+01 1.304657350061513732e+01 1.302269503806474304e+01 1.248096445552528166e+01 1.253813002908873742e+01 1.258883213819517799e+01 1.261024114079750547e+01 1.266710577145351024e+01 1.253387049793468400e+01 1.265468868407209158e+01 1.250439297744125611e+01 7.754130705765696518e+00 8.097025862334096047e+00 7.993641177318559166e+00 7.965966604290843911e+00 7.949101145321547435e+00 8.001470943013986314e+00 7.949104009090555145e+00 7.954956967810872470e+00 7.957676900822550969e+00 7.991109537587887779e+00 5.290105567071116788e+00 1.128013020341707318e+01 7.144480421612336762e+00 2.688901992059216539e+00 2.708470744480897086e+00 2.899999999999999911e+00 2.600000000000000089e+00 1.020000000000000018e+00
1.275728371202765565e+01 1.323252436193333459e+01 1.296580745919189859e+01 1.313030183467101963e+01 1.238775175803960060e+01 1.246554415356984613e+01 1.272756280299556231e+01 1.258303561413736205e+01 1.272590681902413756e+01 1.250904379768249619e+01 1.268622942549015065e+01 1.252285441191025761e+01 7.625651139003926104e+00 8.066873061864392014e+00 7.997964005934715459e+00 7.960660940257929141e+00 7.951390498320101585e+00 7.982826217478862674e+00 7.967522340667192893e+00 7.949805629435010346e+00 7.957429263956647958e+00 8.000051543100511253e+00 5.250685121680432665e+00 1.129422553193913004e+01 7.105830251299232181e+00 2.648139642755256151e+00 2.896046382090148974e+00 2.899999999999999911e+00 2.600000000000000089e+00 1.020000000000000018e+00
1.275105869654421653e+01 1.318442017257227405e+01 1.298342755490370415e+01 1.309264081416324288e+01 1.228133841902324974e+01 1.256505531949270527e+01 1.261777770323356407e+01 1.262778153477231058e+01 1.268518161204826988e+01 1.255798943564346715e+01 1.264518033067032832e+01 1.250630086227977422e+01 7.703574661431333404e+00 8.096211138503676352e+00 7.999089522998852786e+00 7.974809898636123329e+00 7.963401144826276479e+00 7.975250798099437155e+00 7.972780249049193024e+00 7.923298170759495385e+00 7.975542296204165105e+00 7.923917257955040760e+00 5.332674575285980545e+00 1.125070437444485805e+01 7.149750576699948290e+00 2.681320859313439442e+00 2.694427092115256883e+00 2.899999999999999911e+00 2.600000000000000089e+00 1.020000000000000018e+00
1.320102920328022478e+01 1.320100242407689706e+01 1.307952236820312741e+01 1.312359712016909263e+01 1.234943702794297948e+01 1.264446286900870753e+01 1.248370919047754768e+01 1.271020342156447036e+01 1.262124141510452269e+01 1.254068832681455525e+01 1.265760019021536031e+01 1.246163854674429139e+01 7.746123538662893715e+00 8.090707002897747913e+00 7.987225822982673584e+00 7.965046088085913745e+00 7.993923003075628309e+00 7.960807199008084645e+00 7.957110237531109576e+00 7.938054478344306553e+00 7.980182593924494583e+00 7.974964176988246223e+00 5.227087871695363930e+00 1.126170256447474216e+01 7.089012544019738016e+00 2.745255840094195765e+00 2.488846251333530990e+00 2.899999999999999911e+00 2.600000000000000089e+00 1.020000000000000018e+00
1.293318781327024602e+01 1.339630807452956418e+01 1.295504863464305600e+01 1.310701087912553930e+01 1.255128272795283451e+01 1.246917839361906566e+01 1.269951572662907857e+01 1.257293233413841982e+01 1.265108188920623178e+01 1.254858641737055969e+01 1.265772872482456357e+01 1.246630064951680872e+01 7.733423297377338912e+00 8.080973776746134263e+00 7.996152825868150238e+00 7.941077299613580998e+00 7.978526624120401145e+00 7.963188082005681956e+00 7.967826774828811409e+00 7.940399830266149372e+00 7.973416858572726973e+00 7.976217907721752098e+00 5.201344874778719429e+00 1.129318004643549145e+01 7.099520025327464623e+00 2.706517928764889724e+00 2.623729519875553251e+00 2.899999999999999911e+00 2.600000000000000089e+00 1.020000000000000018e+00
1.268222542699557032e+01 1.340516892197753762e+01 1.294974378513283497e+01 1.293006468429366684e+01 1.232468898353818787e+01 1.259365112307397183e+01 1.272052696558734652e+01 1.258857206343670754e+01 1.266415366991081370e+01 1.250398472668124406e+01 1.263345612185665878e+01 1.246686429836801402e+01 7.782705091117374963e+00 8.097424663370027531e+00 7.978729990175094322e+00 7.978580797502459632e+00 7.954310092716538882e+00 7.991841700312422248e+00 7.940685969163858715e+00 7.963112763784524262e+00 7.939024028758773888e+00 8.059639666709882633e+00 5.200564416434831472e+00 1.128073406347581198e+01 7.106760508490658879e+00 2.663399523003603164e+00 2.753662526556231338e+00 2.899999999999999911e+00 2.600000000000000089e+00 1.020000000000000018e+00
1.297193953868940852e+01 1.340123667372970218e+01 1.288922900881528832e+01 1.314332715972260779e+01 1.227461960120074735e+01 1.259846197261211387e+01 1.258986067748069004e+01 1.258170582345215749e+01 1.260179536121673749e+01 1.250260672722275501e+01 1.265160886495987569e+01 1.247576124945548059e+01 7.891141447237312256e+00 8.076981720602647741e+00 7.988652944374417864e+00 7.963737348286824336e+00 7.963891374276699686e+00 7.983351124951051148e+00 7.939421459469301112e+00 7.992019737544209690e+00 7.960395068565817134e+00 8.050409069006946083e+00 5.283188270721947077e+00 1.124441600256407625e+01 7.118841324387692460e+00 2.753499815628420055e+00 2.610945241303350706e+00 2.899999999999999911e+00 2.600000000000000089e+00 1.020000000000000018e+00
1.320244503850398310e+01 1.343058073980543199e+01 1.292245429629199371e+01 1.309962732092888338e+01 1.242980353463388887e+01 1.251441776415291685e+01 1.268612328798156774e+01 1.260142007339005943e+01 1.270531856436683960e+01 1.256171977908631554e+01 1.269389982574033127e+01 1.250196352207060357e+01 7.643185979285116893e+00 8.087145936048946382e+00 8.007695853173323997e+00 7.969959454051219083e+00 7.958864048652257495e+00 7.990884846725667678e+00 7.949799145497832953e+00 7.969561377226592747e+00 7.972242573029238777e+00 8.036133094809773780e+00 5.153791188010181656e+00 1.126528389766258620e+01 7.132494328320570176e+00 2.753635205514298967e+00 2.647499403220588299e+00 2.899999999999999911e+00 2.600000000000000089e+00 1.020000000000000018e+00
1.285652582154022205e+01 1.342879782259172572e+01 1.288217784934349375e+01 1.308419115410928946e+01 1.245137916027625025e+01 1.242441371260069261e+01 1.276197048616962171e+01 1.256811418360163657e+01 1.274806277920419895e+01 1.251544629428673794e+01 1.269269950275516479e+01 1.247608368145768942e+01 7.761616691144027413e+00 8.125323112449557073e+00 8.001322101684298360e+00 7.963297655677507692e+00 7.973530015399194149e+00 8.000853375422323666e+00 7.946961206535843480e+00 7.941160085339532770e+00 7.973680744269268317e+00 8.050550646503841890e+00 5.374475494020081179e+00 1.124661796417194637e+01 7.082791732318699296e+00 2.712099839568288928e+00 2.557336372735478758e+00 2.899999999999999911e+00 2.600000000000000089e+00 1.020000000000000018e+00
1.288302514512484542e+01 1.319499306639132286e+01 1.279769125539224994e+01 1.318498269595541217e+01 1.234588778232317274e+01 1.253100924684569506e+01 1.268488014808466957e+01 1.263767104877696568e+01 1.266060154243803559e+01 1.252596996040766975e+01 1.267030990946028446e+01 1.249281065425174653e+01 7.634780700527399766e+00 8.111194603030655870e+00 7.987809328564412503e+00 7.955731402715217726e+00 7.969094590874517436e+00 7.988812783801055417e+00 7.929447440343788678e+00 7.969845419108421147e+00 7.941272889386321587e+00 8.234978689198182877e+00 5.356511496853507026e+00 1.124078841927402728e+01 7.111707575992198826e+00 2.720348151989127050e+00 2.857661950427207387e+00 2.899999999999999911e+00 2.600000000000000089e+00 1.020000000000000018e+00
1.279538952141806263e+01 1.328436623269577233e+01 1.318321523195463385e+01 1.305419223418791574e+01 1.246961069077809903e+01 1.246792071767897347e+01 1.265534168258191450e+01 1.262210693797389460e+01 1.266916475545538567e+01 1.251290469219833490e+01 1.264015834804471439e+01 1.243643969006230954e+01 7.742640947345295288e+00 8.098665003693774622e+00 7.994974892499167041e+00 7.945752411962892836e+00 7.998964777837876738e+00 7.953895441708152880e+00 7.953590730173378809e+00 7.951324031172202211e+00 7.954739436712721989e+00 8.026995231879462622e+00 5.392415902188514742e+00 1.122848527181480272e+01 7.130316561814787235e+00 2.687347616618490864e+00 2.683226168942648648e+00 2.899999999999999911e+00 2.600000000000000089e+00 1.020000000000000018e+00
1.288871137411313761e+01 1.307460217965728155e+01 1.292521160239675027e+01 1.304962894119231187e+01 1.253070942914177266e+01 1.248949009179367664e+01 1.266327132022726509e+01 1.257516159834659142e+01 1.267375255783872845e+01 1.248962997976084210e+01 1.265678325940609739e+01 1.251056818006301619e+01 7.747812164154691317e+00 8.079412961767738821e+00 8.011405507906941281e+00 7.958491897164413409e+00 7.967509020852846291e+00 7.986134576455757639e+00 7.970887699551589378e+00 7.952757247866601098e+00 7.965023114528372083e+00 8.069636909122598567e+00 5.292668652564344711e+00 1.124626533869406586e+01 7.131225439423998225e+00 2.734098895416062103e+00 2.721556313239556157e+00 2.899999999999999911e+00 2.600000000000000089e+00 1.020000000000000018e+00
1.322316249635288443e+01 1.338589518186558891e+01 1.305113199819797565e+01 1.308875603332798931e+01 1.242867835082481243e+01 1.256741952069333479e+01 1.255581376543502081e+01 1.261787319134931629e+01 1.262164846499897664e+01 1.251845846491598380e+01 1.265527933624661650e+01 1.246795692425956936e+01 7.764184223786735117e+00 8.086166014759825771e+00 8.012674702195067056e+00 7.952079662220890910e+00 7.957093332562298116e+00 7.970203505179178194e+00 7.957871681394904861e+00 7.949062254227038160e+00 7.944911629469647352e+00 8.021090443029809336e+00 5.319792209646635683e+00 1.124085661483388954e+01 7.114179639177658387e+00 2.738467538199981899e+00 2.719006091918864776e+00 2.899999999999999911e+00 2.600000000000000089e+00 1.020000000000000018e+00
1.289152955345287310e+01 1.295760033895018815e+01 1.289932892682333687e+01 1.299027838739590734e+01 1.252373756476996469e+01 1.249891784892214375e+01 1.280985486455273303e+01 1.255907307274753926e+01 1.273200682259172822e+01 1.251819051854951503e+01 1.265180570196163146e+01 1.252434096297241695e+01 7.677989878588702410e+00 8.064106959236188032e+00 7.979403016715648000e+00 7.988728695855906281e+00 7.946674419505749043e+00 7.999742287903999660e+00 7.924260696137329418e+00 7.962912331607142846e+00 7.968790488812196315e+00 7.972312527907025270e+00 5.382937233049266190e+00 1.125453910572777083e+01 7.136951176619809267e+00 2.647672500799308715e+00 2.809969420922775463e+00 2.899999999999999911e+00 2.600000000000000089e+00 1.020000000000000018e+00
1.288073075999429662e+01 1.303580148412223849e+01 1.284529930510647411e+01 1.308163874626484535e+01 1.236959751703947852e+01 1.251478863143008446e+01 1.268796067444067077e+01 1.258264592586000319e+01 1.269843189610730683e+01 1.254120316789300915e+01 1.270014800061759885e+01 1.253567677086891585e+01 7.700452563751673196e+00 8.049665459863325268e+00 8.013946031889046751e+00 7.971470190977451686e+00 7.974655009023631891e+00 7.997980544355043797e+00 7.946349744476736809e+00 7.962310360054020819e+00 7.976225764214077252e+00 7.981580618926131798e+00 5.288818089229273767e+00 1.124984803840864878e+01 7.118846472828719740e+00 2.700892288785684325e+00 2.640207851536721329e+00 2.899999999999999911e+00 2.600000000000000089e+00 1.020000000000000018e+00
1.273923186897522086e+01 1.321632901877910804e+01 1.292798833866360475e+01 1.314869034681917626e+01 1.240524968685826224e+01 1.245832944474269688e+01 1.266004128756237535e+01 1.259339580028361283e+01 1.266158678616670130e+01 1.254467889254802593e+01 1.266548313646859292e+01 1.251181568644966546e+01 7.646117383442889270e+00 8.143932246906757655e+00 7.974391387236793527e+00 7.959857121820120618e+00 7.956060072859103549e+00 7.987926170133594184e+00 7.969944542290972045e+00 7.949788081928272021e+00 7.941339989638276364e+00 8.011519662228316463e+00 5.382408343192900624e+00 1.124223808870753238e+01 7.128940942050356888e+00 2.680667653632686775e+00 2.809879525359337382e+00 2.899999999999999911e+00 2.600000000000000089e+00 1.020000000000000018e+00
1.323481371531878992e+01 1.300037070298498776e+01 1.265066671466623838e+01 1.292373880028464228e+01 1.231149530526915292e+01 1.258767832495361461e+01 1.263210348292404639e+01 1.267821291946233764e+01 1.256307375280633742e+01 1.256820004253763479e+01 1.260580762078656925e+01 1.252481904478116448e+01 7.698735102723428980e+00 8.127921832895614429e+00 7.976393454791804061e+00 7.962467351472410471e+00 7.973489242333270610e+00 7.991480085958047930e+00 7.947740675109900899e+00 7.972054256176861919e+00 7.953405675735012004e+00 8.005073928208723544e+00 5.249817858672948923e+00 1.129066805880742308e+01 7.129799891286129565e+00 2.673176317958721793e+00 2.850610308991041730e+00 2.899999999999999911e+00 2.600000000000000089e+00 1.020000000000000018e+00
1.291306816551303349e+01 1.322457698357604272e+01 1.299840555416972698e+01 1.293967888231936847e+01 1.238911907958835812e+01 1.259475207342747893e+01 1.266896352073571386e+01 1.261494309448077544e+01 1.269396625833914527e+01 1.253558143952645842e+01 1.268420531714398436e+01 1.249662118205178807e+01 7.688582522276607101e+00 8.090895431249080616e+00 7.983041866927329977e+00 7.961961430684652008e+00 7.989965952056945930e+00 7.967844279643097494e+00 7.953343883070429499e+00 7.959657324454539662e+00 7.967433344100988357e+00 8.006002735496792866e+00 5.275462059035662676e+00 1.127980474175332759e+01 7.109202811618436257e+00 2.694955101359794991e+00 2.672963350225832091e+00 2.899999999999999911e+00 2.600000000000000089e+00 1.020000000000000018e+00
1.307609742917113493e+01 1.320590164681230583e+01 1.258671401645642263e+01 1.291218873326304184e+01 1.245558086261053177e+01 1.234023766419404566e+01 1.281516176255417783e+01 1.251255039318382600e+01 1.274472903109816535e+01 1.250378863652061412e+01 1.272669451093329940e+01 1.253678167180336089e+01 7.657479705269643055e+00 8.090037741190911902e+00 8.011543265311361850e+00 7.955063498372287434e+00 7.989938433299903942e+00 7.996732364090474832e+00 7.969986027764483616e+00 7.935327107090645704e+00 7.978622246742272495e+00 8.040130597959064929e+00 5.400810908128964805e+00 1.125844313839458444e+01 7.119983604923220355e+00 2.713338288812061183e+00 2.733189727397366209e+00 2.899999999999999911e+00 2.600000000000000089e+00 1.020000000000000018e+00
1.300797386841287562e+01 1.323774883451145890e+01 1.271494308152065678e+01 1.297920226685469203e+01 1.234785381825921036e+01 1.258284203650316080e+01 1.264038360343056411e+01 1.263853879642983635e+01 1.265041351750994991e+01 1.253123566766995722e+01 1.268455711877709291e+01 1.249005617988060024e+01 7.687591090623755008e+00 8.094607422030076549e+00 8.006203595971300047e+00 7.980151596580300932e+00 7.968626062457332182e+00 7.980168409833973797e+00 7.958569017159709880e+00 7.964567348040068495e+00 7.959362488990076479e+00 8.114714450408152757e+00 5.305158258292308027e+00 1.126874346382113323e+01 7.124182444894860744e+00 2.743343154562241093e+00 2.593534002521380888e+00 2.899999999999999911e+00 2.600000000000000089e+00 1.020000000000000018e+00
1.290624135304261344e+01 1.294932261870005874e+01 1.291258304000273327e+01 1.306353677070013752e+01 1.230390021546878287e+01 1.251976420543097390e+01 1.269983600628367171e+01 1.259969053040328113e+01 1.268524765486837502e+01 1.253191394694957772e+01 1.271272881664470233e+01 1.251096533332477634e+01 7.641533983163332877e+00 8.140365742524048542e+00 7.994369137174749618e+00 7.973804908201533870e+00 7.982962075971607341e+00 7.990563668082153903e+00 7.945256800310303902e+00 7.970696117442669149e+00 7.962729481972534273e+00 8.023926812151559673e+00 5.342490176471705432e+00 1.125313800040744638e+01 7.157101398734554643e+00 2.696637196700160999e+00 2.663561042105651921e+00 2.899999999999999911e+00 2.600000000000000089e+00 1.020000000000000018e+00
1.264094474273368718e+01 1.325192688038157307e+01 1.282474881840158432e+01 1.316046881083367381e+01 1.245971424751111734e+01 1.244169066357532216e+01 1.265119557906932179e+01 1.258313057873785112e+01 1.271444690033050584e+01 1.251305597866443264e+01 1.269025941566275861e+01 1.250172633279328238e+01 7.708319441850298048e+00 8.070652835713158169e+00 8.019193064159527040e+00 7.954199007142950251e+00 7.969954187364280962e+00 7.977842348046398691e+00 7.970895592481109126e+00 7.942002005362391870e+00 7.972021787266298176e+00 7.962051191506803072e+00 5.440121565389008929e+00 1.123544334720843807e+01 7.131462944983791630e+00 2.652646294490637047e+00 2.796652276904408652e+00 2.899999999999999911e+00 2.600000000000000089e+00 1.020000000000000018e+00
1.267175753609822308e+01 1.330977373588577883e+01 1.314484151163546777e+01 1.298264695269318914e+01 1.241296694451672700e+01 1.235931886507146515e+01 1.278156066469482433e+01 1.249598324503653402e+01 1.273679885290493807e+01 1.246024468402117691e+01 1.268735226223827262e+01 1.242167586431215653e+01 7.696041567025171837e+00 8.144146430720033081e+00 7.984694230137836080e+00 7.967629407576771960e+00 7.967049272732131371e+00 7.994257292281645277e+00 7.928813349682079625e+00 7.934766345676731447e+00 7.983504753972312074e+00 8.027378557521654301e+00 5.372762933348793624e+00 1.123368045089744172e+01 7.111449085546668769e+00 2.699957681253616570e+00 2.718246277357822649e+00 2.899999999999999911e+00 2.600000000000000089e+00 1.020000000000000018e+00
1.302949628919411751e+01 1.314048529846048297e+01 1.279360566786807674e+01 1.285267799544788936e+01 1.236056511274997582e+01 1.264064691562517595e+01 1.268928594157740974e+01 1.265456194750666796e+01 1.263258225646578126e+01 1.254116905221103551e+01 1.263625128100331274e+01 1.254395899685911964e+01 7.767237149133820573e+00 8.069384061618356085e+00 7.995211179111549882e+00 7.961964363301282432e+00 7.967725795611703354e+00 8.002229835380502365e+00 7.932473198584301777e+00 7.973085170786929687e+00 7.941903870058118819e+00 8.026221940246243136e+00 5.216388404373793364e+00 1.129669754102990709e+01 7.135857681804098185e+00 2.706037275666741238e+00 2.712949885113066451e+00 2.899999999999999911e+00 2.600000000000000089e+00 1.020000000000000018e+00
1.272964534513072365e+01 1.315264654750560958e+01 1.280827982459426373e+01 1.288895736780838241e+01 1.257851124852334124e+01 1.245779594955850200e+01 1.275113408878177523e+01 1.258149119176639630e+01 1.268671695116557707e+01 1.253804958788362711e+01 1.264001243000996411e+01 1.253539337010908028e+01 7.744179743389713266e+00 8.068098602709691036e+00 7.998869746237298628e+00 7.968285043899336451e+00 7.953264551917594183e+00 7.985207618918333417e+00 7.971464871028208776e+00 7.965534002389456525e+00 7.964943656493815638e+00 7.970295571257200784e+00 5.228872526186560954e+00 1.128639858450541844e+01 7.137955482055662770e+00 2.747987581941516488e+00 2.597281689446128805e+00 2.899999999999999911e+00 2.600000000000000089e+00 1.020000000000000018e+00
1.299155819259950206e+01 1.305581487609677716e+01 1.288809172627559718e+01 1.318967490291026579e+01 1.238229911881417777e+01 1.249228344540835955e+01 1.271094897114415900e+01 1.257471170989681930e+01 1.271009115314235594e+01 1.253011692955407241e+01 1.268539142909053474e+01 1.252121199608689217e+01 7.673192469196358445e+00 8.107754553677560594e+00 8.011855422102904356e+00 7.970010946241483651e+00 7.957063102648435304e+00 7.990323313103094627e+00 7.983783604141835077e+00 7.936461225679686926e+00 7.984749662148114879e+00 7.984072975243189596e+00 5.395748228858905371e+00 1.124784120831284717e+01 7.136318762689105810e+00 2.741895639160996989e+00 2.551184577811036913e+00 2.899999999999999911e+00 2.600000000000000089e+00 1.020000000000000018e+00
1.284629326469204713e+01 1.323798942416206970e+01 1.289052891756261410e+01 1.298209685793789347e+01 1.243128906948464696e+01 1.251548079004431990e+01 1.271697039620368663e+01 1.259410659372765551e+01 1.271534481567569586e+01 1.257040827878360290e+01 1.270098803612871663e+01 1.250523273367811861e+01 7.669601143190180714e+00 8.135736637207184430e+00 8.004924369230108638e+00 7.970247229973404401e+00 7.987172794447944923e+00 7.995553229813516793e+00 7.963191157487240268e+00 7.955894441177036924e+00 7.984736599216267550e+00 7.947200323767172669e+00 5.291917568415195561e+00 1.128043170606790468e+01 7.109006618402111677e+00 2.748415377705331064e+00 2.613178874639196625e+00 2.899999999999999911e+00 2.600000000000000089e+00 1.020000000000000018e+00
1.281485672204665427e+01 1.311624036910512814e+01 1.291760716616201776e+01 1.298108240220113885e+01 1.251627841621325032e+01 1.247076095245488503e+01 1.278716493468912674e+01 1.257805803148517931e+01 1.277474386158255726e+01 1.248787293699197853e+01 1.273281171995303573e+01 1.249389352044714130e+01 7.617496383386862746e+00 8.135262034359284300e+00 7.989491842519263365e+00 7.986146166249935341e+00 7.957890829397019417e+00 7.992627241234093738e+00 7.944317665038457932e+00 7.961451325319223393e+00 7.959743018615174748e+00 8.066805030454567316e+00 5.332847124933755012e+00 1.126366586116347435e+01 7.116659359052337486e+00 2.697902668228335354e+00 2.793184182018025652e+00 2.899999999999999911e+00 2.600000000000000089e+00 1.020000000000000018e+00
1.301013513120714293e+01 1.320645733135834732e+01 1.291243439733124099e+01 1.313435582628837395e+01 1.247793224784611432e+01 1.251088261827034742e+01 1.270931294521338017e+01 1.261055195657403694e+01 1.267540535555093228e+01 1.250576695683023765e+01 1.261367326204161721e+01 1.250050771329712340e+01 7.756423822966123538e+00 8.088920141866925206e+00 7.986244020709849067e+00 7.956616806687106802e+00 7.956382803885960087e+00 8.010934978633407866e+00 7.935977966749709900e+00 7.957547338565008843e+00 7.974510415466668611e+00 8.004634185899826448e+00 5.320399918209296253e+00 1.126283483363631177e+01 7.122906041003318478e+00 2.691643431928203434e+00 2.699949294161682278e+00 2.899999999999999911e+00 2.600000000000000089e+00 1.020000000000000018e+00
1.319337738617399935e+01 1.323265693987191050e+01 1.289780721292535937e+01 1.297803163062344289e+01 1.236193192984510780e+01 1.249026587734296001e+01 1.265477385182621184e+01 1.257611183049994885e+01 1.268832938056904247e+01 1.252343424564636720e+01 1.264316540616865403e+01 1.250396559476511271e+01 7.767728094738646227e+00 8.086035457305076335e+00 8.012228845270229272e+00 7.973639704453211685e+00 7.952989700039442944e+00 7.999776610684645739e+00 7.961256870471494551e+00 7.948831306760497206e+00 7.985947372446611681e+00 8.026056891417320927e+00 5.247319437370543405e+00 1.126193592032702107e+01 7.151566129807751970e+00 2.707741938339977672e+00 2.687185247895167883e+00 2.899999999999999911e+00 2.600000000000000089e+00 1.020000000000000018e+00
1.288134832910005656e+01 1.314475576961766023e+01 1.288992758687989237e+01 1.302020482684696034e+01 1.241136020567462062e+01 1.238951734732024512e+01 1.278317146165414542e+01 1.258992917559656810e+01 1.267864784524591215e+01 1.254733170105542683e+01 1.265168824913916268e+01 1.252265147961899672e+01 7.687770661867298294e+00 8.059620508268702466e+00 8.009591812806812428e+00 7.940088540444366849e+00 7.975973902275233840e+00 7.973044533580071480e+00 7.958740939080728438e+00 7.924730347357263227e+00 7.979734273834233171e+00 8.087048311399504641e+00 5.314656282164459178e+00 1.122157503843671833e+01 7.131835223873218332e+00 2.707480163487669955e+00 2.614933910548530527e+00 2.899999999999999911e+00 2.600000000000000089e+00 1.020000000000000018e+00
1.268036724135273552e+01 1.309763426393744901e+01 1.279280032048330540e+01 1.311258389370242661e+01 1.242518657688577655e+01 1.252054969573579157e+01 1.273431510027524283e+01 1.257873929469473495e+01 1.270654191269620448e+01 1.247346001419744610e+01 1.264005819237769224e+01 1.253781316006193514e+01 7.666669969716699562e+00 8.078823936052305754e+00 7.965928544472456352e+00 7.984967882023515706e+00 7.924750323580030731e+00 7.999651538075217339e+00 7.941019013072269317e+00 7.952857165296492781e+00 7.972907848525203178e+00 8.007065986837709204e+00 5.255363900172159930e+00 1.125949862140085855e+01 7.122050376734209820e+00 2.697762651232519460e+00 2.749044426046111322e+00 2.899999999999999911e+00 2.600000000000000089e+00 1.020000000000000018e+00
1.291794746249111725e+01 1.323830600585839612e+01 1.270111293936067653e+01 1.301541709015928738e+01 1.244259819909417608e+01 1.248842517911311312e+01 1.275391330739046403e+01 1.258822177908343498e+01 1.264711758027432786e+01 1.252823366606024891e+01 1.260991281495988758e+01 1.252113043398930259e+01 7.754377570912582840e+00 8.057903971058099302e+00 7.999375153304322694e+00 7.973587815389243438e+00 7.934117435588961875e+00 7.982496003527739248e+00 7.958179211817546062e+00 7.929801386236051464e+00 7.948211841536830136e+00 8.070287571264218585e+00 5.205629779038767779e+00 1.126446761756328208e+01 7.148794187319211346e+00 2.669989451376625578e+00 2.849101706363490916e+00 2.899999999999999911e+00 2.600000000000000089e+00 1.020000000000000018e+00
1.278115597380083734e+01 1.335859230878246429e+01 1.259892631756457604e+01 1.301740484712542489e+01 1.242640083279194840e+01 1.247977602217940429e+01 1.282530438504378800e+01 1.256090479471637344e+01 1.271863266339595278e+01 1.247194345982044439e+01 1.266918248471128550e+01 1.248516596872270590e+01 7.744793413037657892e+00 8.127693861049930746e+00 7.943898155428035679e+00 7.998472702311786975e+00 7.945740417588866400e+00 7.984582634255695588e+00 7.930720682222855977e+00 7.959579341082497983e+00 7.944274168661405788e+00 8.078492018109892925e+00 5.202769713194101087e+00 1.129233154801791272e+01 7.087720118278512338e+00 2.711650103485687691e+00 2.741647173275831850e+00 2.899999999999999911e+00 2.600000000000000089e+00 1.020000000000000018e+00
1.305977856960232941e+01 1.318037569515104579e+01 1.290269619709238391e+01 1.308979576071368811e+01 1.233543424209291572e+01 1.255802327738333268e+01 1.273427314216567474e+01 1.262370054367411853e+01 1.263994694457635859e+01 1.255774296666794498e+01 1.265584763662199386e+01 1.254475482314985690e+01 7.598636953903433522e+00 8.100253151989935674e+00 7.974093015676385399e+00 7.963901225743100554e+00 7.989677297219171415e+00 7.971274092698013014e+00 7.955099185888040658e+00 7.937195579047801708e+00 7.953597852675862612e+00 8.088290937628865862e+00 5.322700043522118563e+00 1.125414486551968274e+01 7.113332116478089162e+00 2.724884044312301246e+00 2.604197570235468717e+00 2.899999999999999911e+00 2.600000000000000089e+00 1.020000000000000018e+00
1.277747666406992266e+01 1.338070716020351014e+01 1.292687981508153428e+01 1.301425973204431585e+01 1.237046930298333258e+01 1.259799112104776242e+01 1.262540801409892133e+01 1.270935126321663411e+01 1.261198114577878293e+01 1.257489371145976520e+01 1.265050183916862458e+01 1.249676775096638437e+01 7.755708190861301254e+00 8.092947388241011453e+00 7.992911865038660579e+00 7.965606630186160331e+00 7.975547640460128207e+00 7.988172421298346926e+00 7.946561259078662509e+00 7.962245079231077050e+00 7.970285241126711995e+00 8.008190884941866372e+00 5.435783659348316199e+00 1.125605215267349912e+01 7.108393995782153141e+00 2.626674462353415507e+00 2.825271175411073976e+00 2.899999999999999911e+00 2.600000000000000089e+00 1.020000000000000018e+00
1.309446629558834019e+01 1.340394770453701945e+01 1.286391676108229198e+01 1.298396860358118765e+01 1.232162451785136525e+01 1.252903349890707574e+01 1.265149528109863120e+01 1.253952757227117942e+01 1.264653651610150398e+01 1.245813815621642817e+01 1.261225784220333956e+01 1.251021928978095232e+01 7.759587905186850598e+00 8.070277589232587090e+00 7.983413538270960785e+00 7.973914538043918476e+00 7.948938883690106927e+00 7.967006274608068317e+00 7.966087361213006979e+00 7.938358193506330984e+00 7.964231598805183943e+00 7.951161606196849085e+00 5.297841259474659559e+00 1.125713985471512402e+01 7.126643965183250273e+00 2.725320088627488868e+00 2.616828587705983811e+00 2.899999999999999911e+00 2.600000000000000089e+00 1.020000000000000018e+00
1.316337447843647546e+01 1.306104059496388814e+01 1.292781508960392678e+01 1.300490462469744912e+01 1.246568144744956186e+01 1.250713185900165314e+01 1.267584470306535849e+01 1.260055829301709629e+01 1.268682188540507738e+01 1.251788660758843363e+01 1.264850080415336642e+01 1.251322330766613788e+01 7.796315085339115214e+00 8.066575146502200866e+00 8.004652286888456203e+00 7.968002284422128767e+00 7.978124064771213497e+00 7.975073052897811543e+00 7.959609886403083756e+00 7.947601184126846796e+00 7.969041315784225255e+00 7.967748092648365699e+00 5.332934612303978916e+00 1.127234266372649785e+01 7.103807386181096639e+00 2.718125532407569267e+00 2.620266264416076130e+00 2.899999999999999911e+00 2.600000000000000089e+00 1.020000000000000018e+00
1.295675080309503535e+01 1.310048160365470515e+01 1.266235525122585770e+01 1.307647080631072001e+01 1.250159289742315316e+01 1.236046223266502686e+01 1.276395534560992395e+01 1.257439561824977936e+01 1.262450690922843677e+01 1.254020988417644489e+01 1.261472836891695337e+01 1.256138866589115821e+01 7.655489163472519287e+00 8.096427539406670704e+00 7.987501782667735917e+00 7.966031530317977172e+00 7.974908075297649113e+00 7.983627911377789488e+00 7.965242000843799630e+00 7.942120939283580761e+00 7.970664324480609686e+00 7.982981311756232934e+00 5.414176451691021796e+00 1.124467807524235141e+01 7.153840158706302965e+00 2.693052896323571588e+00 2.716873395740605268e+00 2.899999999999999911e+00 2.600000000000000089e+00 1.020000000000000018e+00
1.336709301333087119e+01 1.337917655212981671e+01 1.325040304249694678e+01 1.309577616078867202e+01 1.243920626193225587e+01 1.261487315373282136e+01 1.262417577388564460e+01 1.260214353341160098e+01 1.268554704620484941e+01 1.252282013498843583e+01 1.266893550909481014e+01 1.249521730180076950e+01 7.673130942400304910e+00 8.070728006382797304e+00 7.956334466810575989e+00 7.972895945752936697e+00 7.964985086092586819e+00 7.981364235275854035e+00 7.936122045112796286e+00 7.960257228837311239e+00 7.949237004002755569e+00 8.019119699263130840e+00 5.285074221066989431e+00 1.126204681645257644e+01 7.109094030733785985e+00 2.652762067725828565e+00 2.810071381079342068e+00 2.899999999999999911e+00 2.600000000000000089e+00 1.020000000000000018e+00
1.277832190536739887e+01 1.290500639959416063e+01 1.289710554457652414e+01 1.289028114242967682e+01 1.245241453332399395e+01 1.231762801664544682e+01 1.275212174498155626e+01 1.253535799100384729e+01 1.266496383967214712e+01 1.251094389601249013e+01 1.265696533637767907e+01 1.253226119021693563e+01 7.732861696469493396e+00 8.077300269464039673e+00 7.999056186940773472e+00 7.966359472562642985e+00 7.964880124894524016e+00 7.996031827430965855e+00 7.964316921082045475e+00 7.955455647588885348e+00 7.975860914272456803e+00 8.060195858383737644e+00 5.305369254712248406e+00 1.128155580340763997e+01 7.110847208026511268e+00 2.744979927555980748e+00 2.719571198819942914e+00 2.899999999999999911e+00 2.600000000000000089e+00 1.020000000000000018e+00
1.274108872890226252e+01 1.350093238767907344e+01 1.281669710215302693e+01 1.308377691371191709e+01 1.246499440863752106e+01 1.235262782236686796e+01 1.271223466256814838e+01 1.254833209073581024e+01 1.265554356357078625e+01 1.247296244585552749e+01 1.263211996267456882e+01 1.249261797944640406e+01 7.710910306561354233e+00 8.073295226353407017e+00 7.989184318372091198e+00 7.958474620363753971e+00 7.946393177695697752e+00 7.972777667807205759e+00 7.952777168541171449e+00 7.938630011214057092e+00 7.958285312721523397e+00 8.032794103877860081e+00 5.199610704958513629e+00 1.126172049859760094e+01 7.134700874358208544e+00 2.685765688777179250e+00 2.817632241963125228e+00 2.899999999999999911e+00 2.600000000000000089e+00 1.020000000000000018e+00
1.284859445386394583e+01 1.328370547116887401e+01 1.298113043074943818e+01 1.321045732645090354e+01 1.233427610665244956e+01 1.262702131454781274e+01 1.276060531170445955e+01 1.258572314171877693e+01 1.274284467048721581e+01 1.253796210917688114e+01 1.272464183149790706e+01 1.249701239200553360e+01 7.621519418567278770e+00 8.113057638085587442e+00 8.005351165680457015e+00 7.971177528970263992e+00 7.966013720721846880e+00 7.971649880858278081e+00 7.969319607463257071e+00 7.944626259456498474e+00 7.963271212459691384e+00 8.016650377067016109e+00 5.292513672223225996e+00 1.125159875214563954e+01 7.132916200197047196e+00 2.745743705030257775e+00 2.581555990591176020e+00 2.899999999999999911e+00 2.600000000000000089e+00 1.020000000000000018e+00
1.327294629247073487e+01 1.317141018858129087e+01 1.282323139227297659e+01 1.317353313317705421e+01 1.250241694944280368e+01 1.247825218910123368e+01 1.267410115511544610e+01 1.262893130479378456e+01 1.265675265199117305e+01 1.256038989798482675e+01 1.266796120593407693e+01 1.244787524823822977e+01 7.705468085141703227e+00 8.097501776016063246e+00 7.987278636710275492e+00 7.944775160199800013e+00 7.960592366336749492e+00 7.971613948106678116e+00 7.947460851050685449e+00 7.947073131928792833e+00 7.957198250216371171e+00 7.961175158555483300e+00 5.250451689442895642e+00 1.124575426853928306e+01 7.114633418584028313e+00 2.691320185059590031e+00 2.870141526299753831e+00 2.899999999999999911e+00 2.600000000000000089e+00 1.020000000000000018e+00
1.293081590300950801e+01 1.325424580389419127e+01 1.283707538276916615e+01 1.304822715763788210e+01 1.234314658132854170e+01 1.252491423861679287e+01 1.253472025088253261e+01 1.263779786629870472e+01 1.262446250659202640e+01 1.251444108994918558e+01 1.265167081473582833e+01 1.247260387461355080e+01 7.789822706636956084e+00 8.073521029658783377e+00 8.030971361782075491e+00 7.946036174729097290e+00 7.970493995619039040e+00 7.995009814563430517e+00 7.933649875194299206e+00 7.988100740255185350e+00 7.965357360319562652e+00 8.071376798860834256e+00 5.263333674868681200e+00 1.127819531736199288e+01 7.123743174524578059e+00 2.689608052487223233e+00 2.765542825096850343e+00 2.899999999999999911e+00 2.600000000000000089e+00 1.020000000000000018e+00
1.292282712988979121e+01 1.320570776991920603e+01 1.300981990043241687e+01 1.299850982458635862e+01 1.250760671428134607e+01 1.234810382582412913e+01 1.272226252858088280e+01 1.256393689744746034e+01 1.262851618818926802e+01 1.251163769237256140e+01 1.265376851147897774e+01 1.252748612688074381e+01 7.747579535524084626e+00 8.050583432105431925e+00 8.006107368256316192e+00 7.961284970080246381e+00 7.941713700882412574e+00 7.993056707644396575e+00 7.954809474998372210e+00 7.966314967366891153e+00 7.960656847229290456e+00 8.085891667825682916e+00 5.330480783617536744e+00 1.126010029293728820e+01 7.097487335533107178e+00 2.720980409849005799e+00 2.701271040929553724e+00 2.899999999999999911e+00 2.600000000000000089e+00 1.020000000000000018e+00
1.274540549347583962e+01 1.299597923733149507e+01 1.286618902776277906e+01 1.307178767783738671e+01 1.247152039906212018e+01 1.243489173204683773e+01 1.277964598560334686e+01 1.256039213013999145e+01 1.271849883385815616e+01 1.251212672165740614e+01 1.267514596825204265e+01 1.254646700496200573e+01 7.674372254573284202e+00 8.054022437646214172e+00 8.028393887369755788e+00 7.944519903780502545e+00 7.979023186729505390e+00 7.992749081043888815e+00 7.937041189312899370e+00 7.960630150796377258e+00 7.964535307763294547e+00 8.002867409323400238e+00 5.258200843040167882e+00 1.126939872690518385e+01 7.129370302922859892e+00 2.668178386341854225e+00 2.762648258922330680e+00 2.899999999999999911e+00 2.600000000000000089e+00 1.020000000000000018e+00
1.316283531177282917e+01 1.301536659624120418e+01 1.280455068204181401e+01 1.293863354635253771e+01 1.244989356236878741e+01 1.243977490221345938e+01 1.278196254798556097e+01 1.259320940614028927e+01 1.264422228890733457e+01 1.249258477733329009e+01 1.263324679921832683e+01 1.254730491711408291e+01 7.665045919349094738e+00 8.105046289579664887e+00 7.990731204396694487e+00 7.963011024509031088e+00 7.978023957330085736e+00 7.983447278698309724e+00 7.925650184217187366e+00 7.959154173802056143e+00 7.951557284131753889e+00 7.980319386570820406e+00 5.432335907765170724e+00 1.123329513042362926e+01 7.114779051672869947e+00 2.740345491008774115e+00 2.585398352107803888e+00 2.899999999999999911e+00 2.600000000000000089e+00 1.020000000000000018e+00
1.281453422218405791e+01 1.342468468995272524e+01 1.294632608528799977e+01 1.298753289769621588e+01 1.238896439248769532e+01 1.252832143355733230e+01 1.270921230858285966e+01 1.265884135066184157e+01 1.267898320759912423e+01 1.256693284606216210e+01 1.264729939887055821e+01 1.254214233953598523e+01 7.652074047310207128e+00 8.094368008706796402e+00 8.026776151346981081e+00 7.952256479111758480e+00 7.971027946573641110e+00 7.993459231608669668e+00 7.968520012857388757e+00 7.915762425831690763e+00 7.976041164892849089e+00 7.946899820862046049e+00 5.371055561247879417e+00 1.124239056962528593e+01 7.141770335813069970e+00 2.692758580710315819e+00 2.785526192854773431e+00 2.899999999999999911e+00 2.600000000000000089e+00 1.020000000000000018e+00
1.283094716858256312e+01 1.305609733425492891e+01 1.276803433843089763e+01 1.310965592556757109e+01 1.233125102438072673e+01 1.259881686100485432e+01 1.264716478618085205e+01 1.265570815254859838e+01 1.264820743699820405e+01 1.259754961898798165e+01 1.265800538519885343e+01 1.254133720608523106e+01 7.679304680185997434e+00 8.098275103382986728e+00 8.003073031670091098e+00 7.963055950419056117e+00 7.962967895900382231e+00 7.996900925202234944e+00 7.958676564469119086e+00 7.960411883739982208e+00 7.950196000665695983e+00 8.056071274736746446e+00 5.257193726095807484e+00 1.127233668186112858e+01 7.144040488268963429e+00 2.727338232942393415e+00 2.529476343176407571e+00 2.899999999999999911e+00 2.600000000000000089e+00 1.020000000000000018e+00
1.302247516675479844e+01 1.336541122469621179e+01 1.305543261397605548e+01 1.309465505561419185e+01 1.256903988175168863e+01 1.238288376955418713e+01 1.269944360021984764e+01 1.254694957542509925e+01 1.270896880902491333e+01 1.250093397216447144e+01 1.267184878769653622e+01 1.247220859183451580e+01 7.707629580476335285e+00 8.093376419376166808e+00 7.992962869602967757e+00 7.965238637494547191e+00 7.949198807980620174e+00 7.985777923346727647e+00 7.941475571362068386e+00 7.959898714126621755e+00 7.971185444919471230e+00 7.949744408648220073e+00 5.423099492620407247e+00 1.123353216632063223e+01 7.104622300679213076e+00 2.705608577717620200e+00 2.796384794758019154e+00 2.899999999999999911e+00 2.600000000000000089e+00 1.020000000000000018e+00
1.295014874819117168e+01 1.330368105904419984e+01 1.286361669448350042e+01 1.321362381279409171e+01 1.236124043202335088e+01 1.262091324529842495e+01 1.258613347110645542e+01 1.265051149383517526e+01 1.270045429997988862e+01 1.256263357375043910e+01 1.268420511323283328e+01 1.243773481833578920e+01 7.818186740869615292e+00 8.104475235237460495e+00 8.028008027440550975e+00 7.956634847104515629e+00 7.973930300050413145e+00 7.998734576501203897e+00 7.986402464034795479e+00 7.938273310161017449e+00 7.976491800699964330e+00 8.065505632529948343e+00 5.273611763786336226e+00 1.127963956998766015e+01 7.090718573973020078e+00 2.717389958807626460e+00 2.514268538498424466e+00 2.899999999999999911e+00 2.600000000000000089e+00 1.020000000000000018e+00
1.288644315237369042e+01 1.325865923144324654e+01 1.286958621584603257e+01 1.301182595282071652e+01 1.255622890699955185e+01 1.240830280620556891e+01 1.267128248296820381e+01 1.263134364181541791e+01 1.269637793519800439e+01 1.253087336593919510e+01 1.267409679048553350e+01 1.250732554741165892e+01 7.702165378139187446e+00 8.111694144092099990e+00 8.002371479666315679e+00 7.980221152800631934e+00 7.950772287426629781e+00 8.011334159588969328e+00 7.965068828307717119e+00 7.947319442959604352e+00 7.956084895894477427e+00 8.000537738265556698e+00 5.391975265521112171e+00 1.124764752283355129e+01 7.148373477595562520e+00 2.691345655301862205e+00 2.625214604851293654e+00 2.899999999999999911e+00 2.600000000000000089e+00 1.020000000000000018e+00
1.294706171173892528e+01 1.315198541184907377e+01 1.299119250243280099e+01 1.298223885151132073e+01 1.251817558972551581e+01 1.243872658439849133e+01 1.282847349641855850e+01 1.255366051049476539e+01 1.271486998323555184e+01 1.251757749453322432e+01 1.266650786842529719e+01 1.250206472423681703e+01 7.667639008515819476e+00 8.091915648548406281e+00 7.994519730741036057e+00 7.950207125184689083e+00 7.971838596538413313e+00 7.981184768975786881e+00 7.975695340034229197e+00 7.942116255375960776e+00 7.950395414011349082e+00 8.049550261514987426e+00 5.320433631579761347e+00 1.125247430018266925e+01 7.131605910580905316e+00 2.696222673126443592e+00 2.750827098027500917e+00 2.899999999999999911e+00 2.600000000000000089e+00 1.020000000000000018e+00
1.293467480823880500e+01 1.319668493891496652e+01 1.297009245696319013e+01 1.298438885404812204e+01 1.260081372990767790e+01 1.238914291956094615e+01 1.284313352725560797e+01 1.252441856487596894e+01 1.273602005661215841e+01 1.248516578829325496e+01 1.270477073697538906e+01 1.249564640411425920e+01 7.638136135367989965e+00 8.129187451278774290e+00 7.983824469446692440e+00 7.966648026782163328e+00 7.942776261868629284e+00 8.004840240263957796e+00 7.948516194984759586e+00 7.958425199982150033e+00 7.941475844466072687e+00 8.062715588059591099e+00 5.271656765086603080e+00 1.125463151342911061e+01 7.098552995228628149e+00 2.690630668301766892e+00 2.773432276272691066e+00 2.899999999999999911e+00 2.600000000000000089e+00 1.020000000000000018e+00
1.288574767796924192e+01 1.325274438764982321e+01 1.306024900060650573e+01 1.300826697282210809e+01 1.237901633280522162e+01 1.254321032654722679e+01 1.264001536604071063e+01 1.260482185253116505e+01 1.265253543201709618e+01 1.256164915751622502e+01 1.265536721410958165e+01 1.252318887383161261e+01 7.646494189755731696e+00 8.096840597785973870e+00 7.986369691321681508e+00 7.971461164273380362e+00 7.964988675290832987e+00 7.986271322043404730e+00 7.943368345197268532e+00 7.944887474776856529e+00 7.961585241424734782e+00 7.975017414834494112e+00 5.320863945880640600e+00 1.124182002286305426e+01 7.132031154520512395e+00 2.671873398684658785e+00 2.751261781995985256e+00 2.899999999999999911e+00 2.600000000000000089e+00 1.020000000000000018e+00
1.272673442417290346e+01 1.318443242653258807e+01 1.295065674200879968e+01 1.297822319710649275e+01 1.236773703802433388e+01 1.254509187931175340e+01 1.277070234576553887e+01 1.259408757516022170e+01 1.270228302274820287e+01 1.248464074575819893e+01 1.266600035710086480e+01 1.250980161400508628e+01 7.687443271425202340e+00 8.128345831075277417e+00 7.981956394654668330e+00 7.975840858709062786e+00 7.957095973930461419e+00 8.004626364852800435e+00 7.942585634900262370e+00 7.941370169231651843e+00 7.963687152062938424e+00 8.000155418537596930e+00 5.404714529642184573e+00 1.124568945292696576e+01 7.118827079565880567e+00 2.690524563366221145e+00 2.768145523245253870e+00 2.899999999999999911e+00 2.600000000000000089e+00 1.020000000000000018e+00
1.301938331483489186e+01 1.330756695408767953e+01 1.277979512969868381e+01 1.293895506235397619e+01 1.242942332073074674e+01 1.253955397776856273e+01 1.267566397252268473e+01 1.262027165316279387e+01 1.264134699812654183e+01 1.255102567241304357e+01 1.265005702268011767e+01 1.256462943560205936e+01 7.690329016570691678e+00 8.068600336586149169e+00 7.979381801063026636e+00 7.979960983258708396e+00 7.965360264259671474e+00 7.979488612686199467e+00 7.968155928133417554e+00 7.950932884514934074e+00 7.962103160082118158e+00 8.064520540067228183e+00 5.275647743365301068e+00 1.127685847442824318e+01 7.127722249316352787e+00 2.702016917804375584e+00 2.700352494487227251e+00 2.899999999999999911e+00 2.600000000000000089e+00 1.020000000000000018e+00
1.319674778462920095e+01 1.320830313150400137e+01 1.265490055857637586e+01 1.299091339321754646e+01 1.233350762560437985e+01 1.256720739453752422e+01 1.265333267192109901e+01 1.255022261563163077e+01 1.269583081862007568e+01 1.249221374597770051e+01 1.271905661098335294e+01 1.248615122287195689e+01 7.776607248463611732e+00 8.111907680579911073e+00 7.964104254892303558e+00 7.985518522559411636e+00 7.960674709649409486e+00 7.984180563985462165e+00 7.927780858688202592e+00 7.986316049036730647e+00 7.966970698878560242e+00 8.027693980666031237e+00 5.362596416503880192e+00 1.125826266059723224e+01 7.087454156873723932e+00 2.711381156307231866e+00 2.629054844871883567e+00 2.899999999999999911e+00 2.600000000000000089e+00 1.020000000000000018e+00
1.304221499206320978e+01 1.318408954886750273e+01 1.300352119137079043e+01 1.303699608588022940e+01 1.231626794100897371e+01 1.262457819339615206e+01 1.257297011889385452e+01 1.268609463613255706e+01 1.263683461722784074e+01 1.260923595415958154e+01 1.265366799896744254e+01 1.253774275675141681e+01 7.685765554004906797e+00 8.104697073674362429e+00 8.018500639038558475e+00 7.947564662821455350e+00 7.965551864689219386e+00 7.995707055971496224e+00 7.980145103956010288e+00 7.935935409081655401e+00 7.965827426438406356e+00 8.054720976237177865e+00 5.386293347593205105e+00 1.125336839293454716e+01 7.138624954882168083e+00 2.686183489005143255e+00 2.751267289580895614e+00 2.899999999999999911e+00 2.600000000000000089e+00 1.020000000000000018e+00
1.296912469313497773e+01 1.317014894412845827e+01 1.303414796023793443e+01 1.308923930462382224e+01 1.241287140460351779e+01 1.255505057447016704e+01 1.258142724061321438e+01 1.265774462787795507e+01 1.265285869555929743e+01 1.254358440519204976e+01 1.266993026611244844e+01 1.246823582982704615e+01 7.758498251458134654e+00 8.117733690681809833e+00 7.994751355050634167e+00 7.985911473875343169e+00 7.938805333684663346e+00 8.000532865380552749e+00 7.968166410329930116e+00 7.933204091017237225e+00 7.973153247194388449e+00 8.060349184695851932e+00 5.362550443633213426e+00 1.123813481661240132e+01 7.114498014130012926e+00 2.701071710770903245e+00 2.683804253491755887e+00 2.899999999999999911e+00 2.600000000000000089e+00 1.020000000000000018e+00
1.312080700178667669e+01 1.309486191048883263e+01 1.290095758386997105e+01 1.311541335935616459e+01 1.247493854078820341e+01 1.240926440275126730e+01 1.274103518720084338e+01 1.253590182136663422e+01 1.271184046599039874e+01 1.250899563675184822e+01 1.270580305285833056e+01 1.252254114753608860e+01 7.598928044524505765e+00 8.129170912113139025e+00 7.978954686279027264e+00 7.980043629551824225e+00 7.943029476082821283e+00 8.000963753487967622e+00 7.940133253166518301e+00 7.958362587771078189e+00 7.961397744933037757e+00 7.992558846318461363e+00 5.371170855555887691e+00 1.126985176679901102e+01 7.102505379503755378e+00 2.654880474085797637e+00 2.783914354153110171e+00 2.899999999999999911e+00 2.600000000000000089e+00 1.020000000000000018e+00
1.301555882460271896e+01 1.338434756789931335e+01 1.299905144288819869e+01 1.301093706520663318e+01 1.249751829037790252e+01 1.245693945382823564e+01 1.267091946852522533e+01 1.256545673713808853e+01 1.266171067799145611e+01 1.252943234937478501e+01 1.268662870705029100e+01 1.248034339663372094e+01 7.742089166997291549e+00 8.111424015175499491e+00 8.012504280989965366e+00 7.966808994314101611e+00 7.996778041138504989e+00 7.979770430157366867e+00 7.947009775178469404e+00 7.990245930008038400e+00 7.953875844302449316e+00 8.091619238256614111e+00 5.324531724070266314e+00 1.126640353907911241e+01 7.125009067042770816e+00 2.739375921209003195e+00 2.582489577194694519e+00 2.899999999999999911e+00 2.600000000000000089e+00 1.020000000000000018e+00
1.295584515399776038e+01 1.339501702603527455e+01 1.285817559241012553e+01 1.312186136520444002e+01 1.228045182376228261e+01 1.260026417590360559e+01 1.263007606322992338e+01 1.263831477550900573e+01 1.269145625569480096e+01 1.253377816177761694e+01 1.266982078935304479e+01 1.251561542126268556e+01 7.708409705318102212e+00 8.141238822745149761e+00 7.963547444849602641e+00 7.999923966120374708e+00 7.954041202262042809e+00 8.009822682488856316e+00 7.946120469666173136e+00 7.948767848711241868e+00 7.946176426556628591e+00 8.061723243809973738e+00 5.276416560077037410e+00 1.127333278793380522e+01 7.134093978391747193e+00 2.689429238700962177e+00 2.640345888450648104e+00 2.899999999999999911e+00 2.600000000000000089e+00 1.020000000000000018e+00
1.292031704300130635e+01 1.314913748846528918e+01 1.285629131091479316e+01 1.313773610656646440e+01 1.238638742718018904e+01 1.254207733407428904e+01 1.265468369599635423e+01 1.261938586688440900e+01 1.267744796860990775e+01 1.251514708669992260e+01 1.268579322032636725e+01 1.247995162100979805e+01 7.613112063650937067e+00 8.112976641486762119e+00 7.958414041133141659e+00 7.986568833846470206e+00 7.961778559136424960e+00 7.972188769270468711e+00 7.933460441310726807e+00 7.970635579130452619e+00 7.982884074538061370e+00 8.002628409362078088e+00 5.327285511044775212e+00 1.126337479343290759e+01 7.119924651016123818e+00 2.670761306184625816e+00 2.798281276319575905e+00 2.899999999999999911e+00 2.600000000000000089e+00 1.020000000000000018e+00
1.306065466303573608e+01 1.311761655395651438e+01 1.291296467079093624e+01 1.315733050222211276e+01 1.249967858599980985e+01 1.254144926857792264e+01 1.263807583322709327e+01 1.260506381590000480e+01 1.264817880870814903e+01 1.248453600647881778e+01 1.264260072521619094e+01 1.249298876493553934e+01 7.743345621946267521e+00 8.031315919100780576e+00 7.985768020949576496e+00 7.960700978634506875e+00 7.949542198327219644e+00 7.966580471731212754e+00 7.980617939681253326e+00 7.930645135544055258e+00 7.977482050705033245e+00 7.974624258517453157e+00 5.267212499289859018e+00 1.125865572909973267e+01 7.112331836653838835e+00 2.685479315028737712e+00 2.780918567703204669e+00 2.899999999999999911e+00 2.600000000000000089e+00 1.020000000000000018e+00
1.309494953300770348e+01 1.316364057038975588e+01 1.295673661548977762e+01 1.312017571886591405e+01 1.244768939729776314e+01 1.254160432713079310e+01 1.269746353175337106e+01 1.259293950534332041e+01 1.266634931206906067e+01 1.252497900405044362e+01 1.266738366681505212e+01 1.251754184499854716e+01 7.652151689051772898e+00 8.069418313227030737e+00 7.969872458171507468e+00 7.972797598325011670e+00 7.958747363195366908e+00 7.986880071071977838e+00 7.935620109851906356e+00 7.960275200022810971e+00 7.961784767947682973e+00 8.016371462692038818e+00 5.259813336729538769e+00 1.126491890348411751e+01 7.106607659557203860e+00 2.719214963969478482e+00 2.691086387800268209e+00 2.899999999999999911e+00 2.600000000000000089e+00 1.020000000000000018e+00
1.306732119792890501e+01 1.318169332142602990e+01 1.289940359581605911e+01 1.305447195951863293e+01 1.219435003968671616e+01 1.266454696713664951e+01 1.260836345930149882e+01 1.263564820500608299e+01 1.270074763356685033e+01 1.253063557793290173e+01 1.266975430647537060e+01 1.254021477691749631e+01 7.527327166593003938e+00 8.094615254668205750e+00 7.997246616337510439e+00 7.958012472283053640e+00 7.968093768998061321e+00 7.986524997626404776e+00 7.956639558974406334e+00 7.938404216479995057e+00 7.968670018523368981e+00 8.064897849947849195e+00 5.411104378723776698e+00 1.124884296231659420e+01 7.106103123873499960e+00 2.735829495681669332e+00 2.701787930038337837e+00 2.899999999999999911e+00 2.600000000000000089e+00 1.020000000000000018e+00
1.316289692831349711e+01 1.320975556106007609e+01 1.283237944479517090e+01 1.302142174037467548e+01 1.235843557979105078e+01 1.256889824397233291e+01 1.265459640253337170e+01 1.261404544417274387e+01 1.269196856107304860e+01 1.250528835606144362e+01 1.268111035370750272e+01 1.250661232782277388e+01 7.682762769536340741e+00 8.063435998300006347e+00 7.990570214567455309e+00 7.968777463738980771e+00 7.960797530618791029e+00 7.991117193178363998e+00 7.940998595669716664e+00 7.963199952619492983e+00 7.976959819529889195e+00 7.937410764017122311e+00 5.339058846951250992e+00 1.123555098779949724e+01 7.151804228143485709e+00 2.676823895486593941e+00 2.676175812389426589e+00 2.899999999999999911e+00 2.600000000000000089e+00 1.020000000000000018e+00
1.278006539709827472e+01 1.340352654146013656e+01 1.292872001174089114e+01 1.308015647848002772e+01 1.251867728687111736e+01 1.251540407985635639e+01 1.271729079803247586e+01 1.264858051454318044e+01 1.269343119885219018e+01 1.257623175808526561e+01 1.268602598490422650e+01 1.252878324631325313e+01 7.609980425528075187e+00 8.072227705745717685e+00 7.983923997154614760e+00 7.972264929118754395e+00 7.956012341127895127e+00 7.964035981519928420e+00 7.966000041155458788e+00 7.952578712414720030e+00 7.934917034234796773e+00 8.139281098116018853e+00 5.257049449407299235e+00 1.127215334363930310e+01 7.110949805549640068e+00 2.672061670364536123e+00 2.806161411032388031e+00 2.899999999999999911e+00 2.600000000000000089e+00 1.020000000000000018e+00
1.296567295811667897e+01 1.319144641461074130e+01 1.286255124173789532e+01 1.311029294032611148e+01 1.236236248101347712e+01 1.257563342422474939e+01 1.273269927672043345e+01 1.262052255676510804e+01 1.270425815781776713e+01 1.249233156550310575e+01 1.267406114524794525e+01 1.251504373989493324e+01 7.703378728080537030e+00 8.090721713368942858e+00 7.999578048496251093e+00 7.952297237847904654e+00 7.980875033988545475e+00 7.972476435170062103e+00 7.958944636053701949e+00 7.964677792758531716e+00 7.962135872948549853e+00 8.015797499866790687e+00 5.291596470710054234e+00 1.127376361705108643e+01 7.129035652306124682e+00 2.732866903523638591e+00 2.622921524327531451e+00 2.899999999999999911e+00 2.600000000000000089e+00 1.020000000000000018e+00
1.286160307907959144e+01 1.316494354244415987e+01 1.283177315034340360e+01 1.295236970981059166e+01 1.241644812492965144e+01 1.247060335894528649e+01 1.284627246160398428e+01 1.255995048303381623e+01 1.273287111158631468e+01 1.251069821769040047e+01 1.268551995585699999e+01 1.252422629408480148e+01 7.637366144157603287e+00 8.128100818386723603e+00 7.982371624323299386e+00 7.989841925626476993e+00 7.957711816721060316e+00 7.998097116170892029e+00 7.959468904077575679e+00 7.951276474533512939e+00 7.959918515578793929e+00 7.993319603471425339e+00 5.393725707505380385e+00 1.123810832416261896e+01 7.130554809644452874e+00 2.700930406350069202e+00 2.717613697822961694e+00 2.899999999999999911e+00 2.600000000000000089e+00 1.020000000000000018e+00
1.294432136946250900e+01 1.345752184410622654e+01 1.292955829962413361e+01 1.312523222978660264e+01 1.243869192642174504e+01 1.248647731125901394e+01 1.284532875320781997e+01 1.258043268616007992e+01 1.273914500427216190e+01 1.248449061891713541e+01 1.269204319903303890e+01 1.251159743580994821e+01 7.619988169194685135e+00 8.115366696569132898e+00 7.978187723630329131e+00 7.988958042505879931e+00 7.962649132410216879e+00 7.996270573357480593e+00 7.947221464960350090e+00 7.936817025547163951e+00 7.973577459258534006e+00 7.949590524727605079e+00 5.461912409256057366e+00 1.124287830247385145e+01 7.119909020450558401e+00 2.652748987450019857e+00 2.823331101258327980e+00 2.899999999999999911e+00 2.600000000000000089e+00 1.020000000000000018e+00
1.340118915631210861e+01 1.329546035226366207e+01 1.269775580908676282e+01 1.314935121531182283e+01 1.236576905633860157e+01 1.251587014785525120e+01 1.273909598600290138e+01 1.252671510418073986e+01 1.266177693775575896e+01 1.250786244792398882e+01 1.266171216835578939e+01 1.248561326298916185e+01 7.767695222227096075e+00 8.061822580035999053e+00 7.979567966931858436e+00 7.992810320759496712e+00 7.929907951517901843e+00 7.992262243461012439e+00 7.942253743961965817e+00 7.980117116521196152e+00 7.953603320317283121e+00 8.068198859399334566e+00 5.304304374850586257e+00 1.126876078125684089e+01 7.130503719118186368e+00 2.689527886290594694e+00 2.757404758744724571e+00 2.899999999999999911e+00 2.600000000000000089e+00 1.020000000000000018e+00
1.283416473930092039e+01 1.320026954784779250e+01 1.293252949202619817e+01 1.308866875473548497e+01 1.246650606697953911e+01 1.263836658220268205e+01 1.278874874860460764e+01 1.264778406220664486e+01 1.271974859931556345e+01 1.254253619741701264e+01 1.265304930900977709e+01 1.251968752626704529e+01 7.632147702978231862e+00 8.052186169499265134e+00 7.998811936055440164e+00 7.953063676528409509e+00 7.974037165624861423e+00 7.982423425339165490e+00 7.939495489088398195e+00 7.941756781310699509e+00 7.968197009794844909e+00 8.052213869798718449e+00 5.306600473075515190e+00 1.124599718842049612e+01 7.146050102699936346e+00 2.656247336566614159e+00 2.734701984131971741e+00 2.899999999999999911e+00 2.600000000000000089e+00 1.020000000000000018e+00
1.323356141103732675e+01 1.330307533830335309e+01 1.298881022163370602e+01 1.304209886692260945e+01 1.242697401822259806e+01 1.261229561328194215e+01 1.260561123028169739e+01 1.264373442070075448e+01 1.269269071824228057e+01 1.252090399653033614e+01 1.267227575411667395e+01 1.248496446946256633e+01 7.731804387973945758e+00 8.126318569549841442e+00 7.979527447605748058e+00 7.976306375146682726e+00 7.965556252010571825e+00 7.983044036538209376e+00 7.976249927597010903e+00 7.940056530658525347e+00 7.954499442785307295e+00 8.101615487904304302e+00 5.362551384581044189e+00 1.127134744252817455e+01 7.131962753896852192e+00 2.679084588416989821e+00 2.681789518344318779e+00 2.899999999999999911e+00 2.600000000000000089e+00 1.020000000000000018e+00
1.318397955262814492e+01 1.307794768209627101e+01 1.298308661929596219e+01 1.295371781170111802e+01 1.241109371003136630e+01 1.246971100978148783e+01 1.265155576168897333e+01 1.260162474339674432e+01 1.268530263353441079e+01 1.255623706381180682e+01 1.269150354033151729e+01 1.248680216594523529e+01 7.719730981818404558e+00 8.114900363304050401e+00 7.991614977700152167e+00 7.984049155129949504e+00 7.964011490862000109e+00 8.016938596136846229e+00 7.940615861430700306e+00 7.967574984530860327e+00 7.972011472565281309e+00 8.061896642384464684e+00 5.254361057564948645e+00 1.127242505312993615e+01 7.133628771474212371e+00 2.737872231366657250e+00 2.586874437712450181e+00 2.899999999999999911e+00 2.600000000000000089e+00 1.020000000000000018e+00
1.297943845982341671e+01 1.315924796291204757e+01 1.276593721360918110e+01 1.308160194863937953e+01 1.257744297198124528e+01 1.241655582620588483e+01 1.275083139348466510e+01 1.259025863912281551e+01 1.274617099242649054e+01 1.255170730892877984e+01 1.269833221888222319e+01 1.253058753808626768e+01 7.706906385222239919e+00 8.090970804207927358e+00 8.002892763871322757e+00 7.967921165754797919e+00 7.973149797843236186e+00 8.000308637663298583e+00 7.967678172175244100e+00 7.957469643867534081e+00 7.952016015270989335e+00 8.076101689766529645e+00 5.260702107964092100e+00 1.125721918721469628e+01 7.132494791101786191e+00 2.701216791387586635e+00 2.653325752347990285e+00 2.899999999999999911e+00 2.600000000000000089e+00 1.020000000000000018e+00
1.291801318290199951e+01 1.329711363598762297e+01 1.264544181660334665e+01 1.303363306810993727e+01 1.245710681680793996e+01 1.245408423128714226e+01 1.274075919569227011e+01 1.256893207604147022e+01 1.274913651947740512e+01 1.252536919354690603e+01 1.268326602395917746e+01 1.255411094757754320e+01 7.570206532027148327e+00 8.086015762427798848e+00 7.978696446508111606e+00 7.975022147851106524e+00 7.961793019110613656e+00 7.987122786362132132e+00 7.957703578687390866e+00 7.949088617811612245e+00 7.984121428024214318e+00 7.880680280013240058e+00 5.423995334320994566e+00 1.125125588645900798e+01 7.157239328336075346e+00 2.687217748736993705e+00 2.666027158565614119e+00 2.899999999999999911e+00 2.600000000000000089e+00 1.020000000000000018e+00
1.338317248371984292e+01 1.332400675451837380e+01 1.284974701599964497e+01 1.318273074465407468e+01 1.245893579449586497e+01 1.240569211153952978e+01 1.270181346545839141e+01 1.254613276551652312e+01 1.272258084753318208e+01 1.250274405764210250e+01 1.270414447877695885e+01 1.248997599801824876e+01 7.657088464711127251e+00 8.112829196928940334e+00 8.006437426866948925e+00 7.961104250115154102e+00 7.983492651628725234e+00 7.995714774280619608e+00 7.943186547729710334e+00 7.942730727623033005e+00 7.989765777489380660e+00 7.966963878134404098e+00 5.390638603119162653e+00 1.123726642931710806e+01 7.141756532973318805e+00 2.687686696004310427e+00 2.696019238322501010e+00 2.899999999999999911e+00 2.600000000000000089e+00 1.020000000000000018e+00
1.288983489875233346e+01 1.343660323575773319e+01 1.279536556542312908e+01 1.304573660203091556e+01 1.240945899202931102e+01 1.244940014623361080e+01 1.270650136789623019e+01 1.263036329808798541e+01 1.267899831025286872e+01 1.253328476970767724e+01 1.266394350532963031e+01 1.252508271496514602e+01 7.687584730328286931e+00 8.103231334623655968e+00 7.991571023929623152e+00 7.960046088502098272e+00 7.985710612185560109e+00 7.977145929532785118e+00 7.972302177588344918e+00 7.953913320699006917e+00 7.954959618302442692e+00 8.022117494607657662e+00 5.436868308019291440e+00 1.124987432693935041e+01 7.128051164565882836e+00 2.696829731887659509e+00 2.676538229596070906e+00 2.899999999999999911e+00 2.600000000000000089e+00 1.020000000000000018e+00
1.294960787564323113e+01 1.331792185179912025e+01 1.307839963957430562e+01 1.302694274859754131e+01 1.249652660661726600e+01 1.238358563736346163e+01 1.273103707933154460e+01 1.256271715935922728e+01 1.270464861565312020e+01 1.249619339258453188e+01 1.266613625603968174e+01 1.247987615306560727e+01 7.586123352687214272e+00 8.141562825323585884e+00 7.954767329958653654e+00 7.983353040586593785e+00 7.945160652294879000e+00 7.978304658598879939e+00 7.954115243762011289e+00 7.925676144209587548e+00 7.965864147211588531e+00 7.977979778000831246e+00 5.304338763970751103e+00 1.122740802692286266e+01 7.139253760159344431e+00 2.700353905235488128e+00 2.776831667906593193e+00 2.899999999999999911e+00 2.600000000000000089e+00 1.020000000000000018e+00
1.315184645843422118e+01 1.294351283245218731e+01 1.285240912203582120e+01 1.296145732720910360e+01 1.245128507967531206e+01 1.240116942908994879e+01 1.271287247295792611e+01 1.260274277056678116e+01 1.265308329121170061e+01 1.254382256216994307e+01 1.263577568177387356e+01 1.254747967525928054e+01 7.602208342195839741e+00 8.082858367739056860e+00 8.020006115984610773e+00 7.950807017650532771e+00 7.959222405220553576e+00 7.999900584876925791e+00 7.955212617590466273e+00 7.948205343095213316e+00 7.962799957768878834e+00 8.014203658355359750e+00 5.383736320379227891e+00 1.123862218446822325e+01 7.151421989058337481e+00 2.716835046168970091e+00 2.690120770893154045e+00 2.899999999999999911e+00 2.600000000000000089e+00 1.020000000000000018e+00
1.307161801949660607e+01 1.319232877749447752e+01 1.298305207571254805e+01 1.298279958406582502e+01 1.250813984519341382e+01 1.243163362452641785e+01 1.275079355439084416e+01 1.263945479954323581e+01 1.266891546154050374e+01 1.257928256531226552e+01 1.265534648575689758e+01 1.255438553142485247e+01 7.628552389429299474e+00 8.083614047395485613e+00 8.008247574820682502e+00 7.960407483289106523e+00 7.965468499929748702e+00 8.005432904277540729e+00 7.958293855144089157e+00 7.940834366664122790e+00 7.975209575150961960e+00 7.959744469716433457e+00 5.452269302804747753e+00 1.121894712222910861e+01 7.158910358509977812e+00 2.739534107501915727e+00 2.574358887004950525e+00 2.899999999999999911e+00 2.600000000000000089e+00 1.020000000000000018e+00
1.270616255136353345e+01 1.318630434772924787e+01 1.308567193966492859e+01 1.299297447638056724e+01 1.240215520618079204e+01 1.245023499494283925e+01 1.270030313059502625e+01 1.254441392388021193e+01 1.276168153463857990e+01 1.247415480799723220e+01 1.270536294201174954e+01 1.245857852751135475e+01 7.760983627538141860e+00 8.117647466929854616e+00 8.004538841475147493e+00 7.980585368915477318e+00 7.937306379337123907e+00 8.026071626136598525e+00 7.964217367922206137e+00 7.959744173174436277e+00 7.958027516931160505e+00 8.096144182341674878e+00 5.244111208955372305e+00 1.127371773839532842e+01 7.123533234345921450e+00 2.674986886274158149e+00 2.792293274478932830e+00 2.899999999999999911e+00 2.600000000000000089e+00 1.020000000000000018e+00
1.306542284602189774e+01 1.299035683658458140e+01 1.293572352289270633e+01 1.306837938723907833e+01 1.241979962472872145e+01 1.250935762204215251e+01 1.265993486511100485e+01 1.265608345854861838e+01 1.265057730620701371e+01 1.250634346887646053e+01 1.264615253589903787e+01 1.248901581437134567e+01 7.748734637681811144e+00 8.077572688294473835e+00 7.990667268763594677e+00 7.973309911096895242e+00 7.961763894213269133e+00 7.973130639933016184e+00 7.946389991177706946e+00 7.949903477089968362e+00 7.966946867695048340e+00 8.091691072366907989e+00 5.369816555576619521e+00 1.124435832331284324e+01 7.147633194043221394e+00 2.678994463021223460e+00 2.769352677140381136e+00 2.899999999999999911e+00 2.600000000000000089e+00 1.020000000000000018e+00
1.297073836219719034e+01 1.327136484882760747e+01 1.295732714949197018e+01 1.296530524494907510e+01 1.233639277604395268e+01 1.253517066910455746e+01 1.265522657703590603e+01 1.256881358749172506e+01 1.270645186416625094e+01 1.251260518456867921e+01 1.267244203581685724e+01 1.251935701272354251e+01 7.662019176669103260e+00 8.090334758389021275e+00 7.995745101755656670e+00 7.954217247158982929e+00 7.983251588297017420e+00 7.993984443992641076e+00 7.939865597857774127e+00 7.956405730403885990e+00 7.964105080893889799e+00 8.018362127505229253e+00 5.219845606991301068e+00 1.128137028096597305e+01 7.111489858229230521e+00 2.706243661609470497e+00 2.785244894559808504e+00 2.899999999999999911e+00 2.600000000000000089e+00 1.020000000000000018e+00
1.313939348359844850e+01 1.321413131326882251e+01 1.275947125739928012e+01 1.307666087565745983e+01 1.246327673503856381e+01 1.260277632468172548e+01 1.266167846542128572e+01 1.262426237419141550e+01 1.267109519167626885e+01 1.255198110410333534e+01 1.264272178569746963e+01 1.253097863490597597e+01 7.657191580589462809e+00 8.064136048424277448e+00 8.009099368444225320e+00 7.956045362041971991e+00 7.949526106299640738e+00 7.990715708853063148e+00 7.936379484570061926e+00 7.978283176119491671e+00 7.950019254334127261e+00 8.015683739514383177e+00 5.214546046331088647e+00 1.130406682628446724e+01 7.119569750471320901e+00 2.701307778516137681e+00 2.760024594957208421e+00 2.899999999999999911e+00 2.600000000000000089e+00 1.020000000000000018e+00
1.284324959669248756e+01 1.325698064295112388e+01 1.282790565962880436e+01 1.309510145036203888e+01 1.247010319065315720e+01 1.250338481559772497e+01 1.271925391046590548e+01 1.266325112776918616e+01 1.261146506056509686e+01 1.257988679926435793e+01 1.261036563103966834e+01 1.253032785022034901e+01 7.676375484006444871e+00 8.063274094109608825e+00 7.969938774386690739e+00 7.973506920747944982e+00 7.953102961199555843e+00 7.992752820805281821e+00 7.944045053745772300e+00 7.947778479797433349e+00 7.961427887118150970e+00 8.112638519571129692e+00 5.310181085305035076e+00 1.125361547939796303e+01 7.134420369143744445e+00 2.714199374356572214e+00 2.623425828850164621e+00 2.899999999999999911e+00 2.600000000000000089e+00 1.020000000000000018e+00
1.311440092130738577e+01 1.275252594989163235e+01 1.299622888350048733e+01 1.288051581495083120e+01 1.233796607681724566e+01 1.253685744529453316e+01 1.267363253853355509e+01 1.256436436905793208e+01 1.268593389942892458e+01 1.249699324192507177e+01 1.264424803320651947e+01 1.249913613658447709e+01 7.798743663651046099e+00 8.094101391530845291e+00 8.004438283631623463e+00 7.961232492947945438e+00 7.968782722621465808e+00 7.995103841275477130e+00 7.963754311886104276e+00 7.943123361496937207e+00 7.994840280534524446e+00 7.980595143492799082e+00 5.370627201426620090e+00 1.123120107167812698e+01 7.154736264333920737e+00 2.676801806528309680e+00 2.771067215879791323e+00 2.899999999999999911e+00 2.600000000000000089e+00 1.020000000000000018e+00
1.315439722822611834e+01 1.326379098789501043e+01 1.288841074017957844e+01 1.308716078077943301e+01 1.246169974995219221e+01 1.244699936907018945e+01 1.272495464571461099e+01 1.257534005624273732e+01 1.265968471957163821e+01 1.251542703072540519e+01 1.263429910623671759e+01 1.253287628488538274e+01 7.612219612036621008e+00 8.057232257606065318e+00 7.979474311590039726e+00 7.949900228833821636e+00 7.953251815870470587e+00 7.962649582539697235e+00 7.973170381959997499e+00 7.937094733084230747e+00 7.964529690971869691e+00 8.026778841977201040e+00 5.212173124316635153e+00 1.126390535520414460e+01 7.116170524943816744e+00 2.691504598991804720e+00 2.693379008191251867e+00 2.899999999999999911e+00 2.600000000000000089e+00 1.020000000000000018e+00
1.271395943687004682e+01 1.339011091348395510e+01 1.285774878552932776e+01 1.307429673838396056e+01 1.244067179880005014e+01 1.250434114689179310e+01 1.263571893590677142e+01 1.255909489008038804e+01 1.267751495430287179e+01 1.251567811792790330e+01 1.272598976262754888e+01 1.247942847414343071e+01 7.702564000595033100e+00 8.106038040741662343e+00 8.000202967110995544e+00 7.970190729063197921e+00 7.976271288410186067e+00 7.980769394632973857e+00 7.959121913923100422e+00 7.974152990595347212e+00 7.973280901085971095e+00 8.014480343939984763e+00 5.342052824216841245e+00 1.125948167827990964e+01 7.117059242321318813e+00 2.679336151359494433e+00 2.620237371300994322e+00 2.899999999999999911e+00 2.600000000000000089e+00 1.020000000000000018e+00
1.284134606377118537e+01 1.334068930191862279e+01 1.297546445255545855e+01 1.314352507348962718e+01 1.252189508844353760e+01 1.238114692907867997e+01 1.266836231897107012e+01 1.260694931819274878e+01 1.272097767997814444e+01 1.250269296926643747e+01 1.267895931851312419e+01 1.246402368374196179e+01 7.718562318719823345e+00 8.084158715133419548e+00 8.025482894198425754e+00 7.945911066812305634e+00 7.951535348712217122e+00 7.987599896157022705e+00 7.974513318648043025e+00 7.954145082965789371e+00 7.965908774407576054e+00 8.015087593979256297e+00 5.487706122370288320e+00 1.122509151191194476e+01 7.124187007709658737e+00 2.687320131717170657e+00 2.757030650660446724e+00 2.899999999999999911e+00 2.600000000000000089e+00 1.020000000000000018e+00
1.292827473003524830e+01 1.338259094665436599e+01 1.302469148286381717e+01 1.309725419665224244e+01 1.240542521870333026e+01 1.256674230655911728e+01 1.266528356414090872e+01 1.259295509144243930e+01 1.269839291290382732e+01 1.250661006910477546e+01 1.265633767432940893e+01 1.251876307034866720e+01 7.675421966964658615e+00 8.059140896740014881e+00 7.989232204848404351e+00 7.966791269219970495e+00 7.948344154294584740e+00 7.992305280106123178e+00 7.947992540984504473e+00 7.969281426275756530e+00 7.956020176073439032e+00 8.028403840531346702e+00 5.293723386811858056e+00 1.126666592081804197e+01 7.135341425958609207e+00 2.675327279190983010e+00 2.741232367951718985e+00 2.899999999999999911e+00 2.600000000000000089e+00 1.020000000000000018e+00
1.284742749253669203e+01 1.336921821239810626e+01 1.294519046377608262e+01 1.316582145579469554e+01 1.242244788014306778e+01 1.252587059210838127e+01 1.267775350034197324e+01 1.257936462120055410e+01 1.273623329607022825e+01 1.248831483522295294e+01 1.271497297649279190e+01 1.248387850339458893e+01 7.722083747385653396e+00 8.118176574581918103e+00 7.981220429003746730e+00 7.994331658365799953e+00 7.973565554963658819e+00 7.996966029378476115e+00 7.963263449607188349e+00 7.964551076344682734e+00 7.965235962734233510e+00 8.003835746410860708e+00 5.233808566345429014e+00 1.128509574254605674e+01 7.104409712183050729e+00 2.745820459456513873e+00 2.516331991612933638e+00 2.899999999999999911e+00 2.600000000000000089e+00 1.020000000000000018e+00
1.344951233530652601e+01 1.347962033099978107e+01 1.273848969535849918e+01 1.301107483522938679e+01 1.233401317821696708e+01 1.251641727675593607e+01 1.265229993780638829e+01 1.257746388318869002e+01 1.267704407692232849e+01 1.249832557810683653e+01 1.265470840071176184e+01 1.254370830692018579e+01 7.681670248731428785e+00 8.086632412757454702e+00 7.975048554434413184e+00 7.977073405516630800e+00 7.947124990624175211e+00 7.981003104004606108e+00 7.957988830867340546e+00 7.952395167048303293e+00 7.970222409636239291e+00 7.943367902319819152e+00 5.398320020345784620e+00 1.125527312119522350e+01 7.129203567790537655e+00 2.666780482665656482e+00 2.829175936090531973e+00 2.899999999999999911e+00 2.600000000000000089e+00 1.020000000000000018e+00
1.291500710284435094e+01 1.341841548222848424e+01 1.303667033231262629e+01 1.291178522393694905e+01 1.255986393000372203e+01 1.241381535596171304e+01 1.277099411519884242e+01 1.256103420689348837e+01 1.270017923142555105e+01 1.250832233250690528e+01 1.263669967377968462e+01 1.248070678315691140e+01 7.713294544056953583e+00 8.100572785121483932e+00 7.988426172181458007e+00 7.975525949565043682e+00 7.940476309474835404e+00 7.986992263913777812e+00 7.944103312700010022e+00 7.956906910404794253e+00 7.956114095426317867e+00 7.974312410313353361e+00 5.258336315781465764e+00 1.126634409904264622e+01 7.128728798461136051e+00 2.717547537371959532e+00 2.721249611728241202e+00 2.899999999999999911e+00 2.600000000000000089e+00 1.020000000000000018e+00
1.288922140427305685e+01 1.326676952625148331e+01 1.274305941453594926e+01 1.307318305910123968e+01 1.242697668462032645e+01 1.252023037997796173e+01 1.278830178303558007e+01 1.263691998794856630e+01 1.266101846746547643e+01 1.254252821789929051e+01 1.261209173304336062e+01 1.256592755721356980e+01 7.645084148500913557e+00 8.085734701802405056e+00 7.985541207234835959e+00 7.985467604918667917e+00 7.961807910655501530e+00 7.982237293226673636e+00 7.953326308767050712e+00 7.925981137353450556e+00 7.964211990943943498e+00 8.025073081002148001e+00 5.310957139449100417e+00 1.126119611588820568e+01 7.137073181867690685e+00 2.672641196951427212e+00 2.888870485914496911e+00 2.899999999999999911e+00 2.600000000000000089e+00 1.020000000000000018e+00
1.305077200011492877e+01 1.332732377816081915e+01 1.291043757154708516e+01 1.312915603272641363e+01 1.245890190602203162e+01 1.245955144482941535e+01 1.264858774904068106e+01 1.257359931071382242e+01 1.266221284540047698e+01 1.253153789190371548e+01 1.264910265575567472e+01 1.248682680653824661e+01 7.771737700797802795e+00 8.073603409915790508e+00 7.999467861554099279e+00 7.965893274390634105e+00 7.944194096001257144e+00 7.990582936302692119e+00 7.943353713202118804e+00 7.980005609133052680e+00 7.930127165776523768e+00 8.207222820010395381e+00 5.273025499858617238e+00 1.125006295087817776e+01 7.117885332790809372e+00 2.723079643595267996e+00 2.685235300716987350e+00 2.899999999999999911e+00 2.600000000000000089e+00 1.020000000000000018e+00
1.304102581524850457e+01 1.326239514423179777e+01 1.296949177330872871e+01 1.310168519098865936e+01 1.244520674680180683e+01 1.253468635918411955e+01 1.266802025740269144e+01 1.262009569534747655e+01 1.270716541866365468e+01 1.255114408391486513e+01 1.265724986301672317e+01 1.252707402484170984e+01 7.736278410944396278e+00 8.082670521980642064e+00 8.015920254147145485e+00 7.945464382080162480e+00 7.992659959595630248e+00 7.990379222168561668e+00 7.968392628429028512e+00 7.961928676713352360e+00 7.969207470992907716e+00 8.026370789253844507e+00 5.310707916652503080e+00 1.126764481271425566e+01 7.130004281990035331e+00 2.674722471659629619e+00 2.762912124710704465e+00 2.899999999999999911e+00 2.600000000000000089e+00 1.020000000000000018e+00
1.290415013385742427e+01 1.320005120190467984e+01 1.300087290469940804e+01 1.319821024442198976e+01 1.260062276268251580e+01 1.237823203960511087e+01 1.271331140993693687e+01 1.259161950861723156e+01 1.271684160547791897e+01 1.251838536799245105e+01 1.271445675188805957e+01 1.248287126353103460e+01 7.686895396232705124e+00 8.112549212482132788e+00 7.996151074044457907e+00 7.960173491720085259e+00 7.966916294303445056e+00 8.000773797120455555e+00 7.956122738291178109e+00 7.972363180503987401e+00 7.959373310043788230e+00 7.957003423654887442e+00 5.401711261629875693e+00 1.125017346775906368e+01 7.106120977348838963e+00 2.693102119516259219e+00 2.613773708909137294e+00 2.899999999999999911e+00 2.600000000000000089e+00 1.020000000000000018e+00
1.307523081070648630e+01 1.330432465919606955e+01 1.291969901818626631e+01 1.308171523414575432e+01 1.248217359483040667e+01 1.238552967836519514e+01 1.261163746813187281e+01 1.258327810447878470e+01 1.267121156555018047e+01 1.250027440501609632e+01 1.268830124904544476e+01 1.248173809040102711e+01 7.687933178950714819e+00 8.148685282683921116e+00 7.954255845141005921e+00 7.966704093159118649e+00 7.969027242287951118e+00 7.980086208556039118e+00 7.947753420345429198e+00 7.963215445544696180e+00 7.930867313312548461e+00 8.081352259614442701e+00 5.229581502178215047e+00 1.127505269397956233e+01 7.107093319032081524e+00 2.709468252519811937e+00 2.813980347001836524e+00 2.899999999999999911e+00 2.600000000000000089e+00 1.020000000000000018e+00
1.276949950071130857e+01 1.330361668931135988e+01 1.264892719367283291e+01 1.321940534186753702e+01 1.233307599346395911e+01 1.244028192019636769e+01 1.272051044589071189e+01 1.256533638595064950e+01 1.262842030302600271e+01 1.249778944209592169e+01 1.267915167731231385e+01 1.250233003863545278e+01 7.705073779777599441e+00 8.090333795492393065e+00 7.990698006744549886e+00 7.964286956082026414e+00 7.980250104538105127e+00 7.988528514177894557e+00 7.960298444400838669e+00 7.965971769337985897e+00 7.963117520216969503e+00 8.080647422745673936e+00 5.203452728524156079e+00 1.132312084727397128e+01 7.094581079896254749e+00 2.743234109616216720e+00 2.618230594594877836e+00 2.899999999999999911e+00 2.600000000000000089e+00 1.020000000000000018e+00
1.312348384130179291e+01 1.311614462835929906e+01 1.317606779081477875e+01 1.313933237434563317e+01 1.252268461241422237e+01 1.242732869086433922e+01 1.275370957319204557e+01 1.255423419008076458e+01 1.272899503636271312e+01 1.253665398726333002e+01 1.270654205039456563e+01 1.246963575792907974e+01 7.648829110245282337e+00 8.119733424691842671e+00 7.997249582178977079e+00 7.974735941076772860e+00 7.951405979741100083e+00 8.004344189202127424e+00 7.935986584530983379e+00 7.947397438920461354e+00 7.953462387236865716e+00 8.007510531893958117e+00 5.304931581882097902e+00 1.126237379115107728e+01 7.101929170741718700e+00 2.666827403827640275e+00 2.849068940196923361e+00 2.899999999999999911e+00 2.600000000000000089e+00 1.020000000000000018e+00
1.313944177961976578e+01 1.330624881277709193e+01 1.299557849455560365e+01 1.303223960251091462e+01 1.247753687330994232e+01 1.253088221044146877e+01 1.273194177925229909e+01 1.258988038848816160e+01 1.272508049526410190e+01 1.252471267548253842e+01 1.267677642612290789e+01 1.252970567713239092e+01 7.666687139218972824e+00 8.069104417017419095e+00 8.020230725090526036e+00 7.954067668260743851e+00 7.983032435187840115e+00 7.977685210105613045e+00 7.936730100100526819e+00 7.978464788451558931e+00 7.949471550273587539e+00 8.028905463001883902e+00 5.309925272905332783e+00 1.126588321574874563e+01 7.133367079096147201e+00 2.667354483249951169e+00 2.702958876941917499e+00 2.899999999999999911e+00 2.600000000000000089e+00 1.020000000000000018e+00
1.292304220778147084e+01 1.340128174420387452e+01 1.283521974434579427e+01 1.309194996408104394e+01 1.242125522566173679e+01 1.246101853216867994e+01 1.265526467793157472e+01 1.258903439885867748e+01 1.267913316610360042e+01 1.250416202767260110e+01 1.264674290181367766e+01 1.246512711770507487e+01 7.706830852594197978e+00 8.111211012731196490e+00 7.991733876307303142e+00 7.957256494387052292e+00 7.994964415212952424e+00 7.951034533885541045e+00 7.944603854565235324e+00 7.965083396585342257e+00 7.962125021391663893e+00 7.958701508832525029e+00 5.459204664164950316e+00 1.119757036485923507e+01 7.133821798039381434e+00 2.710571434176026084e+00 2.581312063845637272e+00 2.899999999999999911e+00 2.600000000000000089e+00 1.020000000000000018e+00
1.283178862769086415e+01 1.334064308476141036e+01 1.317675388219966415e+01 1.313702566516419701e+01 1.239664388818913743e+01 1.257277762510308605e+01 1.255636156616763977e+01 1.264310771097539110e+01 1.267754289004029644e+01 1.254023917889979423e+01 1.265706955850359883e+01 1.246664091898533933e+01 7.750125466230630700e+00 8.079488965868913297e+00 8.018869115182315710e+00 7.944972607280988974e+00 7.963529570560994308e+00 7.974201074995959537e+00 7.984518482267048967e+00 7.923427913698267488e+00 7.968973525529428059e+00 8.025910021365163516e+00 5.265769655229237678e+00 1.126175535863153421e+01 7.104345108705266476e+00 2.712135985307436936e+00 2.576965035415593963e+00 2.899999999999999911e+00 2.600000000000000089e+00 1.020000000000000018e+00
1.309204545691060773e+01 1.318544288751690985e+01 1.295491508607860176e+01 1.290742076068792699e+01 1.255146170539631711e+01 1.250220610067407634e+01 1.271898684640036237e+01 1.263830883387643134e+01 1.264576842934247125e+01 1.254290889117212693e+01 1.266201032567094309e+01 1.254036515844909871e+01 7.676338937023679421e+00 8.105829229729746288e+00 7.963322417560038780e+00 7.991397056400909804e+00 7.934971640271855975e+00 7.994949732247529361e+00 7.953990709359582745e+00 7.934714991990781563e+00 7.963207677502906812e+00 8.048040620941733891e+00 5.380717819104246402e+00 1.124830963150352048e+01 7.136647984726184113e+00 2.650148375743982321e+00 2.763076823771459356e+00 2.899999999999999911e+00 2.600000000000000089e+00 1.020000000000000018e+00
1.305855160013959626e+01 1.336895045218997424e+01 1.302395862195853127e+01 1.298467371173430251e+01 1.250327991645633041e+01 1.255051312401084829e+01 1.264711474275753211e+01 1.265792951951491396e+01 1.268563923080074751e+01 1.254038950036323996e+01 1.266410044633059329e+01 1.248658862168140971e+01 7.718974518593974210e+00 8.117377257097569299e+00 7.970670824138263555e+00 7.982137792064940562e+00 7.958968040465260074e+00 7.993600060442671129e+00 7.946035226742381496e+00 7.962997331290477376e+00 7.939117779949755871e+00 8.079830291660922370e+00 5.280725258147214163e+00 1.128234138539420428e+01 7.109018261714672882e+00 2.661644875125063425e+00 2.747852552962304795e+00 2.899999999999999911e+00 2.600000000000000089e+00 1.020000000000000018e+00
1.291685232376655890e+01 1.320377495790944700e+01 1.291506007664204958e+01 1.280966707731988308e+01 1.230282848572768373e+01 1.255421383453227691e+01 1.269111731532072795e+01 1.258868021023299200e+01 1.265463463413557221e+01 1.251817367560407845e+01 1.262519277543151652e+01 1.255044585923730516e+01 7.639470248535981334e+00 8.076812323619989797e+00 7.986350029769988090e+00 7.966368364078591391e+00 7.980171543593982619e+00 7.986883818180642969e+00 7.933622463106384970e+00 7.971433021565294652e+00 7.961490002099575136e+00 8.069592990775833030e+00 5.320700665459485279e+00 1.127150160284279679e+01 7.122900629322974630e+00 2.691848331417157070e+00 2.815682443657720135e+00 2.899999999999999911e+00 2.600000000000000089e+00 1.020000000000000018e+00
1.313621448536093794e+01 1.339811948390158669e+01 1.304443340152833919e+01 1.298480520143764849e+01 1.231437470854064919e+01 1.252880448265866242e+01 1.267127626953766928e+01 1.257745778313038976e+01 1.267615859414845225e+01 1.255297997307684099e+01 1.268376607684115775e+01 1.254305666995815471e+01 7.591513324114822048e+00 8.106336247400314221e+00 8.017153573616896622e+00 7.944227739072480254e+00 7.972671892657412052e+00 7.994242965101454601e+00 7.963876277801814396e+00 7.927977999602840775e+00 7.977196387845634007e+00 7.937760924075441871e+00 5.454603138380607952e+00 1.122806771294452943e+01 7.137247819379259894e+00 2.703434740114038615e+00 2.626843189027022962e+00 2.899999999999999911e+00 2.600000000000000089e+00 1.020000000000000018e+00
1.320662812998434887e+01 1.320253093313756310e+01 1.289165578970730408e+01 1.309531770883203272e+01 1.236742793406602203e+01 1.262523584374653751e+01 1.274399831288129903e+01 1.260096022949980643e+01 1.271426606899793121e+01 1.248728372583523338e+01 1.264279484863110348e+01 1.248074062531817319e+01 7.791247907145221419e+00 8.068515520767080673e+00 8.002625885592829391e+00 7.950769223879603942e+00 7.982293148924815895e+00 8.003243380517181649e+00 7.929321244636553523e+00 7.948493152939798634e+00 7.978481080575528850e+00 7.927728906944818021e+00 5.365934620387850629e+00 1.126797027150968944e+01 7.086343588551016204e+00 2.700750921334177601e+00 2.737428548204751788e+00 2.899999999999999911e+00 2.600000000000000089e+00 1.020000000000000018e+00
1.317315248048194398e+01 1.324395702509311334e+01 1.279568770823989254e+01 1.321842283779387373e+01 1.252304434189697524e+01 1.248247001081769803e+01 1.272255471689714312e+01 1.259277628570431418e+01 1.273503084113587747e+01 1.251945595328695582e+01 1.269920144505875470e+01 1.249368854420096397e+01 7.662618692188014613e+00 8.118421813834384437e+00 7.994658971066190389e+00 7.957616891196026998e+00 7.978131471202878799e+00 7.984982647289799118e+00 7.961466815157136168e+00 7.953218843272689575e+00 7.954093727215020948e+00 8.082427838335625836e+00 5.375002003308118503e+00 1.125743653501584696e+01 7.093988648442686618e+00 2.709943513202761167e+00 2.575730302071970623e+00 2.899999999999999911e+00 2.600000000000000089e+00 1.020000000000000018e+00
1.320405086049844634e+01 1.318437723026409003e+01 1.288236301531173567e+01 1.308937274399744233e+01 1.245710610516800543e+01 1.247460942520451788e+01 1.269781497455464958e+01 1.258481890699184014e+01 1.266631226467534255e+01 1.249338379952869893e+01 1.265697618288231929e+01 1.247650163629751141e+01 7.784249473017139209e+00 8.147173227496185888e+00 7.955069866672670464e+00 8.004873724728280848e+00 7.948517985884194559e+00 8.017336553771638563e+00 7.917787832537532822e+00 7.967672772714516682e+00 7.958866077384683102e+00 8.057696687490867760e+00 5.353260142157478363e+00 1.124875149125368523e+01 7.137132290468508167e+00 2.656687015964204424e+00 2.748922088957847620e+00 2.899999999999999911e+00 2.600000000000000089e+00 1.020000000000000018e+00
1.275527435579271618e+01 1.350378587927797014e+01 1.281590442493360094e+01 1.304313832435741283e+01 1.249914186535971972e+01 1.236955755086212427e+01 1.281196385297608487e+01 1.246871151058294735e+01 1.278144588529804615e+01 1.248319292551963322e+01 1.272088680766849578e+01 1.248603833018870546e+01 7.705983417371638389e+00 8.097273027379820576e+00 7.976651579883516696e+00 7.989088985721419789e+00 7.950549226152651805e+00 8.018459176506834041e+00 7.930185441319839157e+00 7.976812371826115466e+00 7.962368837261647236e+00 8.085434548841561764e+00 5.224425493943828158e+00 1.129821031763719574e+01 7.099467150623616440e+00 2.687158669945957090e+00 2.744991504160245732e+00 2.899999999999999911e+00 2.600000000000000089e+00 1.020000000000000018e+00
1.310554214232421089e+01 1.310287177092488697e+01 1.295891790227108764e+01 1.304095492563622827e+01 1.239377597925379604e+01 1.251547152923917672e+01 1.272837839429385376e+01 1.258870671408196529e+01 1.266419379624333175e+01 1.254069610360062725e+01 1.266652300490682492e+01 1.250547370917450607e+01 7.604589432498604751e+00 8.120730532472062890e+00 7.965527200873570024e+00 7.974934128795747590e+00 7.961784089460527625e+00 7.990339763644862536e+00 7.941750766559096064e+00 7.956685230992555091e+00 7.950479009538555353e+00 7.979109554460272591e+00 5.225182312828652087e+00 1.126342461028149877e+01 7.156427324094833509e+00 2.683096381633860439e+00 2.739482050672363389e+00 2.899999999999999911e+00 2.600000000000000089e+00 1.020000000000000018e+00
1.291460583986696342e+01 1.344813233690493881e+01 1.310114947251254769e+01 1.309189942287579456e+01 1.242717790756783280e+01 1.250813828565777897e+01 1.266500211842716084e+01 1.262149908758875938e+01 1.272009563493539908e+01 1.251513170342236059e+01 1.267266971830143696e+01 1.247971391885818093e+01 7.720800187032417661e+00 8.079010746089975825e+00 8.009767793976049433e+00 7.957943612402257116e+00 7.953998674880069508e+00 7.993846403448323201e+00 7.968602760360592008e+00 7.942311563471271540e+00 7.955362244742629763e+00 8.216267527393501524e+00 5.289511653860874851e+00 1.127326876290007540e+01 7.097325428404818837e+00 2.705571320004507285e+00 2.643156825402340093e+00 2.899999999999999911e+00 2.600000000000000089e+00 1.020000000000000018e+00
1.263926786822143633e+01 1.309183637209673101e+01 1.280956799026151494e+01 1.311858124478040821e+01 1.230280445211572449e+01 1.256232579373553371e+01 1.256016999765617825e+01 1.260896037701326655e+01 1.265028761060736251e+01 1.249584853793952277e+01 1.264639686459192980e+01 1.251495858767727398e+01 7.785265900960728125e+00 8.089805165242857754e+00 7.966973779173946113e+00 7.969066975862912905e+00 7.945079570714025152e+00 7.995642851836063159e+00 7.958126394502393453e+00 7.954807392603844285e+00 7.972559851482258431e+00 7.978597862985531641e+00 5.425576091057036088e+00 1.124697177390428315e+01 7.136693865063929110e+00 2.685104149876984980e+00 2.817888097405248704e+00 2.899999999999999911e+00 2.600000000000000089e+00 1.020000000000000018e+00
1.295904761545523520e+01 1.325194174839051797e+01 1.305848421653951519e+01 1.319849727367329706e+01 1.249674457562348096e+01 1.251040051478335080e+01 1.269882454356914181e+01 1.261672634726129338e+01 1.273969986408913790e+01 1.252404448818442795e+01 1.269823980791753648e+01 1.250833670171285306e+01 7.603000314323724140e+00 8.105774029050706986e+00 7.987612890997969117e+00 7.957459874476620065e+00 7.945821965605301962e+00 7.984600414653676204e+00 7.981362229260192009e+00 7.928487864000945962e+00 7.968208855965583481e+00 7.933832056492178708e+00 5.433365726189054001e+00 1.123190870440874356e+01 7.130691144210715926e+00 2.678824781626893969e+00 2.734155038293953233e+00 2.899999999999999911e+00 2.600000000000000089e+00 1.020000000000000018e+00
1.310604360041555694e+01 1.334843071462260333e+01 1.299650105062695893e+01 1.315455800667065489e+01 1.242487786928388438e+01 1.244185726927784685e+01 1.258404451325160700e+01 1.255713871441917817e+01 1.272678901425901898e+01 1.250514990656338910e+01 1.268374024286698543e+01 1.248525400208714586e+01 7.702224746389370047e+00 8.104806552593652569e+00 8.012080023299910536e+00 7.966709657115992549e+00 7.967552552955909917e+00 7.994815233088262474e+00 7.942885134528546054e+00 7.961322436249430368e+00 7.965515652020250137e+00 8.036780699761090219e+00 5.187629880408434424e+00 1.129065690394076249e+01 7.101624164121751015e+00 2.698321024913659993e+00 2.683667630751233713e+00 2.899999999999999911e+00 2.600000000000000089e+00 1.020000000000000018e+00
1.303499515847351553e+01 1.313869227488775415e+01 1.288296063765338140e+01 1.306667120971657248e+01 1.249244117183529390e+01 1.253162040671119470e+01 1.261172409400013983e+01 1.263794287632996394e+01 1.268141339146682611e+01 1.252811482071269822e+01 1.265926048185603570e+01 1.253284138680645299e+01 7.636665720738576191e+00 8.053744039146796041e+00 8.010337990838516831e+00 7.959876651675687143e+00 7.938899346367519705e+00 7.997236258365050254e+00 7.960941501416182398e+00 7.950859793417116350e+00 7.963673395762381979e+00 8.032200509288623280e+00 5.235097290868940156e+00 1.126482832648312460e+01 7.139435422585776791e+00 2.681363343868640392e+00 2.721583569933761382e+00 2.899999999999999911e+00 2.600000000000000089e+00 1.020000000000000018e+00
1.273954937790777109e+01 1.332003472219954787e+01 1.307851221826668464e+01 1.297506586577575405e+01 1.238681199696986823e+01 1.249013202630024111e+01 1.265322953071956036e+01 1.260089050080817508e+01 1.266008187764509074e+01 1.251924080635127545e+01 1.266297651944209157e+01 1.249949251633971414e+01 7.724869243729003188e+00 8.089103561537472231e+00 7.996737223179556153e+00 7.965701118958814497e+00 7.962363164524083103e+00 7.985430327587124566e+00 7.947854925510485558e+00 7.959586755677872993e+00 7.971429687413163379e+00 8.007070736988238124e+00 5.331835787081460332e+00 1.127220431211529394e+01 7.140841947295794689e+00 2.664737201342005424e+00 2.802341978282549384e+00 2.899999999999999911e+00 2.600000000000000089e+00 1.020000000000000018e+00
1.289155649667679526e+01 1.313902157699173223e+01 1.278426323646777796e+01 1.301219781660743635e+01 1.243804497365663764e+01 1.246488133563691569e+01 1.279289450304807119e+01 1.255457179236127274e+01 1.269790926084765736e+01 1.250320361785438017e+01 1.264483583846767978e+01 1.250968976969723201e+01 7.705996121485124029e+00 8.062212795917950814e+00 8.030357076697599794e+00 7.950260038298685217e+00 7.978551378186540255e+00 7.986462891137096953e+00 7.929839489508798245e+00 7.958281129017720446e+00 7.986139536555091567e+00 7.959072936498194473e+00 5.239897703935446849e+00 1.127385544893872371e+01 7.113724681369118841e+00 2.700339205918060870e+00 2.668221387566239500e+00 2.899999999999999911e+00 2.600000000000000089e+00 1.020000000000000018e+00
1.311388557366242757e+01 1.338465126398788740e+01 1.291803119178700854e+01 1.307236063022890882e+01 1.243864089553278340e+01 1.237877117295926510e+01 1.266437800027405380e+01 1.258689372962851927e+01 1.264266089979831875e+01 1.253648256143517337e+01 1.262947125879012056e+01 1.250038424635265244e+01 7.759460023702069442e+00 8.088178743828569495e+00 7.999781275862424046e+00 7.958135092617685480e+00 7.956272284529310568e+00 7.978354384935048671e+00 7.966275334667766828e+00 7.942595571493527018e+00 7.966528391910624229e+00 7.953837315037050715e+00 5.299111378758414759e+00 1.126603118624535504e+01 7.124741675696022902e+00 2.723265939686883019e+00 2.575057870875766763e+00 2.899999999999999911e+00 2.600000000000000089e+00 1.020000000000000018e+00
1.285653966357277156e+01 1.324805675708875796e+01 1.294815312892509951e+01 1.304493013344478491e+01 1.246610704416269222e+01 1.251608025625653475e+01 1.272519181200906857e+01 1.255323323017066528e+01 1.268053705372527418e+01 1.250531069708921450e+01 1.265393018949281156e+01 1.249322537345814332e+01 7.809485955534387180e+00 8.070402935717343240e+00 8.009432590619088188e+00 7.978594511371866815e+00 7.940233834586559070e+00 8.007303508680491788e+00 7.967217392584786673e+00 7.947526790303656163e+00 7.974642795036250398e+00 8.038501503427371020e+00 5.398048926448703710e+00 1.123465022442875139e+01 7.160499616802950662e+00 2.681775144893581597e+00 2.709909171643413828e+00 2.899999999999999911e+00 2.600000000000000089e+00 1.020000000000000018e+00
1.319315104944598538e+01 1.346387578976379729e+01 1.307642123659201872e+01 1.307197718994329527e+01 1.256876262705847580e+01 1.239180076175845002e+01 1.272435202149325839e+01 1.258240536341003946e+01 1.264899094348326969e+01 1.249057523634964717e+01 1.264790001132049291e+01 1.247162132059662198e+01 7.824161727660664312e+00 8.068287710752763076e+00 7.976801184835981218e+00 7.967919990583760992e+00 7.956446112460167974e+00 7.977416588334765635e+00 7.965391359631254886e+00 7.942000117040043605e+00 7.956072108358962502e+00 8.030000857575934958e+00 5.215677973920192834e+00 1.129299674693588251e+01 7.109898379626378606e+00 2.706727542442536993e+00 2.722691122987311640e+00 2.899999999999999911e+00 2.600000000000000089e+00 1.020000000000000018e+00
1.315194935737478410e+01 1.313638140730939519e+01 1.271358138640299451e+01 1.304512275222811546e+01 1.242504610456759906e+01 1.244821743575644746e+01 1.268852340878705753e+01 1.252952507748193867e+01 1.266212696887432010e+01 1.249634141912570762e+01 1.268160191290580663e+01 1.248856060072237817e+01 7.699058505622771165e+00 8.111357502483956594e+00 7.986390606435700867e+00 7.986549237362471132e+00 7.970748926693089764e+00 7.994561259940750730e+00 7.941232339356693259e+00 7.960705782664472707e+00 7.970886456590558389e+00 8.025260148175879849e+00 5.209667032953680277e+00 1.129804458081399865e+01 7.119061148065182643e+00 2.724815794323135698e+00 2.805104490765954584e+00 2.899999999999999911e+00 2.600000000000000089e+00 1.020000000000000018e+00
1.325037421671414606e+01 1.316151826900718369e+01 1.300469331686518082e+01 1.301077893795661744e+01 1.223735896298457426e+01 1.267298617105170955e+01 1.259800854605639131e+01 1.266697052136783697e+01 1.261326538658956586e+01 1.257362945864784187e+01 1.264524448817661906e+01 1.252655535808316323e+01 7.680480791091707005e+00 8.093543963389679519e+00 7.999587863454276082e+00 7.994034808423700511e+00 7.967613087813803396e+00 8.008053246346230836e+00 7.939333399365819055e+00 7.964832297463609656e+00 7.973947883076768051e+00 7.956824064329760304e+00 5.294469956192394022e+00 1.128038264932208179e+01 7.127407650385732651e+00 2.729322062229939672e+00 2.651247671480549073e+00 2.899999999999999911e+00 2.600000000000000089e+00 1.020000000000000018e+00
1.288119318136057245e+01 1.342940358220318409e+01 1.307013629981663527e+01 1.304577308336839891e+01 1.253919256000322946e+01 1.235906180003738264e+01 1.268987232535743459e+01 1.254685629606823660e+01 1.269097589952163041e+01 1.252802131682133080e+01 1.269489673951051856e+01 1.248644367435466229e+01 7.674024547436078869e+00 8.093021943951459463e+00 8.024593632111029606e+00 7.936010942215570907e+00 7.947751886642412167e+00 8.002797166000599205e+00 7.981250782632668184e+00 7.917600049113120875e+00 7.965387091027371191e+00 7.950964407560188185e+00 5.384587287476332307e+00 1.122912995082634602e+01 7.130206144296566961e+00 2.683120296129774651e+00 2.560654543535294092e+00 2.899999999999999911e+00 2.600000000000000089e+00 1.020000000000000018e+00
1.304940505797198824e+01 1.341851238666324875e+01 1.267558379230324661e+01 1.310052584426531475e+01 1.224842595485442232e+01 1.258179194968462156e+01 1.270139350911338916e+01 1.257682155263344193e+01 1.269021918147294414e+01 1.248319104416992609e+01 1.265782606102779795e+01 1.250201213953694790e+01 7.826683222309752885e+00 8.100457269892229917e+00 8.001122698276388334e+00 7.984550724308604686e+00 7.941573369732824794e+00 8.004054636890476360e+00 7.952065670236684980e+00 7.945573823083986298e+00 7.971215927898670728e+00 8.012813123286598227e+00 5.307637768621119356e+00 1.127754894604617419e+01 7.134076902284856025e+00 2.713184264425087644e+00 2.644057547691787136e+00 2.899999999999999911e+00 2.600000000000000089e+00 1.020000000000000018e+00
1.332020611092799811e+01 1.318413038244500690e+01 1.276986432749515465e+01 1.303076288561008234e+01 1.235020053651961014e+01 1.252372726621588228e+01 1.269505446605139198e+01 1.256183489745210657e+01 1.267507691038001560e+01 1.251382166366740556e+01 1.266115575756901102e+01 1.250540701288923096e+01 7.717208959890935915e+00 8.098715883475334110e+00 7.990754626635366620e+00 7.963353547758347695e+00 7.934747575925802821e+00 8.012039332377042911e+00 7.937998871315631533e+00 7.942095990855525756e+00 7.956255465990626163e+00 8.055598974994738981e+00 5.278610666384188299e+00 1.128154996352373018e+01 7.108540837415691094e+00 2.698061471657390964e+00 2.787295143060186664e+00 2.899999999999999911e+00 2.600000000000000089e+00 1.020000000000000018e+00
1.291391299739828114e+01 1.336790028487588344e+01 1.295595328638014898e+01 1.303365733319778919e+01 1.250823126840472455e+01 1.241214347430733689e+01 1.275440917754477255e+01 1.251035729385507622e+01 1.275762651382811974e+01 1.248745549630719331e+01 1.270202723793434352e+01 1.250302388213513005e+01 7.570826380718616910e+00 8.120536739410937344e+00 7.979214470264732739e+00 7.972181179111180960e+00 7.941358127144183321e+00 7.988223168905308924e+00 7.960822140855420059e+00 7.930894098908096268e+00 7.985214804844243730e+00 8.000951967828253686e+00 5.348909389359022271e+00 1.124368582023751983e+01 7.114527115398810331e+00 2.700179251003275382e+00 2.799618943744992983e+00 2.899999999999999911e+00 2.600000000000000089e+00 1.020000000000000018e+00
1.322488231040977169e+01 1.329846306814056334e+01 1.297069425118854724e+01 1.308169214332935226e+01 1.239126839433583527e+01 1.253281238243300599e+01 1.264608400270023303e+01 1.263089014564054224e+01 1.268284753446003421e+01 1.254056022068525600e+01 1.267426797389605575e+01 1.253813154940792884e+01 7.525418287035098963e+00 8.099566922264346047e+00 7.965601765093871300e+00 7.999864035294372400e+00 7.948060742381210630e+00 7.979004939940690377e+00 7.946994883988487857e+00 7.965283906900199717e+00 7.950686734894050645e+00 8.131669693592947112e+00 5.249983673271423790e+00 1.126911367545973519e+01 7.104888055392390989e+00 2.761215086113420369e+00 2.626265379574043379e+00 2.899999999999999911e+00 2.600000000000000089e+00 1.020000000000000018e+00
1.300868047980478259e+01 1.318873840599347780e+01 1.283638611418580666e+01 1.303480900410805710e+01 1.243360053904804730e+01 1.247432537686570342e+01 1.271994217879859512e+01 1.260114188529801638e+01 1.267880473762069826e+01 1.251709202521614550e+01 1.267764856979743371e+01 1.247187443914619109e+01 7.726395187362889772e+00 8.086733071867282518e+00 8.000876529480240862e+00 7.959656590035661949e+00 7.969950251401804131e+00 7.973251662358813441e+00 7.932296713717022385e+00 7.967642854742956082e+00 7.944938545470741964e+00 8.047053569247376359e+00 5.264283367280762960e+00 1.126838928748262703e+01 7.110610907842791484e+00 2.712722874253252314e+00 2.603319021732014793e+00 2.899999999999999911e+00 2.600000000000000089e+00 1.020000000000000018e+00
1.314462831610695481e+01 1.333310515970925181e+01 1.299808464746665493e+01 1.305126368489631439e+01 1.250394214695977624e+01 1.248013587948688929e+01 1.271420106497813940e+01 1.262589262138403079e+01 1.270733525259421981e+01 1.254475244764508446e+01 1.265175526532292238e+01 1.252278663330937292e+01 7.694164686673998332e+00 8.072111170978855554e+00 7.985879645336225074e+00 7.961133785340236635e+00 7.936984894972731297e+00 7.983065240764891435e+00 7.941895430344993123e+00 7.950209734324563016e+00 7.945858301587928274e+00 7.996438000042583205e+00 5.318380543010941430e+00 1.124075967376490937e+01 7.136161019291814789e+00 2.704437060463415587e+00 2.740354408333286251e+00 2.899999999999999911e+00 2.600000000000000089e+00 1.020000000000000018e+00
1.285589409846878439e+01 1.325221839053340389e+01 1.291373305065059895e+01 1.313183462961048598e+01 1.249594904324980504e+01 1.246035305941241411e+01 1.269990547976750506e+01 1.258493950637067549e+01 1.267435152407984411e+01 1.256296349518214939e+01 1.266756513989591859e+01 1.251601364552665352e+01 7.719894767665424595e+00 8.079345631827795415e+00 7.983514675442184405e+00 7.972545452198163574e+00 7.956411310770881151e+00 7.983318062227533929e+00 7.941943754093190755e+00 7.951872628317412151e+00 7.963650598741665476e+00 8.059004020961078041e+00 5.232082838341091779e+00 1.130071390111012875e+01 7.109546204014722370e+00 2.641716316681143706e+00 2.829539081853644777e+00 2.899999999999999911e+00 2.600000000000000089e+00 1.020000000000000018e+00
1.302371692379737311e+01 1.348392517349528141e+01 1.298536732631525403e+01 1.311611031218209789e+01 1.242617865700283097e+01 1.247197861070678471e+01 1.280130603935575273e+01 1.252591978887605073e+01 1.271542986614509907e+01 1.249845948641594262e+01 1.266616811323551950e+01 1.250477885501077679e+01 7.706371972105901413e+00 8.136438936787445897e+00 7.959533121579837278e+00 7.999278110658480045e+00 7.934312677042931305e+00 8.021058009437059155e+00 7.922770840668349912e+00 7.968808297778135596e+00 7.959730667774675084e+00 8.017354497304079786e+00 5.372556910298223798e+00 1.126042576822551666e+01 7.109703163950063853e+00 2.648285110022785105e+00 2.915690620024096180e+00 2.899999999999999911e+00 2.600000000000000089e+00 1.020000000000000018e+00
1.280979137645360488e+01 1.322452111678949471e+01 1.286262515747383617e+01 1.308213859069221385e+01 1.234383721437265713e+01 1.251511312364946704e+01 1.265860423976310223e+01 1.265826573042750525e+01 1.261988111240651556e+01 1.259260057450752868e+01 1.265918155255546651e+01 1.252232625320610282e+01 7.621681194165471851e+00 8.086373531120811364e+00 7.994214110664084494e+00 7.948607696642186582e+00 7.972496963295170325e+00 8.003618954688151987e+00 7.930467464960024415e+00 7.948568834294961860e+00 7.957153412758846578e+00 8.132494083039199850e+00 5.357931888770938400e+00 1.124858641181181973e+01 7.102296358387794939e+00 2.679029497727163367e+00 2.804644828257818023e+00 2.899999999999999911e+00 2.600000000000000089e+00 1.020000000000000018e+00
1.297860741148325836e+01 1.305700689684914373e+01 1.289015207671496910e+01 1.303247416024364291e+01 1.244429097430353082e+01 1.248019098260935245e+01 1.274774068303676167e+01 1.262617274584985516e+01 1.272315107701214565e+01 1.253829355920522737e+01 1.269343327702886270e+01 1.249481514801462367e+01 7.697968324615675151e+00 8.110397276072111694e+00 7.995380176712747478e+00 7.975938922241930129e+00 7.947819719568149921e+00 7.997199859980094416e+00 7.960961156428418839e+00 7.949109781781221962e+00 7.960759269315738962e+00 8.026275365468672263e+00 5.385127332165340341e+00 1.125381181573566280e+01 7.153834766525168476e+00 2.618098580465087366e+00 2.781935028548754296e+00 2.899999999999999911e+00 2.600000000000000089e+00 1.020000000000000018e+00
1.322446434926213144e+01 1.334014270337804753e+01 1.292366732942388730e+01 1.318274648132646476e+01 1.245307706109475276e+01 1.248185426050516078e+01 1.269995561482147295e+01 1.258375119294663236e+01 1.266857387455762662e+01 1.250343358852826903e+01 1.266469720799688403e+01 1.246330277103863793e+01 7.767491939933868217e+00 8.111192661054259290e+00 8.001769200308096686e+00 7.986581303985150093e+00 7.986874786398884041e+00 8.005873060968447419e+00 7.945237422368403912e+00 7.978095894479406702e+00 7.935733369865080711e+00 8.073716594807004654e+00 5.100973595677147365e+00 1.131794591273977701e+01 7.099090611157124364e+00 2.763980104393128023e+00 2.474879363291894840e+00 2.899999999999999911e+00 2.600000000000000089e+00 1.020000000000000018e+00
1.298333776039277510e+01 1.318392796373500531e+01 1.298769753582506326e+01 1.321174607860555916e+01 1.240556091672827677e+01 1.249962410296127580e+01 1.275153330169365695e+01 1.253997156183393713e+01 1.272762845479899241e+01 1.249806193776060326e+01 1.267905970554087425e+01 1.249849735919118920e+01 7.654784060457862971e+00 8.094804128055795189e+00 7.996399817190998682e+00 7.973298817945806860e+00 7.955172313730957789e+00 7.991387561763104053e+00 7.940027297894330260e+00 7.955923120995167963e+00 7.960974130310377816e+00 8.036579306527835698e+00 5.243219784069839129e+00 1.127096601722250924e+01 7.103083188500839640e+00 2.713615631299875375e+00 2.752687835023247764e+00 2.899999999999999911e+00 2.600000000000000089e+00 1.020000000000000018e+00
1.325570537807170801e+01 1.315254523125642550e+01 1.286829239109578538e+01 1.303434110357110676e+01 1.236327127223391464e+01 1.249722577640400978e+01 1.267949098321573231e+01 1.256985348433068772e+01 1.262645921092121881e+01 1.251999107158498958e+01 1.264017519816417767e+01 1.250676847541907044e+01 7.708486276025457329e+00 8.102350292299334455e+00 7.991510943890428820e+00 7.964604372482905426e+00 7.955382977241396425e+00 7.976469084151493583e+00 7.960083019532052440e+00 7.956543671469717971e+00 7.950479869938440025e+00 8.000696879813856910e+00 5.316927335074120187e+00 1.127797498508186003e+01 7.100007766830334077e+00 2.760253226752409805e+00 2.641987952808499074e+00 2.899999999999999911e+00 2.600000000000000089e+00 1.020000000000000018e+00
1.302649181266770384e+01 1.325466117524994303e+01 1.288702223684621551e+01 1.312096782833638642e+01 1.246833655802833896e+01 1.246315553176811619e+01 1.272579865996691062e+01 1.261389072448796256e+01 1.269330937634132006e+01 1.256199124284690249e+01 1.270085903095532132e+01 1.251795373585404825e+01 7.629806685832404511e+00 8.100201220304494854e+00 7.994534259409764587e+00 7.963645568587582879e+00 7.966010392539067730e+00 7.976713504008727362e+00 7.971027839047006402e+00 7.960438220410536836e+00 7.957736128205191939e+00 8.013850687654338500e+00 5.321073383113663624e+00 1.127244780028089011e+01 7.123003033966432973e+00 2.688057201590032808e+00 2.737218618244479540e+00 2.899999999999999911e+00 2.600000000000000089e+00 1.020000000000000018e+00
1.299518935740170811e+01 1.318903979899831391e+01 1.289484011514989881e+01 1.300565016031410259e+01 1.259267731069783203e+01 1.232296873984247476e+01 1.270660981494856223e+01 1.256976574907271171e+01 1.266329457923295898e+01 1.252270133018721587e+01 1.265306774728339079e+01 1.250485758875746711e+01 7.697376372246037768e+00 8.104256147933785570e+00 7.993458180945641089e+00 7.943505426036595374e+00 7.989213353062806888e+00 7.955098983392736578e+00 7.962145035973417606e+00 7.961677878855002000e+00 7.956113196161181733e+00 8.009603343023693256e+00 5.256283547556034108e+00 1.127197917541200312e+01 7.107977538104667481e+00 2.687624503074681037e+00 2.826589809770611694e+00 2.899999999999999911e+00 2.600000000000000089e+00 1.020000000000000018e+00
1.310401997080303893e+01 1.340342629415277287e+01 1.288535723033131930e+01 1.300814658966991288e+01 1.236730391053924016e+01 1.253339427264926265e+01 1.262774768485761889e+01 1.265693117135841383e+01 1.262875295357674688e+01 1.250383826522840280e+01 1.263294190891385149e+01 1.251302486302496497e+01 7.724752089063780858e+00 8.074256990163231507e+00 8.002822074028589583e+00 7.969509350025203887e+00 7.951708440129807265e+00 8.004645971047844810e+00 7.925081324850695275e+00 7.962090512884212323e+00 7.958910346115779078e+00 8.139137863819216889e+00 5.301510225814991095e+00 1.127843737137142099e+01 7.104949624793325924e+00 2.696816337869619939e+00 2.775872411955993879e+00 2.899999999999999911e+00 2.600000000000000089e+00 1.020000000000000018e+00
1.278398253634338388e+01 1.327151626929516759e+01 1.259549135075660331e+01 1.303789982049464591e+01 1.237507155951153415e+01 1.245283093269789809e+01 1.261454572014490516e+01 1.259651485602896415e+01 1.263933174089646450e+01 1.251668960694658672e+01 1.265764588984119676e+01 1.254178522063838130e+01 7.686191281865013103e+00 8.052317358096344080e+00 7.996315361889407392e+00 7.950726874751758544e+00 7.955552543124485787e+00 7.982300902233084194e+00 7.979014860759488847e+00 7.938224632249540669e+00 7.958566985134610583e+00 8.090658044475105726e+00 5.265849852479991711e+00 1.128380703562987186e+01 7.123508622444903793e+00 2.679579609686342678e+00 2.692675148324147560e+00 2.899999999999999911e+00 2.600000000000000089e+00 1.020000000000000018e+00
1.312712233165855125e+01 1.333994879733199035e+01 1.288006133298823030e+01 1.294681961983449447e+01 1.228881085452810318e+01 1.263646299840002918e+01 1.269489017666479924e+01 1.261370370625949100e+01 1.268624288637413144e+01 1.253493025735910571e+01 1.266456085417934752e+01 1.255788611910581132e+01 7.579813049800907976e+00 8.064483071514567669e+00 7.991241902524893526e+00 7.947141730642451662e+00 7.997420550027768194e+00 7.967770085973117311e+00 7.953387733473339161e+00 7.932537859637530886e+00 7.985777399502693719e+00 7.985838175558590102e+00 5.335563248022502592e+00 1.124098934096752878e+01 7.110706026931965518e+00 2.723199736783459723e+00 2.614937511806930015e+00 2.899999999999999911e+00 2.600000000000000089e+00 1.020000000000000018e+00
1.330085699648413389e+01 1.338149131648698997e+01 1.283653537491414376e+01 1.310939787762265141e+01 1.243001454037846720e+01 1.240552914623020619e+01 1.275788084458899796e+01 1.255237810528109677e+01 1.270349522348342219e+01 1.252013591118463331e+01 1.268211637289481608e+01 1.253194703962615186e+01 7.717161488359218779e+00 8.061479610821434605e+00 8.047997727742387752e+00 7.940523818195851291e+00 7.951755202888208807e+00 8.012506464576704346e+00 7.959904782418331770e+00 7.953482049362309958e+00 7.962618556863261254e+00 8.041419108341431254e+00 5.335264974980905350e+00 1.125284116450077931e+01 7.136302021968601750e+00 2.702518479211632574e+00 2.678698598651699569e+00 2.899999999999999911e+00 2.600000000000000089e+00 1.020000000000000018e+00
1.310622135965134660e+01 1.337480739820739295e+01 1.284692919826679969e+01 1.297283227233114289e+01 1.240189950224185722e+01 1.251101286443589622e+01 1.272583892509119252e+01 1.254975706948392933e+01 1.268327385484002612e+01 1.253039028074631389e+01 1.266705578552839917e+01 1.250222985467556214e+01 7.667796664751663549e+00 8.110905378012832401e+00 8.009798065331281691e+00 7.956070376039104275e+00 7.957541938997515274e+00 8.004870441225072852e+00 7.928614974470581167e+00 7.960365163606389238e+00 7.978166079131887578e+00 7.952976761577132514e+00 5.319148720937461938e+00 1.124991321825181423e+01 7.118828377563195531e+00 2.674087231602231274e+00 2.825186043776461542e+00 2.899999999999999911e+00 2.600000000000000089e+00 1.020000000000000018e+00
1.314550320079949230e+01 1.325291644841215088e+01 1.280028325060494510e+01 1.313486450346123036e+01 1.238973330592458666e+01 1.261968947384965034e+01 1.265265420806762897e+01 1.267320430273350418e+01 1.265810542422232743e+01 1.252907805554417742e+01 1.264008746147047013e+01 1.249068735466667768e+01 7.791440133069903240e+00 8.074413205981105790e+00 7.982479735176424285e+00 7.968290268920275032e+00 7.964173582880502700e+00 7.997812361627786082e+00 7.931064773193758022e+00 7.971270243837842884e+00 7.936069340663374660e+00 8.086928877164872631e+00 5.283991270257715200e+00 1.128025326835769881e+01 7.111006501610881436e+00 2.664787806505720447e+00 2.790248288194705939e+00 2.899999999999999911e+00 2.600000000000000089e+00 1.020000000000000018e+00
1.310455405758695768e+01 1.339920554822550791e+01 1.289056534428798351e+01 1.306289158387327554e+01 1.251626607061160534e+01 1.249764007978737901e+01 1.274030645302912035e+01 1.258632004149340844e+01 1.264711421763926857e+01 1.250586567903426349e+01 1.263827920484080813e+01 1.246483299938090816e+01 7.841425019575769539e+00 8.074621555773628501e+00 8.004348129959961256e+00 7.948972442887598078e+00 7.960930757341974306e+00 7.984261817465322153e+00 7.965626014075244399e+00 7.937319748179915813e+00 7.967366562764981452e+00 8.007907049476685302e+00 5.370857505086827466e+00 1.125411421437555859e+01 7.073343237427358154e+00 2.739365704595418283e+00 2.617700160186878566e+00 2.899999999999999911e+00 2.600000000000000089e+00 1.020000000000000018e+00
1.306976837302314642e+01 1.321296821711032621e+01 1.273719108066769401e+01 1.313350528067000056e+01 1.244789125982040190e+01 1.241559167250593809e+01 1.275964259649410160e+01 1.253129304231360663e+01 1.273816668606979796e+01 1.252202483089147655e+01 1.269726916731476862e+01 1.250094977322885370e+01 7.590266080060059650e+00 8.139444161442472847e+00 7.982347589144056954e+00 7.972102528592717618e+00 7.963458457980625127e+00 7.997351210107446207e+00 7.962211775514424161e+00 7.930092075012548314e+00 7.975254093797721211e+00 8.033527474522820455e+00 5.189617601533672797e+00 1.128466223729337159e+01 7.091210067123611793e+00 2.682733680562529699e+00 2.876578356674103443e+00 2.899999999999999911e+00 2.600000000000000089e+00 1.020000000000000018e+00
1.302398821301349052e+01 1.295960902639382795e+01 1.287983850418092757e+01 1.300337324079699641e+01 1.241757415550016930e+01 1.253168161859102803e+01 1.274591363775066810e+01 1.263569779412802063e+01 1.268240875647670407e+01 1.254011848869423318e+01 1.264886618156343090e+01 1.255743778212065820e+01 7.729409176497046730e+00 8.098631067656263838e+00 8.001427013383095144e+00 7.977433355480579635e+00 7.961785202309865639e+00 8.000339709276131472e+00 7.948262417324825968e+00 7.939958570572420271e+00 7.959599488347230967e+00 8.031808531469135204e+00 5.213479219271392573e+00 1.129933421419506878e+01 7.148252891890063410e+00 2.669237738161336804e+00 2.703988560332391433e+00 2.899999999999999911e+00 2.600000000000000089e+00 1.020000000000000018e+00
1.291708215999435261e+01 1.320353077272726061e+01 1.295071630723734479e+01 1.309588933030285673e+01 1.233401618692251134e+01 1.248323950115044489e+01 1.268474810395906971e+01 1.260980280860936098e+01 1.271587544449461760e+01 1.252762854046902063e+01 1.264285220256344111e+01 1.250693786723983436e+01 7.659653311529583064e+00 8.114811275136911917e+00 7.999485672420718174e+00 7.967930089136518568e+00 7.978886052783814797e+00 7.992555789014938128e+00 7.943468703648637330e+00 7.965104226300190327e+00 7.965448792427823221e+00 8.078940682154801323e+00 5.346567791705632011e+00 1.124819501302563651e+01 7.144778338320078248e+00 2.725389971769617947e+00 2.587438695260132260e+00 2.899999999999999911e+00 2.600000000000000089e+00 1.020000000000000018e+00
1.289366578848758138e+01 1.315154524104310774e+01 1.304635292674960922e+01 1.317608508572225823e+01 1.250762420350834070e+01 1.245003860904812321e+01 1.263979319662880307e+01 1.262393344284736507e+01 1.269536035009590336e+01 1.251191601049021607e+01 1.265725599603669949e+01 1.247045235939993724e+01 7.736425307405783158e+00 8.117274963490942241e+00 7.995875076792070324e+00 7.975687957079895973e+00 7.953229178903612251e+00 7.981943835840010770e+00 7.968044426091826615e+00 7.934070684250595917e+00 7.963541228242454473e+00 8.014942748904765324e+00 5.214598822521717025e+00 1.127631943822821903e+01 7.098524765574452999e+00 2.701746939556997962e+00 2.683208429725109312e+00 2.899999999999999911e+00 2.600000000000000089e+00 1.020000000000000018e+00
1.253183162636399040e+01 1.318286158737586966e+01 1.291469553898849654e+01 1.298317899571547507e+01 1.247062136361445184e+01 1.254777056498008925e+01 1.280281862571501605e+01 1.259806444128482639e+01 1.269773446223257451e+01 1.255019387053723179e+01 1.265612246179593292e+01 1.251088684847296406e+01 7.566844044838215488e+00 8.109985463794329164e+00 7.991048201441509846e+00 7.955034699318954239e+00 7.947740205022392423e+00 7.990000422545230130e+00 7.943700312106463990e+00 7.934319809098754561e+00 7.949909272088493850e+00 7.930657248185267072e+00 5.319931316032508128e+00 1.124010735285223461e+01 7.114525889548566795e+00 2.705988364805150148e+00 2.740351252513556712e+00 2.899999999999999911e+00 2.600000000000000089e+00 1.020000000000000018e+00
1.302453467598795633e+01 1.314274281126557042e+01 1.275052326215246445e+01 1.312344774375255341e+01 1.222303748855733829e+01 1.268960590674733524e+01 1.260688930545358133e+01 1.262532482358682451e+01 1.270014474564216478e+01 1.250051266335981559e+01 1.266887260250499914e+01 1.248783224379949530e+01 7.748806808910175370e+00 8.087460520041865664e+00 8.017711875477855799e+00 7.955214262459969099e+00 7.967297070639807188e+00 7.999485037873223625e+00 7.939426981212996282e+00 7.956090023648840770e+00 7.982978387828919331e+00 7.959347483487799302e+00 5.373509844082643205e+00 1.127043756796330420e+01 7.128563296978740027e+00 2.690944664500391159e+00 2.612236545358054940e+00 2.899999999999999911e+00 2.600000000000000089e+00 1.020000000000000018e+00
1.284385010695531548e+01 1.323652491556343413e+01 1.269306263305429816e+01 1.310772423587790492e+01 1.234413037399319890e+01 1.249715814500152966e+01 1.273823947507570686e+01 1.252165238867358887e+01 1.277750497713543965e+01 1.250068659900579249e+01 1.271096441267641985e+01 1.253214895371109172e+01 7.659318094299021773e+00 8.119333474653208427e+00 8.018962471962760574e+00 7.938704598389569433e+00 8.000331055290843096e+00 7.965107620157848345e+00 7.986847864433967104e+00 7.947654983515811011e+00 7.989766736761623633e+00 7.963116788337271323e+00 5.380465098920326206e+00 1.126440743463392202e+01 7.140262186427936086e+00 2.687698796717605365e+00 2.715536538032092384e+00 2.899999999999999911e+00 2.600000000000000089e+00 1.020000000000000018e+00
1.320155780320916250e+01 1.343953182537827828e+01 1.279490801021423430e+01 1.309211452889761063e+01 1.237021095066286946e+01 1.256183712644201300e+01 1.268049050776597397e+01 1.256936613367380495e+01 1.272515640904519074e+01 1.248765731160960435e+01 1.269233405476047238e+01 1.248143768182446678e+01 7.764265325792674588e+00 8.099478125393666517e+00 8.010164932011736738e+00 7.984341835484097594e+00 7.986723280583504447e+00 7.976000682710613354e+00 7.954809115030377242e+00 7.952089513642763841e+00 7.990999903108581215e+00 7.998181052164770044e+00 5.259713833722662990e+00 1.128538503765960144e+01 7.127583403252030436e+00 2.760475915061328056e+00 2.584206645119772716e+00 2.899999999999999911e+00 2.600000000000000089e+00 1.020000000000000018e+00
1.293311348545461570e+01 1.318272929124922754e+01 1.289250724026994099e+01 1.294895341694696000e+01 1.250846499257859890e+01 1.243968240958911409e+01 1.278524864987964804e+01 1.253222165536664079e+01 1.267728788882421931e+01 1.247634967814555118e+01 1.267296927946643237e+01 1.254466391240977252e+01 7.588438566147283737e+00 8.107533071269665825e+00 7.968233153560976945e+00 7.971885710984819795e+00 7.979886036018518425e+00 7.991614111218276584e+00 7.944758132691846164e+00 7.941715238219021700e+00 7.990107096651164476e+00 7.910212721935638847e+00 5.485318097697908790e+00 1.122868396984917005e+01 7.151839485312418532e+00 2.643803158785220209e+00 2.700706402116568761e+00 2.899999999999999911e+00 2.600000000000000089e+00 1.020000000000000018e+00
1.278278697464746649e+01 1.362148403111570083e+01 1.302017296583321304e+01 1.318371823280452659e+01 1.238818821852185437e+01 1.244592153743326612e+01 1.273695844372461750e+01 1.255145346329040912e+01 1.279538908912370587e+01 1.249027540434935091e+01 1.271729026985914501e+01 1.245611552412793444e+01 7.675955935189862522e+00 8.114432557373534749e+00 8.009939006072210432e+00 7.960048952076223649e+00 7.988939085171427479e+00 7.984307660768296344e+00 7.959580112067098590e+00 7.965363794656182606e+00 7.964421919259730309e+00 8.027947280388463724e+00 5.379808602290331976e+00 1.124969564513128262e+01 7.098281890582600617e+00 2.715851259659761485e+00 2.466013684197149392e+00 2.899999999999999911e+00 2.600000000000000089e+00 1.020000000000000018e+00
1.281981185776645660e+01 1.337087342021734138e+01 1.298808057655544523e+01 1.295579774060554179e+01 1.248412932549954846e+01 1.252208213701203299e+01 1.266673436526395058e+01 1.261479223899444690e+01 1.271737453724293765e+01 1.248539369921358499e+01 1.265158005858855361e+01 1.251575444790822367e+01 7.694601586244797176e+00 8.072533008709779523e+00 7.995958784701612032e+00 7.949350988943438168e+00 7.983739604298588866e+00 7.992165909705591709e+00 7.936350667467404030e+00 7.936124505247583727e+00 7.971803286927403143e+00 8.072742396461139336e+00 5.211443649316405136e+00 1.127790772602597436e+01 7.137754195625756637e+00 2.656196757744076375e+00 2.755074253822880070e+00 2.899999999999999911e+00 2.600000000000000089e+00 1.020000000000000018e+00
1.326436684472962746e+01 1.305937805517553585e+01 1.284899992047262174e+01 1.306011811494405706e+01 1.241150177698105139e+01 1.246667557001889826e+01 1.265363944696367859e+01 1.264026669584990792e+01 1.261552235094562135e+01 1.256536120240039267e+01 1.262228002229313795e+01 1.249969115707988188e+01 7.836262832408644741e+00 8.088389593915700004e+00 8.000909133964093201e+00 7.970583834879840346e+00 7.962868275625306858e+00 8.007002766473748423e+00 7.953770075568449727e+00 7.953203396144728821e+00 7.956000004639754764e+00 8.105767928143398748e+00 5.284270224185886100e+00 1.125670427854093525e+01 7.151455956679612314e+00 2.662588760395912857e+00 2.898721852837526480e+00 2.899999999999999911e+00 2.600000000000000089e+00 1.020000000000000018e+00
1.272350856773083727e+01 1.334642675967592851e+01 1.284867406931478051e+01 1.307408600568624024e+01 1.238611619327610391e+01 1.249627685020245416e+01 1.268373018346561309e+01 1.259754640679770965e+01 1.265953234130495808e+01 1.254234589321765903e+01 1.265896781445646191e+01 1.249975041668786524e+01 7.699865208590418675e+00 8.090292196739689246e+00 7.990428261485972961e+00 7.954870489082630058e+00 7.976717841586547841e+00 7.972399309020187452e+00 7.952795935140778205e+00 7.949058711994769766e+00 7.971052239029413400e+00 7.978185318164806361e+00 5.318852968298465989e+00 1.127279991286867222e+01 7.115048342892503541e+00 2.727508280290929843e+00 2.584490540548677995e+00 2.899999999999999911e+00 2.600000000000000089e+00 1.020000000000000018e+00
1.287289537024230945e+01 1.322267959241112045e+01 1.274595543577410517e+01 1.298825105437282090e+01 1.241353533763794559e+01 1.252912237333573842e+01 1.269554664479963790e+01 1.262672808331687690e+01 1.266286411188119132e+01 1.253060928363796656e+01 1.262225423929675294e+01 1.249441126704886251e+01 7.787404393776000688e+00 8.064532551454808740e+00 8.014299718370027747e+00 7.958013501523340416e+00 7.979906975678120240e+00 7.981618449046520958e+00 7.939235470195667332e+00 7.942250018053802485e+00 7.991193837663377764e+00 7.928915563580464010e+00 5.292783252292566409e+00 1.125677123785817990e+01 7.131709487776769940e+00 2.703940908404971921e+00 2.631301931965523089e+00 2.899999999999999911e+00 2.600000000000000089e+00 1.020000000000000018e+00
1.282113618935673038e+01 1.330950206918117829e+01 1.303213079652068451e+01 1.303961876257071140e+01 1.242500828856197614e+01 1.252819512967125171e+01 1.266982216098460867e+01 1.263644425553437145e+01 1.270152940867034097e+01 1.258526647199668602e+01 1.269252878206609836e+01 1.254296578561601194e+01 7.637888479303532208e+00 8.120251916206278509e+00 7.998676851862794202e+00 7.958489497816644942e+00 8.013949609842741850e+00 7.969572295540429785e+00 7.979348162075180717e+00 7.959579125987389148e+00 7.948798083939012216e+00 8.086732664718633501e+00 5.297502711194449709e+00 1.128644621283169869e+01 7.129310688642567229e+00 2.712285983257380906e+00 2.543654595641829719e+00 2.899999999999999911e+00 2.600000000000000089e+00 1.020000000000000018e+00
1.307134117153467123e+01 1.319696091053980425e+01 1.296222620605415798e+01 1.323014095717041627e+01 1.226944235762180924e+01 1.267832109625663861e+01 1.258172795991996473e+01 1.265769478655722402e+01 1.268014415109569448e+01 1.254496715668040174e+01 1.264263713904196074e+01 1.251573275634241433e+01 7.730822414377048979e+00 8.067957340110062603e+00 8.013345358039675403e+00 7.937590677228314462e+00 7.983162773308444038e+00 7.959666060688514122e+00 7.973535909237275732e+00 7.941329733955752701e+00 7.954411707030685008e+00 7.988576780336567040e+00 5.194647843334037063e+00 1.127880780817254092e+01 7.122011538210641923e+00 2.669547918689094246e+00 2.640387963530436366e+00 2.899999999999999911e+00 2.600000000000000089e+00 1.020000000000000018e+00
1.282378305892179249e+01 1.314573244718166123e+01 1.297658368590381528e+01 1.319017173213858740e+01 1.258250237539059135e+01 1.244802065030638083e+01 1.275724941343759333e+01 1.260429435524612529e+01 1.273428630533827821e+01 1.253089441353904299e+01 1.268489789352262065e+01 1.249885023179131416e+01 7.658702694518891185e+00 8.086915115971216039e+00 7.997410481055744924e+00 7.971072878878938006e+00 7.969826694971873238e+00 7.985724246015098338e+00 7.934983995682957314e+00 7.967182760444610601e+00 7.959617912685304830e+00 7.999634249772906713e+00 5.310660439601037730e+00 1.125400827935472137e+01 7.124234762571318491e+00 2.673320586702705004e+00 2.791839410223313500e+00 2.899999999999999911e+00 2.600000000000000089e+00 1.020000000000000018e+00
1.275421674652260862e+01 1.320888935863312241e+01 1.290527984853765631e+01 1.296888634716950861e+01 1.242677160620583443e+01 1.246922456445967242e+01 1.267478857695549266e+01 1.261904377418302481e+01 1.271689475680629045e+01 1.254667988636532705e+01 1.270074415055043993e+01 1.252333979463545433e+01 7.667421044815177389e+00 8.126530601005946153e+00 8.003732555723063413e+00 7.985324013888630112e+00 7.964333150964244545e+00 7.995314921049679668e+00 7.975510487642755386e+00 7.946599205560717749e+00 7.962433395862890784e+00 8.038280767712652874e+00 5.367315744801016919e+00 1.127286055185969360e+01 7.114683850037046398e+00 2.688890682757171469e+00 2.731696666049511002e+00 2.899999999999999911e+00 2.600000000000000089e+00 1.020000000000000018e+00
1.260737434354368602e+01 1.309259999923109952e+01 1.295309430992420729e+01 1.298880545399290476e+01 1.247108446104969204e+01 1.248722790706314356e+01 1.269704848855638879e+01 1.264631873165169118e+01 1.266754478306905440e+01 1.253735526847589909e+01 1.267689680428610544e+01 1.249090287500499485e+01 7.717001063911875569e+00 8.098339301885991048e+00 7.964586001464724063e+00 8.003583384998306016e+00 7.943399202136213866e+00 8.009674627612948683e+00 7.930069207631902373e+00 7.975990035659451749e+00 7.959590679871929808e+00 7.961106344653354761e+00 5.318489360418094947e+00 1.126251091799291437e+01 7.106383089122381591e+00 2.715400562124206107e+00 2.707010830564911874e+00 2.899999999999999911e+00 2.600000000000000089e+00 1.020000000000000018e+00
1.300240590107169503e+01 1.320478119171475662e+01 1.274625109871786854e+01 1.298333155055718180e+01 1.248137950375280170e+01 1.244845221448093042e+01 1.271787958166277832e+01 1.260534902494996246e+01 1.267288336256767600e+01 1.251995130779926235e+01 1.265223453495306494e+01 1.251458498137951025e+01 7.703453090809672332e+00 8.094349236268309156e+00 7.976299326892578812e+00 7.959145573138497021e+00 7.981486729860574947e+00 7.980023699803594717e+00 7.941363048629104249e+00 7.961897304950631415e+00 7.978336668029561984e+00 7.996633647072981077e+00 5.383419467328336872e+00 1.124344782632419815e+01 7.131543201126244291e+00 2.704015040002620829e+00 2.667670323307975710e+00 2.899999999999999911e+00 2.600000000000000089e+00 1.020000000000000018e+00
1.280358380972950627e+01 1.336084499677288484e+01 1.292476136729862723e+01 1.303863733949642700e+01 1.246080111986904448e+01 1.247332195131421706e+01 1.272134637919262445e+01 1.257558356913805930e+01 1.264672771903551762e+01 1.247940730931987297e+01 1.261632078951558533e+01 1.248942015541551775e+01 7.777178917093039878e+00 8.069174400991768081e+00 7.973823804269272841e+00 7.980987679112009126e+00 7.975368114587242374e+00 7.978337691933308662e+00 7.925954604078401466e+00 7.960742859765270296e+00 7.961275474746554615e+00 8.039012271170415502e+00 5.260797544414097082e+00 1.127087146760893610e+01 7.126012287022682301e+00 2.715159500844449791e+00 2.748241760662512689e+00 2.899999999999999911e+00 2.600000000000000089e+00 1.020000000000000018e+00
1.322075227680487686e+01 1.311324003891201606e+01 1.287866755685739939e+01 1.299928620216762276e+01 1.238024864094466615e+01 1.248717118796126080e+01 1.266879140347385402e+01 1.257667097659619770e+01 1.272091306398333899e+01 1.251690621760477740e+01 1.267698012551913855e+01 1.251595037343152939e+01 7.642047057982700231e+00 8.106173024284279549e+00 8.001422173129821402e+00 7.978301431247128761e+00 7.941431513009081122e+00 7.999089221968188390e+00 7.946462762361206522e+00 7.952923110505034643e+00 7.973728260221054853e+00 7.979194858288071401e+00 5.375801429023104205e+00 1.124318865601946449e+01 7.136439623983419800e+00 2.688259465138588489e+00 2.784679512090739273e+00 2.899999999999999911e+00 2.600000000000000089e+00 1.020000000000000018e+00
1.261902278435517033e+01 1.310882142335101541e+01 1.302115180370611824e+01 1.305880001556950809e+01 1.234604877509413789e+01 1.255457544100429956e+01 1.261095124621696328e+01 1.268198625795529821e+01 1.267763509966821545e+01 1.254259039569618217e+01 1.266586620709229649e+01 1.249589483891474373e+01 7.718534521262688131e+00 8.094319993340420183e+00 7.998548798691650141e+00 7.939533002235914516e+00 7.995123817452931547e+00 7.971142198146632829e+00 7.976617589209663350e+00 7.941819690661231057e+00 7.981273160245144993e+00 7.893785245129452122e+00 5.486699492225437069e+00 1.121904030509185368e+01 7.162706651620750264e+00 2.674233500394140872e+00 2.672281702601555065e+00 2.899999999999999911e+00 2.600000000000000089e+00 1.020000000000000018e+00
1.317521038130991151e+01 1.349038958943107147e+01 1.307181299388306250e+01 1.309693308901506192e+01 1.242373263344324030e+01 1.256327081206377727e+01 1.265799361313191618e+01 1.262770966666549555e+01 1.270511270101148327e+01 1.254149533663695415e+01 1.266538730607077312e+01 1.246691008748346263e+01 7.732753637356338139e+00 8.096566730564811465e+00 7.990623987250464744e+00 7.959995132477583724e+00 7.945231755923454209e+00 7.983892470107281092e+00 7.954541287223003465e+00 7.950906038648491325e+00 7.965495485425001299e+00 7.944420757570043179e+00 5.330216329042412049e+00 1.124078792090475964e+01 7.135502039639397331e+00 2.711015781606453068e+00 2.683942354579050171e+00 2.899999999999999911e+00 2.600000000000000089e+00 1.020000000000000018e+00
1.291652430658676387e+01 1.318522329771422541e+01 1.274676756246990728e+01 1.315897119620588995e+01 1.254748752966281167e+01 1.242331809631112627e+01 1.271706298679073477e+01 1.254013208422822778e+01 1.274878620466258461e+01 1.250054865228222845e+01 1.272804446548896884e+01 1.251684456222418085e+01 7.642685328462595962e+00 8.132477531504731516e+00 7.987574052315355999e+00 7.957821123031118660e+00 7.967669457731752836e+00 7.992789972285606837e+00 7.982342420099638680e+00 7.967229019567092507e+00 7.938709330243209017e+00 8.052372731926398686e+00 5.317281729568822612e+00 1.126871549777589188e+01 7.129262929881066135e+00 2.686841580974197896e+00 2.847234774750309061e+00 2.899999999999999911e+00 2.600000000000000089e+00 1.020000000000000018e+00
1.292905570336047028e+01 1.340617656484251796e+01 1.291992767990505442e+01 1.299372411596831789e+01 1.247457328033178392e+01 1.242668764425855699e+01 1.267410600717636981e+01 1.256900278360638268e+01 1.268174306320685929e+01 1.248957652347951175e+01 1.264837549290888319e+01 1.251552084120870489e+01 7.693774467717345189e+00 8.067010869364350967e+00 7.995222828936828563e+00 7.964441263667668025e+00 7.943877131821685644e+00 7.989482403140440780e+00 7.961900573239478973e+00 7.937997602943349662e+00 7.958009435280473554e+00 8.081869523065064342e+00 5.212607432590425915e+00 1.126897632632369195e+01 7.142564268187838294e+00 2.667488324650935105e+00 2.799832369266353371e+00 2.899999999999999911e+00 2.600000000000000089e+00 1.020000000000000018e+00
1.247605973772124344e+01 1.306761662057270001e+01 1.288889597274661192e+01 1.289236544316345245e+01 1.243309263532124653e+01 1.251810324495620108e+01 1.270706672898782941e+01 1.262349910095706917e+01 1.264272956680881244e+01 1.248469575090933326e+01 1.260365907762172633e+01 1.250887469930699503e+01 7.815945049788760812e+00 8.066427022252641521e+00 7.976765891322533442e+00 7.965071548837544313e+00 7.952064386074208180e+00 7.989831339777165198e+00 7.953141272481311752e+00 7.931053582706816485e+00 8.000676432277414207e+00 7.921952385308672184e+00 5.426703815547943677e+00 1.122094190725062646e+01 7.155533220385959403e+00 2.657613386233974584e+00 2.772933951197966262e+00 2.899999999999999911e+00 2.600000000000000089e+00 1.020000000000000018e+00
1.312181146057616665e+01 1.297724289314282409e+01 1.311962084737278822e+01 1.288520763925103552e+01 1.238351229374829821e+01 1.251705565521987396e+01 1.264578396032852048e+01 1.263467866308117848e+01 1.263135826147582819e+01 1.253273863902644436e+01 1.266192433006474971e+01 1.253171443604841961e+01 7.682988115134312679e+00 8.111319472112880291e+00 7.977022576992520264e+00 7.991576906816685089e+00 7.965926699861249460e+00 7.997054358281168618e+00 7.939911073144147124e+00 7.966281738102714449e+00 7.946611239420530381e+00 8.076106436629759244e+00 5.315492467549960409e+00 1.127911565266193961e+01 7.117771636805660052e+00 2.730881651812543609e+00 2.660925389045481371e+00 2.899999999999999911e+00 2.600000000000000089e+00 1.020000000000000018e+00
1.264470326398326527e+01 1.332743895178304427e+01 1.285412822783902875e+01 1.309263436852507034e+01 1.245014932936442520e+01 1.241597643543032703e+01 1.285325578156141368e+01 1.250562340282807838e+01 1.276041708372780725e+01 1.248992040501260270e+01 1.266869061180351963e+01 1.254269706588289601e+01 7.662012453869748718e+00 8.083585419426791319e+00 7.980481867252929185e+00 7.977377509267137512e+00 7.957290590407865238e+00 7.988352591099697975e+00 7.939499008775460887e+00 7.950047359439212258e+00 7.953170573464939608e+00 8.041233776862842575e+00 5.309853424711395320e+00 1.125914728254032759e+01 7.125420389847428204e+00 2.697229604592900287e+00 2.708539336373710249e+00 2.899999999999999911e+00 2.600000000000000089e+00 1.020000000000000018e+00
1.293658780638095607e+01 1.318100449531754137e+01 1.259247148637790659e+01 1.304681963904691955e+01 1.235600960826302774e+01 1.254464694335144515e+01 1.267067573973110228e+01 1.257882661825955495e+01 1.262869489179990445e+01 1.251331285588283926e+01 1.262050981077844369e+01 1.252267000343180214e+01 7.743305779473621975e+00 8.046789991597785630e+00 7.998641293400842400e+00 7.946645752458294965e+00 7.962453296839814954e+00 7.987334354729916264e+00 7.942252774215783795e+00 7.960842108251543259e+00 7.940784330349852205e+00 8.100239949504551618e+00 5.204412590296704444e+00 1.126385715751786520e+01 7.128027816213578838e+00 2.720980131385136502e+00 2.681295054996367888e+00 2.899999999999999911e+00 2.600000000000000089e+00 1.020000000000000018e+00
1.274837002794001606e+01 1.323054809257978448e+01 1.295695777361216905e+01 1.297157616061794450e+01 1.238613111069042461e+01 1.243213454263096196e+01 1.276107254073655461e+01 1.250664744106498993e+01 1.268751146756866355e+01 1.245277250630558719e+01 1.266058011639223047e+01 1.250254979772898167e+01 7.690318059066841627e+00 8.089910104792323864e+00 7.980865239829757485e+00 7.968940262104350580e+00 7.956133515349987917e+00 8.001142001977717300e+00 7.933955986078347955e+00 7.961424330991574649e+00 7.968032406251089661e+00 8.127613715926271354e+00 5.343065520061666795e+00 1.126251898655550576e+01 7.099166305134752442e+00 2.746181314763953996e+00 2.671723131946722063e+00 2.899999999999999911e+00 2.600000000000000089e+00 1.020000000000000018e+00
1.294337197174404785e+01 1.305151411744490986e+01 1.285041411179365056e+01 1.310331787074915511e+01 1.251996566593171600e+01 1.235874158749976459e+01 1.274821951861746783e+01 1.256422631159169434e+01 1.268476512090922270e+01 1.251327415035632384e+01 1.266463216818273274e+01 1.247014955992408503e+01 7.785772055251348078e+00 8.108682769845154681e+00 7.988249872678570895e+00 7.968426430397347104e+00 7.966882648750131857e+00 7.991012410060267079e+00 7.943197551890987640e+00 7.956017471781003714e+00 7.961232557411267230e+00 8.126056994622301133e+00 5.275603311036981324e+00 1.126425555462760286e+01 7.112597030764771233e+00 2.704268920027930179e+00 2.676944180882892432e+00 2.899999999999999911e+00 2.600000000000000089e+00 1.020000000000000018e+00
1.299840182021509527e+01 1.328159343648659352e+01 1.290286552535394549e+01 1.310264384850299102e+01 1.252436964966530475e+01 1.238780286418640308e+01 1.268781310546546059e+01 1.260125148704623399e+01 1.263870700418789284e+01 1.250915545416575547e+01 1.263629023587572142e+01 1.251262448167204688e+01 7.723477311191073724e+00 8.081560067511476930e+00 7.982800172597340094e+00 7.975969857146896658e+00 7.962818847588028603e+00 7.978795742904909893e+00 7.946541453018402201e+00 7.938456912394152631e+00 7.978627685984186257e+00 8.021554110318328767e+00 5.234994071563376927e+00 1.128333718312330802e+01 7.110302677353679712e+00 2.716729965570058525e+00 2.662284229907336375e+00 2.899999999999999911e+00 2.600000000000000089e+00 1.020000000000000018e+00
1.332157734946237859e+01 1.329384479246827766e+01 1.303267022494741312e+01 1.304602281814109688e+01 1.253820380837928461e+01 1.243805604172876578e+01 1.260930630156988386e+01 1.264905265633049503e+01 1.269865987108278560e+01 1.254469543545062216e+01 1.265068110844052462e+01 1.249001062457549160e+01 7.741812246982702206e+00 8.081636451916361708e+00 8.017006361109881851e+00 7.957265898531533210e+00 7.963619880028018017e+00 7.983845004894036812e+00 7.973979804518871894e+00 7.936520188219460259e+00 7.970080065415864112e+00 7.989854120468761423e+00 5.348848661120323200e+00 1.125176658821492559e+01 7.128939504308713815e+00 2.686574765079174032e+00 2.648885393191884763e+00 2.899999999999999911e+00 2.600000000000000089e+00 1.020000000000000018e+00
1.320324072142576632e+01 1.343144032451075987e+01 1.315105813502221999e+01 1.323164758331515678e+01 1.253603558112494376e+01 1.246014125956014063e+01 1.274260022119706726e+01 1.265031535584188305e+01 1.272061980549244531e+01 1.257864034185650226e+01 1.269936118591666130e+01 1.248529862969315829e+01 7.686319690628174328e+00 8.064677212513130300e+00 8.033195268347073537e+00 7.945883645832896747e+00 7.971558366752232061e+00 7.990156305939339454e+00 7.967367360033209778e+00 7.937601225416126560e+00 7.954789554795651974e+00 7.989438858693423740e+00 5.225292097991001583e+00 1.129699351357456116e+01 7.104634728174787917e+00 2.682992090329497703e+00 2.730901739219076418e+00 2.899999999999999911e+00 2.600000000000000089e+00 1.020000000000000018e+00
1.325982275888910245e+01 1.332391812952388399e+01 1.277161901019556822e+01 1.287197555632688051e+01 1.235894152876005769e+01 1.254311472627014901e+01 1.269581534076337093e+01 1.261334372667932335e+01 1.269049191370515572e+01 1.254042960068350432e+01 1.269828851131146941e+01 1.257925601208951960e+01 7.533225467334553116e+00 8.083519351771505157e+00 8.018050341260430258e+00 7.963824604977735255e+00 7.969623267809014422e+00 7.985449177013165034e+00 7.992766558757814721e+00 7.929386884287055182e+00 7.985828550591402397e+00 7.990614469996350167e+00 5.364996899088073867e+00 1.123309539119188649e+01 7.152635658796221207e+00 2.715518640212370549e+00 2.724868506478915098e+00 2.899999999999999911e+00 2.600000000000000089e+00 1.020000000000000018e+00
1.288749571222629164e+01 1.323436582800579231e+01 1.288880021256401598e+01 1.308927024090682600e+01 1.238974815127410167e+01 1.254432972969871329e+01 1.264213268848957128e+01 1.263844660281015031e+01 1.267125757440805245e+01 1.253838699822246738e+01 1.265733247056073019e+01 1.251396790309430251e+01 7.697754628574426938e+00 8.077088318923618004e+00 7.986231281432137230e+00 7.975764438794621825e+00 7.941109696957162178e+00 7.999148911205043788e+00 7.955273997719713108e+00 7.951369987729011157e+00 7.954984801302497743e+00 8.060001795832617333e+00 5.247162943201685081e+00 1.127029328324804247e+01 7.143619398960721512e+00 2.705441283962818577e+00 2.515832435919510335e+00 2.899999999999999911e+00 2.600000000000000089e+00 1.020000000000000018e+00
1.299926247295867299e+01 1.327583613528205930e+01 1.292925060388614789e+01 1.307001999034237549e+01 1.233191492138275080e+01 1.255254483189618142e+01 1.265817101879111384e+01 1.262858654049501794e+01 1.269067897801140354e+01 1.252504435257033144e+01 1.267898113700618623e+01 1.252179471933654398e+01 7.618495345234089555e+00 8.123305091495135244e+00 7.988428875051647893e+00 7.974311546934785611e+00 7.960641737365233617e+00 7.984421209181761014e+00 7.969203498010084985e+00 7.956119603024669473e+00 7.960262485781983699e+00 8.094342649127497680e+00 5.388090267057386917e+00 1.124699951855166624e+01 7.139647696169721947e+00 2.693408209635557604e+00 2.736885513167258921e+00 2.899999999999999911e+00 2.600000000000000089e+00 1.020000000000000018e+00
1.324540943056319975e+01 1.340636852735799422e+01 1.291068236068670139e+01 1.317024632107986903e+01 1.234807264303496588e+01 1.251211840301668765e+01 1.264828923384641790e+01 1.259451865663307579e+01 1.265187526248027794e+01 1.250489643523669336e+01 1.266940447336913422e+01 1.246843595639421842e+01 7.745991323608921064e+00 8.102221765828231170e+00 8.015121035006661288e+00 7.941945287507850004e+00 7.998217489613312914e+00 7.962836385090748870e+00 7.973164593871268302e+00 7.965685978913072063e+00 7.949830963918429028e+00 8.094275798566133773e+00 5.376915404396182652e+00 1.124025588051851443e+01 7.135454986749246054e+00 2.719016618670976548e+00 2.630329142984146884e+00 2.899999999999999911e+00 2.600000000000000089e+00 1.020000000000000018e+00
1.325000787075126141e+01 1.309180534727512679e+01 1.295696005269678786e+01 1.302010668071298483e+01 1.246302837270148345e+01 1.252261703951896621e+01 1.265272468076185319e+01 1.262336016934416705e+01 1.264031498206330717e+01 1.253855426805180961e+01 1.265985660041793004e+01 1.250312697741087753e+01 7.723680329845111103e+00 8.115303210124141131e+00 7.987135088006085404e+00 7.963609153735505153e+00 7.974545880058743208e+00 7.979814785637782570e+00 7.956426374751374375e+00 7.971102362864980861e+00 7.936814252584873941e+00 8.045312956302831608e+00 5.331887475393918940e+00 1.126503274249812669e+01 7.128226817336243748e+00 2.726208546417750789e+00 2.692930091419164285e+00 2.899999999999999911e+00 2.600000000000000089e+00 1.020000000000000018e+00
1.278904400226815596e+01 1.353694768077970778e+01 1.298696712783288376e+01 1.327031202296258883e+01 1.230861092952621760e+01 1.252026079057970698e+01 1.277314773211061727e+01 1.256242719272865394e+01 1.275840400845571487e+01 1.247176705895761017e+01 1.268347780137404790e+01 1.247734694364440067e+01 7.690796448855224732e+00 8.134272387005049509e+00 8.006956172311658904e+00 7.969154482169035880e+00 7.945183435081749401e+00 8.015026079221382105e+00 7.938674840711976266e+00 7.955147414452853560e+00 7.965952293391682204e+00 8.045197052629907475e+00 5.462522321547710114e+00 1.122031863732233425e+01 7.142422984722447410e+00 2.664516234617144708e+00 2.692964892494910334e+00 2.899999999999999911e+00 2.600000000000000089e+00 1.020000000000000018e+00
1.275030366240816093e+01 1.334317494148447203e+01 1.298951779049399313e+01 1.299860824336176890e+01 1.243342804293282633e+01 1.252153590045163334e+01 1.274734995250476643e+01 1.257543864085767815e+01 1.270312569241911405e+01 1.252884441542743232e+01 1.271661077516506211e+01 1.252460587008852322e+01 7.518334664493626640e+00 8.133629819382083070e+00 8.013400091655318747e+00 7.951468553486204627e+00 7.953418900634288136e+00 8.012502618279867761e+00 7.950890615381937643e+00 7.972073436322761886e+00 7.953275458524946551e+00 7.979018936709752374e+00 5.265810896646144101e+00 1.128478139559260107e+01 7.092052018249328071e+00 2.760947866163559361e+00 2.525914675970107215e+00 2.899999999999999911e+00 2.600000000000000089e+00 1.020000000000000018e+00
1.342113262033952559e+01 1.312014221810526315e+01 1.313311436100867269e+01 1.304048610194493918e+01 1.233197567201208145e+01 1.262123319590531345e+01 1.265051965905714582e+01 1.263118877038390586e+01 1.262476425928264945e+01 1.254537180905273885e+01 1.262937952622214510e+01 1.249398086746509584e+01 7.636123810382762223e+00 8.104692024535733452e+00 7.975493049049404704e+00 7.976208713315664944e+00 7.944700713830754601e+00 7.986910641233504471e+00 7.921233858216274903e+00 7.946385890249848316e+00 7.963369377144459804e+00 7.987459521920874828e+00 5.304638847669056467e+00 1.124424044284675794e+01 7.142548156641796098e+00 2.676305880251381719e+00 2.748439361786378488e+00 2.899999999999999911e+00 2.600000000000000089e+00 1.020000000000000018e+00
1.303878209975541758e+01 1.311015743663999977e+01 1.304485438515479068e+01 1.303576489455096699e+01 1.243943846373715623e+01 1.255854475705021045e+01 1.264707275410441412e+01 1.262036302606776417e+01 1.263635353929801219e+01 1.256191598074935456e+01 1.264719561201651743e+01 1.253562404663706964e+01 7.777294358103524985e+00 8.081048971690478311e+00 8.000498072291335916e+00 7.982547495120519088e+00 7.950809005329873003e+00 7.994201919567026415e+00 7.973595012809155058e+00 7.950948614457149510e+00 7.961302473211403274e+00 8.007602474426944283e+00 5.228747299981260532e+00 1.129479340615134397e+01 7.117127408304503078e+00 2.705364642427320110e+00 2.650863186185223430e+00 2.899999999999999911e+00 2.600000000000000089e+00 1.020000000000000018e+00
1.302130549063454090e+01 1.352459164624093546e+01 1.289546780981996399e+01 1.308438309756695794e+01 1.228596152029585831e+01 1.253809112127651915e+01 1.264029853091992983e+01 1.261668968653339817e+01 1.261321068536178380e+01 1.251662250277061439e+01 1.263674005995151184e+01 1.248052785036579060e+01 7.769902623735752911e+00 8.107326428798057094e+00 7.989823728088239818e+00 7.986451901914207063e+00 7.951287617236276084e+00 7.993234952460511522e+00 7.935537326597692065e+00 7.955618836677593286e+00 7.976130015380721083e+00 7.934932677875463192e+00 5.340502051659068883e+00 1.124359598075133526e+01 7.138047401324715935e+00 2.682665258414958398e+00 2.735611694467801502e+00 2.899999999999999911e+00 2.600000000000000089e+00 1.020000000000000018e+00
1.267059359662314577e+01 1.320366146544117392e+01 1.295158763219043863e+01 1.312830835701789844e+01 1.250689452935694312e+01 1.251896208030502500e+01 1.260480693791484619e+01 1.267534722305161488e+01 1.269141816530013500e+01 1.255318729862548466e+01 1.266329056614148207e+01 1.249697012512973515e+01 7.699510251375477843e+00 8.088744352545299776e+00 8.010529232250711118e+00 7.960585013780135277e+00 7.960453293620938453e+00 7.982484067884549006e+00 7.944008857634382359e+00 7.962502661158777251e+00 7.963798504216652141e+00 8.003933977551433543e+00 5.278325986625211463e+00 1.125878017441566925e+01 7.136836196286791001e+00 2.684910976856704767e+00 2.698744314139386091e+00 2.899999999999999911e+00 2.600000000000000089e+00 1.020000000000000018e+00
1.308237287059427878e+01 1.316988735948874734e+01 1.279156412953395794e+01 1.296788402158508902e+01 1.230653564334810923e+01 1.252062322723896060e+01 1.266745430289356733e+01 1.261509085091414484e+01 1.264756944583356990e+01 1.252139334207655352e+01 1.264482441944327284e+01 1.248135179800670969e+01 7.742563124351787174e+00 8.091196170568613510e+00 7.998359633368481880e+00 7.966091706413859441e+00 7.976161727874596430e+00 7.991388994481122943e+00 7.928919657101728191e+00 7.966846674662455996e+00 7.963285884696946759e+00 8.003436674594942346e+00 5.270423167639152418e+00 1.127385239418608975e+01 7.127553284774521103e+00 2.721193468576279972e+00 2.631331489463705875e+00 2.899999999999999911e+00 2.600000000000000089e+00 1.020000000000000018e+00
1.288454776870535490e+01 1.344666948030729614e+01 1.300217072750487901e+01 1.294620481817825741e+01 1.242231211005331737e+01 1.253151703286278007e+01 1.269722906201795176e+01 1.260041222503327418e+01 1.268066813808457383e+01 1.252918011471115101e+01 1.266956206531722806e+01 1.252393549058788480e+01 7.720381247881463516e+00 8.078601231817595263e+00 8.003801857551989585e+00 7.954064305456194361e+00 7.959854582561676217e+00 7.976471185471254444e+00 7.969456640195792474e+00 7.948308248415387745e+00 7.959745200959527978e+00 8.000663638622052432e+00 5.370660054456871890e+00 1.126004250719995881e+01 7.125536488135069568e+00 2.671300120601213912e+00 2.716848738067791924e+00 2.899999999999999911e+00 2.600000000000000089e+00 1.020000000000000018e+00
1.257360980497321634e+01 1.316667531565062887e+01 1.311420345840231327e+01 1.311728378005774154e+01 1.258708284287211043e+01 1.251662975141280221e+01 1.257072284727960287e+01 1.264656206929022453e+01 1.266251407241862204e+01 1.256907160008990765e+01 1.266393533319815390e+01 1.250343535062356182e+01 7.726939964794899751e+00 8.098346373916697871e+00 7.984553378372152288e+00 7.977861262582494284e+00 7.974520698191081003e+00 8.002032965230139183e+00 7.943284398247635991e+00 7.989400854099322657e+00 7.950533127218750273e+00 8.052688667889794871e+00 5.312744461690652287e+00 1.127677983104071124e+01 7.125084930663512672e+00 2.732795650640314378e+00 2.677364313540250507e+00 2.899999999999999911e+00 2.600000000000000089e+00 1.020000000000000018e+00
1.239551357417856359e+01 1.342683761651842822e+01 1.282439797457002939e+01 1.318367854195118305e+01 1.230420722954779222e+01 1.258011014726509913e+01 1.269886546319804488e+01 1.257470067619963672e+01 1.277766291251117536e+01 1.251766649778197404e+01 1.273923087432967804e+01 1.246883930185887657e+01 7.627492164425209609e+00 8.117843477080697312e+00 8.006859268384820538e+00 7.969658275192307073e+00 7.980497285243141725e+00 7.976085870654572751e+00 7.955026445204622654e+00 7.993011698017656208e+00 7.940796410448383469e+00 8.136676884794066922e+00 5.279368135324453704e+00 1.128757384393222907e+01 7.082528687995508498e+00 2.727668577641014114e+00 2.627037928773670039e+00 2.899999999999999911e+00 2.600000000000000089e+00 1.020000000000000018e+00
1.316412167037873893e+01 1.337345903499627298e+01 1.285196286567864554e+01 1.302164252254008403e+01 1.245474612698376582e+01 1.257124839192335308e+01 1.263752514612909650e+01 1.262310682924504235e+01 1.271653008195440115e+01 1.249346771421304680e+01 1.268886665545103831e+01 1.245953258683578468e+01 7.724077601150106887e+00 8.082831269076772074e+00 7.995182323451311746e+00 7.982051204072421413e+00 7.954367880080395636e+00 7.984091505866033778e+00 7.957786902228763282e+00 7.948248929915998851e+00 7.973056305160996615e+00 7.971014548452962423e+00 5.173095863674651795e+00 1.131448488661025031e+01 7.102255160459994165e+00 2.717427925851001458e+00 2.692885206749121352e+00 2.899999999999999911e+00 2.600000000000000089e+00 1.020000000000000018e+00
1.305470577173189639e+01 1.336192163497348773e+01 1.300351115760417819e+01 1.305035808962367305e+01 1.253276194734603166e+01 1.237519533014440398e+01 1.287238705635330049e+01 1.252753904618568193e+01 1.274190505179207200e+01 1.249673845689728857e+01 1.268118594984504099e+01 1.248925292068370574e+01 7.698273750617723010e+00 8.116784387887189922e+00 7.961721082640572433e+00 7.974627514408679119e+00 7.969795687842053944e+00 7.994838762726498516e+00 7.903309924246682883e+00 7.985136872905957972e+00 7.943061019128593081e+00 8.074111018378737015e+00 5.276280570853334240e+00 1.124403105640502432e+01 7.153506316656748076e+00 2.654315873538605430e+00 2.766756841767417541e+00 2.899999999999999911e+00 2.600000000000000089e+00 1.020000000000000018e+00
1.306690581510352445e+01 1.311801173202953130e+01 1.291176552462380300e+01 1.290961098022821041e+01 1.255976749378451984e+01 1.242377879251029604e+01 1.270218967471453020e+01 1.255434100054403856e+01 1.261274839187905172e+01 1.252872515650731700e+01 1.261415212777082751e+01 1.255501802987914850e+01 7.787167728170291348e+00 8.048908493647532580e+00 8.004059672218961197e+00 7.959187536738785873e+00 7.948832512348916524e+00 8.006545229811178999e+00 7.971616789588073182e+00 7.945167687054141226e+00 7.943846927316491779e+00 8.080169409673823466e+00 5.188665789762754166e+00 1.130701359269589723e+01 7.130938616465967606e+00 2.663762235364009801e+00 2.800822013194011362e+00 2.899999999999999911e+00 2.600000000000000089e+00 1.020000000000000018e+00
1.306362246792380155e+01 1.283360067790996162e+01 1.266566734060711319e+01 1.302037598348773351e+01 1.237070486480969578e+01 1.249289467630592121e+01 1.274212217102190614e+01 1.253695291754181440e+01 1.268098906530464731e+01 1.249590777612749726e+01 1.267649262101562790e+01 1.252335837878641200e+01 7.741770723810217802e+00 8.093361077762642353e+00 8.005145660548038222e+00 7.974912214801076260e+00 7.971260455759463071e+00 7.991086569749115576e+00 7.968520009282287653e+00 7.954521304713898289e+00 7.980612253645221976e+00 8.003584520975614680e+00 5.344760251700951592e+00 1.126872061197678043e+01 7.138736479955433367e+00 2.692600939585688025e+00 2.685167912074818197e+00 2.899999999999999911e+00 2.600000000000000089e+00 1.020000000000000018e+00
1.303991791650943455e+01 1.323460260833646451e+01 1.287978851883349662e+01 1.313601286440879434e+01 1.234508937636545944e+01 1.255835497491755248e+01 1.264914205773091460e+01 1.264250467801465305e+01 1.266623524948525237e+01 1.252123626153991331e+01 1.264701047245631571e+01 1.250128372981818181e+01 7.660150007764248592e+00 8.087370315238299412e+00 7.974974621938344832e+00 7.974605015242562267e+00 7.990152759978675689e+00 7.960960372177274813e+00 7.944491177209147992e+00 7.946724228995909023e+00 7.975765705660838201e+00 7.955272545693903297e+00 5.316331720291816332e+00 1.125194985885214116e+01 7.102723211012106574e+00 2.685643421030764699e+00 2.773583249782565652e+00 2.899999999999999911e+00 2.600000000000000089e+00 1.020000000000000018e+00
1.296331029862276374e+01 1.320348913258456491e+01 1.281427103588923799e+01 1.291471389041653417e+01 1.242491804541182177e+01 1.256258138041481587e+01 1.266273993228885786e+01 1.266971157173117390e+01 1.265521765497817874e+01 1.256730171325739143e+01 1.262186520427190572e+01 1.253475978556803838e+01 7.689532743828514150e+00 8.080051337958318314e+00 8.004248018969885692e+00 7.964823196668794125e+00 7.966275514523863954e+00 7.993062644240086279e+00 7.950036944690153540e+00 7.958381691515890033e+00 7.962922990324355688e+00 8.029005357516968644e+00 5.275601132312351282e+00 1.127073130896096487e+01 7.128713287490716866e+00 2.716651369142936812e+00 2.657288450253771028e+00 2.899999999999999911e+00 2.600000000000000089e+00 1.020000000000000018e+00
1.283263445386295665e+01 1.348788709945508657e+01 1.308295213283145486e+01 1.313499658149609672e+01 1.246750154315045833e+01 1.248696402295106544e+01 1.258311164577000163e+01 1.266418702466531876e+01 1.267103283690751958e+01 1.255624628201990767e+01 1.266583373816300906e+01 1.249301228173046141e+01 7.739243495008738982e+00 8.087821525362203445e+00 8.030414281847800595e+00 7.929433761950305914e+00 7.980956171164750756e+00 7.984351132739266887e+00 7.964218688028299020e+00 7.973371039349320455e+00 7.949453769657677249e+00 8.105779012923735038e+00 5.201715685399533662e+00 1.127857842636699814e+01 7.143772761535828408e+00 2.709035339041641954e+00 2.680290302959246418e+00 2.899999999999999911e+00 2.600000000000000089e+00 1.020000000000000018e+00
1.306824238153964579e+01 1.328710552243773613e+01 1.287307306080052705e+01 1.311329906806436973e+01 1.245886345944937723e+01 1.244277210896842512e+01 1.270925228572510868e+01 1.260327179814280107e+01 1.263102439687197887e+01 1.253281498776563296e+01 1.264388322047348723e+01 1.249934054716047349e+01 7.658213544956050001e+00 8.054766505902113849e+00 8.027075986055844936e+00 7.940455090485585288e+00 7.951056329734760730e+00 7.977419148859019593e+00 7.975127120610839171e+00 7.941841879968170481e+00 7.963285994929107936e+00 8.023706694449506571e+00 5.384956204328325668e+00 1.123335560878916084e+01 7.129469885380868455e+00 2.735945916157205726e+00 2.696458045429860118e+00 2.899999999999999911e+00 2.600000000000000089e+00 1.020000000000000018e+00
1.313503480301081261e+01 1.309591582942429788e+01 1.298916686940533260e+01 1.305226338212162140e+01 1.250481848199434864e+01 1.249684122657580865e+01 1.266543574082865042e+01 1.258612555294434010e+01 1.268317164074700187e+01 1.254405808363639530e+01 1.265548990588006006e+01 1.255324504229385774e+01 7.658062347880369991e+00 8.086485089573159257e+00 7.990227628242469571e+00 7.956686486296775662e+00 7.949575830217268546e+00 7.985711305632477774e+00 7.958041876877243403e+00 7.967205729389927882e+00 7.953251861269226453e+00 8.023475419646484141e+00 5.166093656430705394e+00 1.129350062909995955e+01 7.140335539850565461e+00 2.680520786519760446e+00 2.756032407501516346e+00 2.899999999999999911e+00 2.600000000000000089e+00 1.020000000000000018e+00
1.318943228017439218e+01 1.340335191523744029e+01 1.280075359186484363e+01 1.313239777288927179e+01 1.249104433074141340e+01 1.247028906870587583e+01 1.266815572240577659e+01 1.261060619213813894e+01 1.264345683468269677e+01 1.255295812063234351e+01 1.261860415128228574e+01 1.247463490207897152e+01 7.807783439552746785e+00 8.067879410215628155e+00 7.995037024900655709e+00 7.955971136399745625e+00 7.960975260479112414e+00 7.971501048089957742e+00 7.961024826745105365e+00 7.943844737966592184e+00 7.970369911207123792e+00 7.963477293122198652e+00 5.352846629721232929e+00 1.123540253399225897e+01 7.122459524727141833e+00 2.715586474387244653e+00 2.590662984197904084e+00 2.899999999999999911e+00 2.600000000000000089e+00 1.020000000000000018e+00
1.308871961314499899e+01 1.325171587126640382e+01 1.284215248798872899e+01 1.301717145170618828e+01 1.239495052745325410e+01 1.253814827101028051e+01 1.272027183968608988e+01 1.260833377628907570e+01 1.269203846716867012e+01 1.253028948257019870e+01 1.265356066327511542e+01 1.250442569580442687e+01 7.700083600704744846e+00 8.087716084135500694e+00 7.986669195833528967e+00 7.985385868248490837e+00 7.948303719512245458e+00 7.987826992983952046e+00 7.955581383127314332e+00 7.940798039683099496e+00 7.964027931844452013e+00 8.056096560659151251e+00 5.314504206665835007e+00 1.125759595151282078e+01 7.119934209528149260e+00 2.755041278718339370e+00 2.540015301310034168e+00 2.899999999999999911e+00 2.600000000000000089e+00 1.020000000000000018e+00
1.343655354140806146e+01 1.330617865132312083e+01 1.290017624413081521e+01 1.296740697560205646e+01 1.257163733598363464e+01 1.241550476477750387e+01 1.267043606013890056e+01 1.257312373966411023e+01 1.259864663835009502e+01 1.252260019547656178e+01 1.262245099002840654e+01 1.248604657388878536e+01 7.885079286500221052e+00 8.079236565578488793e+00 7.969972912210581129e+00 8.002180626688103260e+00 7.933034210093022232e+00 7.991501113850204341e+00 7.944055893452397932e+00 7.954044131733673417e+00 7.973176956365202628e+00 8.129306728746477972e+00 5.269372992684598245e+00 1.128555723105385944e+01 7.102658363144242593e+00 2.706676196903601728e+00 2.719958366184548115e+00 2.899999999999999911e+00 2.600000000000000089e+00 1.020000000000000018e+00
1.316370764251288250e+01 1.338741074701258604e+01 1.300437974958715692e+01 1.283783390328899365e+01 1.261536809976355045e+01 1.241433381898568733e+01 1.272734034123825708e+01 1.259690587957069319e+01 1.270717528962463838e+01 1.252064476357016254e+01 1.265181493286254266e+01 1.249796744690947747e+01 7.752144167988776147e+00 8.082643269578559497e+00 7.993507512775361867e+00 7.967195720216986743e+00 7.972162120969544574e+00 7.981866450698801962e+00 7.954082155977610036e+00 7.955103350125267703e+00 7.964117595189330601e+00 7.978862181742272242e+00 5.311758942022052565e+00 1.128104840182433044e+01 7.148371811063205961e+00 2.656962093110811107e+00 2.745048716605003936e+00 2.899999999999999911e+00 2.600000000000000089e+00 1.020000000000000018e+00
1.289750979891002203e+01 1.284500440189939141e+01 1.273011510235067156e+01 1.303997337819918378e+01 1.228357392327568576e+01 1.258465513933167657e+01 1.264802347006338756e+01 1.261068921469833803e+01 1.267663806585681918e+01 1.252937214618416029e+01 1.266860040464780113e+01 1.253435881591813406e+01 7.668307894096698440e+00 8.067276839214839512e+00 8.002390389871504084e+00 7.957996541328435924e+00 8.000564020547011879e+00 7.973028044465126030e+00 7.933425022783832326e+00 7.970297348040470631e+00 7.961330484381642592e+00 7.974440955303829348e+00 5.274118029338710656e+00 1.127774532505002014e+01 7.145131965566563714e+00 2.671340544900084435e+00 2.805464344812794497e+00 2.899999999999999911e+00 2.600000000000000089e+00 1.020000000000000018e+00
1.297238948273056991e+01 1.326080191560278720e+01 1.304341478107453511e+01 1.311484537310449383e+01 1.244831600076398992e+01 1.252449664556103137e+01 1.267213317316763721e+01 1.263540877431155884e+01 1.268346904620966953e+01 1.254534400237969649e+01 1.268094949918100589e+01 1.247505931310110583e+01 7.687712002147440771e+00 8.099330697018981340e+00 7.997319180592049825e+00 7.949611068681822879e+00 7.980447010083463688e+00 7.979113962434668750e+00 7.958861171072390661e+00 7.938291510983878752e+00 7.961953682746999661e+00 8.086918344651172319e+00 5.297834558560691853e+00 1.125827918207626865e+01 7.119835024853994554e+00 2.669373342539655525e+00 2.849826910717369710e+00 2.899999999999999911e+00 2.600000000000000089e+00 1.020000000000000018e+00
1.299762075915868209e+01 1.346283837201031730e+01 1.296942537082632363e+01 1.307484448100896834e+01 1.237338326132809563e+01 1.256618546957326821e+01 1.264820217600509977e+01 1.258915903528831493e+01 1.264547527097966828e+01 1.252104413275571382e+01 1.263235998570509899e+01 1.250741023200863644e+01 7.746075012574415553e+00 8.072220107763069308e+00 7.994191131324404509e+00 7.953916784072899482e+00 7.952531932149789817e+00 7.981894508093342111e+00 7.945838033995581640e+00 7.954493682681855304e+00 7.949929226634089297e+00 8.058929386069987544e+00 5.303176282291757637e+00 1.125643721715043455e+01 7.117645799963301378e+00 2.677973446080835096e+00 2.833076589674457413e+00 2.899999999999999911e+00 2.600000000000000089e+00 1.020000000000000018e+00
1.300877685251943383e+01 1.334239636313375854e+01 1.286413136200783214e+01 1.301938115315122779e+01 1.233160439414457166e+01 1.255615954478747831e+01 1.259214941632604479e+01 1.259143205758998185e+01 1.260145759578933777e+01 1.249411120879625336e+01 1.261318859268736681e+01 1.248406314568338615e+01 7.792954295327469971e+00 8.108019245060255287e+00 7.996690386611122747e+00 7.978252193801622205e+00 7.956708268920268168e+00 7.997756625223209070e+00 7.956790837716855691e+00 7.926275121795067768e+00 7.972872774502706150e+00 8.030180304785011103e+00 5.233420403103107077e+00 1.128368921970081296e+01 7.122573916184061993e+00 2.752367299308780435e+00 2.671643338026340686e+00 2.899999999999999911e+00 2.600000000000000089e+00 1.020000000000000018e+00
1.254181247267377941e+01 1.335349576910482838e+01 1.297648502857975217e+01 1.318772505745335621e+01 1.249604216899209774e+01 1.247407312425385406e+01 1.274323741198913673e+01 1.259923385609616098e+01 1.270455006457943092e+01 1.255480810572590755e+01 1.268559137965869787e+01 1.255915411218078859e+01 7.589660303110377093e+00 8.065708280605564440e+00 8.026503119936059250e+00 7.915411188533846953e+00 8.002976745756997801e+00 7.975422112601339819e+00 7.937220578949846228e+00 7.966523139495417460e+00 7.976836684315452786e+00 7.961057671636019961e+00 5.401727213218651791e+00 1.121650338896130528e+01 7.141273259389099515e+00 2.677431006930163893e+00 2.919770792941811077e+00 2.899999999999999911e+00 2.600000000000000089e+00 1.020000000000000018e+00
1.292238767460005633e+01 1.293799837539373598e+01 1.283474173531814877e+01 1.302558128249343916e+01 1.235298297659802991e+01 1.256876867483113003e+01 1.271182391292147962e+01 1.263436688552958920e+01 1.269672068199793635e+01 1.252120918064617783e+01 1.267140848078154036e+01 1.252407702503788300e+01 7.624797541215292185e+00 8.097287090525551179e+00 7.972594385869664180e+00 7.987638270390357675e+00 7.964580765595716372e+00 7.971897412285158246e+00 7.945560797415809340e+00 7.965556696117216617e+00 7.969532579295246499e+00 7.996123227783884069e+00 5.400129863743262426e+00 1.123929563480369431e+01 7.140762021339940979e+00 2.691997333635338219e+00 2.774671509301861239e+00 2.899999999999999911e+00 2.600000000000000089e+00 1.020000000000000018e+00
1.271114665787258780e+01 1.296856840112460141e+01 1.274477942811014941e+01 1.313910166707529825e+01 1.243273422102115866e+01 1.248576566766214313e+01 1.272675126089919218e+01 1.259454698304578280e+01 1.273960095422312122e+01 1.253990431081583701e+01 1.268048454254505586e+01 1.250328357754331776e+01 7.689410069217743171e+00 8.105052633369224324e+00 7.991423119392932151e+00 7.971938986692673978e+00 7.966755758483657246e+00 7.982907755665508809e+00 7.964907521532284207e+00 7.960442392083588281e+00 7.968540673283357911e+00 7.998783151002740510e+00 5.342961938624761764e+00 1.126161594717892456e+01 7.116454900751175927e+00 2.725624946356014267e+00 2.622267794005656683e+00 2.899999999999999911e+00 2.600000000000000089e+00 1.020000000000000018e+00
1.297594984846065636e+01 1.311359017809323291e+01 1.279711476286903249e+01 1.296559005480342464e+01 1.241538634013143394e+01 1.238906837141138340e+01 1.272561078223377606e+01 1.257591142917155835e+01 1.268852372919391946e+01 1.254686786320534608e+01 1.268431553112062282e+01 1.253522097646523292e+01 7.668467198077482117e+00 8.133777733250866504e+00 7.987618496438340543e+00 7.975292365733056776e+00 7.955009115812536891e+00 8.011875851903797141e+00 7.942502150926226356e+00 7.961304922168168652e+00 7.941461233235166617e+00 8.115573277623919779e+00 5.437154522384036071e+00 1.123628253651834186e+01 7.140579526947277600e+00 2.696756978498012547e+00 2.661249319218572662e+00 2.899999999999999911e+00 2.600000000000000089e+00 1.020000000000000018e+00
1.316280239795388241e+01 1.346860844221076903e+01 1.294464508655221202e+01 1.297905212273726505e+01 1.237722872932259222e+01 1.248940361913662578e+01 1.268683993563462309e+01 1.255698485392011499e+01 1.269816252651015454e+01 1.249214994227298092e+01 1.265010963175684644e+01 1.249284761891239803e+01 7.657861553682001166e+00 8.084406737885386107e+00 7.999040701293864686e+00 7.983691648208503189e+00 7.940179871287753599e+00 7.992268341696682654e+00 7.948173528691657275e+00 7.952051794946464192e+00 7.965143445133697320e+00 8.102987134139194580e+00 5.334437236234744084e+00 1.127698601967273362e+01 7.097344406334515909e+00 2.727361273946069087e+00 2.681879711181445636e+00 2.899999999999999911e+00 2.600000000000000089e+00 1.020000000000000018e+00
1.304566760439343120e+01 1.305302805488504525e+01 1.284406041015842526e+01 1.292536131338946426e+01 1.242990438932635300e+01 1.243633855749028427e+01 1.281043519198333236e+01 1.256332136996009119e+01 1.270663513194904226e+01 1.250651201186056127e+01 1.266884174917943895e+01 1.251718210139131138e+01 7.666168132517822364e+00 8.119050787622583698e+00 7.972733418585915999e+00 7.984202728837211716e+00 7.928763716247838822e+00 8.003504539296603326e+00 7.927563540803367559e+00 7.973217971505616397e+00 7.937433506574230968e+00 8.056298946657427962e+00 5.274794802355554424e+00 1.125022415540935050e+01 7.152882752766827501e+00 2.647890146654376053e+00 2.811075309243669551e+00 2.899999999999999911e+00 2.600000000000000089e+00 1.020000000000000018e+00
1.289446630637284663e+01 1.319126480139560798e+01 1.273284614103946666e+01 1.312385407993985709e+01 1.248003590053249034e+01 1.238418926783033847e+01 1.278864772799804328e+01 1.251433471246601847e+01 1.268991642750140869e+01 1.251137948523453503e+01 1.268002572677181838e+01 1.252882220590407059e+01 7.680559421480236182e+00 8.093320522822251561e+00 7.976991002644271411e+00 7.979080562885307870e+00 7.966124302704245430e+00 8.000412858715094444e+00 7.904757747251678346e+00 7.978422375429309987e+00 7.964653421944857037e+00 8.039235827389738631e+00 5.292108485839550625e+00 1.127557770413228155e+01 7.114026562590943570e+00 2.681321250668066369e+00 2.813637215779638545e+00 2.899999999999999911e+00 2.600000000000000089e+00 1.020000000000000018e+00
1.316533319427768411e+01 1.331452518227346715e+01 1.289896802025375599e+01 1.309313548228965374e+01 1.245245162868158317e+01 1.248878583553130106e+01 1.271042168476804335e+01 1.255722005707894340e+01 1.272565342820152701e+01 1.249732834923237590e+01 1.268293025287956333e+01 1.252625139332674209e+01 7.631569245639652443e+00 8.108621225376557717e+00 7.967317953212729620e+00 7.989333865486679009e+00 7.952357635066892527e+00 7.985666560746651932e+00 7.947884964403954200e+00 7.951354456603263010e+00 7.955656574395344016e+00 8.040606224450096207e+00 5.261103676002639062e+00 1.129042638628353501e+01 7.116023082978395919e+00 2.685538476841518918e+00 2.829772068927442596e+00 2.899999999999999911e+00 2.600000000000000089e+00 1.020000000000000018e+00
1.286982713750892948e+01 1.320145318712452820e+01 1.318454170748920617e+01 1.308592059826174392e+01 1.250247989804863913e+01 1.244068340229246239e+01 1.261940349707543518e+01 1.258926191155728525e+01 1.267007346794640021e+01 1.254253119805453665e+01 1.267405905123728793e+01 1.250563905079678584e+01 7.718224432142459790e+00 8.057630168569483331e+00 8.005779405506986635e+00 7.949982727385632053e+00 7.954203890281566380e+00 7.965274611708650809e+00 7.972526836943350403e+00 7.957773260380994529e+00 7.956673313646319912e+00 8.017134636011535420e+00 5.182910276060356480e+00 1.128626825986627757e+01 7.116756777098198761e+00 2.673897767043345919e+00 2.728787687291586384e+00 2.899999999999999911e+00 2.600000000000000089e+00 1.020000000000000018e+00
1.301310653794804217e+01 1.316358955271200593e+01 1.300539421264295825e+01 1.324233464930959769e+01 1.225857945327540577e+01 1.265440824121590424e+01 1.268257396178237961e+01 1.265229860012775376e+01 1.269711674700639392e+01 1.253066643368995159e+01 1.267035777368140614e+01 1.247532707873718572e+01 7.643404569128835924e+00 8.107938054263790661e+00 7.963544395964575529e+00 7.969726299924335677e+00 7.979800754632838888e+00 7.983303874645509168e+00 7.908036679853808870e+00 7.945823061665583609e+00 7.950468193323278143e+00 8.022740135792105320e+00 5.341472447891715269e+00 1.122419193458834741e+01 7.090013399395626692e+00 2.693324913425073408e+00 2.775565006425086079e+00 2.899999999999999911e+00 2.600000000000000089e+00 1.020000000000000018e+00
1.280144155048626686e+01 1.328441546232538606e+01 1.279447890493453954e+01 1.308657465684693122e+01 1.232572821205291724e+01 1.242980493959413657e+01 1.258414565330526536e+01 1.254638797573381481e+01 1.266100760356759025e+01 1.251102321274302831e+01 1.268663571845675975e+01 1.245157338868704500e+01 7.752256214644685173e+00 8.075444249798836793e+00 8.053790569749571304e+00 7.942602989311802197e+00 7.964372323072483439e+00 7.993276358011262239e+00 7.970317510247476811e+00 7.953349542093257618e+00 7.974037662544075644e+00 7.965753733730221775e+00 5.297161837259269923e+00 1.129096881569704891e+01 7.089085725849331610e+00 2.758731308815697947e+00 2.500218980059571994e+00 2.899999999999999911e+00 2.600000000000000089e+00 1.020000000000000018e+00
1.273934377498485127e+01 1.301038844672890349e+01 1.290215190146799351e+01 1.311185424303683789e+01 1.243138167275711403e+01 1.245557696120095947e+01 1.264438680676757798e+01 1.266226568877122816e+01 1.260920116025272897e+01 1.256199585499192750e+01 1.263262676815271313e+01 1.256174914486962813e+01 7.652295504230122170e+00 8.119317841743225017e+00 7.958678700220756852e+00 7.985264880672549914e+00 7.964734302997186433e+00 8.001195122753500755e+00 7.937126099752285668e+00 7.981496272500181455e+00 7.933286905887139362e+00 8.093826437613326874e+00 5.252803631585844180e+00 1.129416864470063864e+01 7.116658181300142161e+00 2.683934595510832466e+00 2.761872085814880862e+00 2.899999999999999911e+00 2.600000000000000089e+00 1.020000000000000018e+00
1.316348279234117946e+01 1.345954505944095736e+01 1.296852416668757435e+01 1.317686015271135602e+01 1.246659389595877698e+01 1.254702529436089264e+01 1.264980891067240698e+01 1.265459229685291120e+01 1.268681447592633305e+01 1.253618311057037893e+01 1.265792452658509504e+01 1.253035560954161376e+01 7.687568565950427590e+00 8.065335348313531938e+00 7.992714181818801222e+00 7.959019348712657482e+00 7.933232042855780541e+00 7.975349192764623396e+00 7.952475071155029163e+00 7.944640414494465119e+00 7.948523415685869509e+00 8.021089174131466493e+00 5.293366037384773293e+00 1.127604155326113400e+01 7.111884841997079931e+00 2.692189439367578707e+00 2.779357290065482822e+00 2.899999999999999911e+00 2.600000000000000089e+00 1.020000000000000018e+00
1.323316949630586592e+01 1.307256652815624598e+01 1.285574444649163439e+01 1.305612407574364475e+01 1.236832393378384332e+01 1.245813647726598816e+01 1.263440524477509719e+01 1.258860657887190548e+01 1.265191613977347984e+01 1.253012709857360818e+01 1.264412747073901322e+01 1.250509560768438533e+01 7.779284092505628578e+00 8.076397776392116867e+00 7.986853805624205549e+00 7.959768254700699153e+00 7.952871795489554252e+00 7.979582521841894760e+00 7.967947632910059141e+00 7.955455971750888367e+00 7.944391780487241483e+00 8.092102800293234921e+00 5.146002027804513546e+00 1.128225069222656352e+01 7.135442655449765859e+00 2.642459337308078915e+00 2.940048837254413350e+00 2.899999999999999911e+00 2.600000000000000089e+00 1.020000000000000018e+00
1.336839593851024333e+01 1.335907319655409964e+01 1.290715466603753292e+01 1.312540598847898110e+01 1.244984178380749107e+01 1.247468142507884004e+01 1.270642125653062315e+01 1.255635448517497821e+01 1.272551887273506921e+01 1.250223055459253629e+01 1.269491963245848787e+01 1.248953761871382007e+01 7.653063386326985906e+00 8.121398685634037662e+00 7.981345043776017611e+00 7.970638196920821983e+00 7.974935541286222396e+00 7.993395736484973924e+00 7.927745797671422068e+00 7.974945830732823815e+00 7.937457013792993621e+00 8.041906654587355874e+00 5.285700981370903051e+00 1.126156433333265738e+01 7.120346459195186384e+00 2.723734011110070075e+00 2.718270215911427812e+00 2.899999999999999911e+00 2.600000000000000089e+00 1.020000000000000018e+00
1.258761295098385347e+01 1.306772942308761642e+01 1.303268880045277989e+01 1.311509500503875358e+01 1.250904022735209686e+01 1.241918992593650728e+01 1.266417735533744704e+01 1.261263382768608388e+01 1.269666632913247106e+01 1.249698402168965394e+01 1.267099644693178284e+01 1.248726123369368857e+01 7.672127202092752896e+00 8.090908903710323230e+00 7.985069132271437553e+00 7.979917443026939949e+00 7.974765440238974712e+00 7.972064117292356755e+00 7.939810500186710307e+00 7.948039953839657557e+00 7.983127448637932666e+00 8.013811115120029527e+00 5.316151515424940577e+00 1.124230235252826482e+01 7.105373840474669578e+00 2.706383346047929184e+00 2.693324651933219460e+00 2.899999999999999911e+00 2.600000000000000089e+00 1.020000000000000018e+00
1.301810903388977714e+01 1.328860272122074271e+01 1.296733042851784568e+01 1.304458022925166283e+01 1.235762326532626609e+01 1.248460868854960992e+01 1.270214617197405538e+01 1.251304383935729270e+01 1.267886513154766348e+01 1.249184060621295878e+01 1.265770932973709328e+01 1.247251756088645713e+01 7.670404287028757651e+00 8.095638352565851292e+00 7.964141381295777755e+00 7.975671738367703156e+00 7.972330137662231309e+00 7.962269621588202284e+00 7.959671057277192929e+00 7.947918326780112785e+00 7.958371527104027621e+00 8.020637018972466947e+00 5.192150549981712437e+00 1.127107163135090495e+01 7.099870306509764362e+00 2.751776718835184266e+00 2.705282550231279615e+00 2.899999999999999911e+00 2.600000000000000089e+00 1.020000000000000018e+00
1.282599020025563519e+01 1.343159199763729461e+01 1.307064366533732880e+01 1.304309311371077662e+01 1.226499131106750085e+01 1.263152072511792845e+01 1.267598328351043868e+01 1.260488031349368576e+01 1.273258033960968483e+01 1.250888625086306227e+01 1.265696728921907876e+01 1.247223432605654025e+01 7.740970150453748033e+00 8.126418031107558448e+00 7.990016527555817483e+00 7.973327373539816243e+00 7.986613260208391907e+00 7.993177599656117849e+00 7.943625823086871485e+00 7.954025980397880780e+00 7.956939699840583025e+00 8.048071390082881749e+00 5.292814374809931444e+00 1.125990911848616882e+01 7.107388192888331346e+00 2.690155926328331226e+00 2.726869179165292145e+00 2.899999999999999911e+00 2.600000000000000089e+00 1.020000000000000018e+00
1.297069868820248573e+01 1.320797679328415875e+01 1.303249593774537551e+01 1.317248136861214114e+01 1.250010963261370378e+01 1.247855520300072563e+01 1.268109344614954637e+01 1.258895377378996905e+01 1.274455744492600573e+01 1.252686191479119593e+01 1.268848273781178726e+01 1.250420725660798382e+01 7.609683732574207937e+00 8.104411166199547267e+00 8.002045229196125931e+00 7.956342365790737503e+00 7.965273305590485187e+00 7.996189628463039156e+00 7.947751816018796767e+00 7.947400274442664170e+00 7.971260981718367056e+00 8.038784494056089969e+00 5.362739829420090309e+00 1.123611404754946186e+01 7.129859660260143173e+00 2.693928613451054943e+00 2.696039900731312056e+00 2.899999999999999911e+00 2.600000000000000089e+00 1.020000000000000018e+00
1.295750656832436043e+01 1.341017471821234963e+01 1.290282898274291767e+01 1.309652266858729064e+01 1.239944180418410369e+01 1.249251600438088872e+01 1.264793556572942634e+01 1.261126694442596552e+01 1.263600096325713551e+01 1.249607689486948203e+01 1.262738087539879572e+01 1.249711779521561184e+01 7.728137858888713296e+00 8.090637552966907009e+00 7.977940884554009848e+00 7.952195256273554946e+00 7.966403430006324449e+00 7.985060759810926001e+00 7.935357751055486020e+00 7.969036582493115972e+00 7.928004047227807050e+00 8.069532754264894692e+00 5.124381884340764692e+00 1.127724084054035281e+01 7.103494892515024084e+00 2.729040271846266741e+00 2.638011899292428186e+00 2.899999999999999911e+00 2.600000000000000089e+00 1.020000000000000018e+00
1.309451803627744049e+01 1.312612490569244095e+01 1.288801381248443256e+01 1.304647337007295249e+01 1.252710294154775283e+01 1.250936880071298418e+01 1.274420473491202621e+01 1.261280160827613983e+01 1.275924433346049192e+01 1.253032699197998312e+01 1.272598728432279991e+01 1.255688685142065175e+01 7.560919874501110804e+00 8.103825547034377408e+00 7.989291644265841263e+00 7.964812599851241792e+00 7.973399042172363060e+00 8.000893711945014530e+00 7.966528041584911790e+00 7.948939293621227087e+00 7.971301892155144841e+00 7.952642314408614688e+00 5.336158634988573013e+00 1.124994961023343798e+01 7.134998889861940974e+00 2.690492377946573033e+00 2.691612627810707536e+00 2.899999999999999911e+00 2.600000000000000089e+00 1.020000000000000018e+00
1.315460158341652708e+01 1.314506534002741489e+01 1.293580607211021594e+01 1.317887129944283942e+01 1.237265110094097764e+01 1.260945915430409947e+01 1.271028376755431033e+01 1.261238322330267714e+01 1.267377723941319090e+01 1.251181746669004191e+01 1.263839706156420739e+01 1.250959414126785241e+01 7.773748559290035054e+00 8.050466193372129098e+00 7.997126978247220741e+00 7.964888282024785049e+00 7.975414270037093800e+00 7.967496264170587317e+00 7.957362156361899252e+00 7.949065654943654913e+00 7.964778437837770397e+00 8.007862381625200143e+00 5.312375483246647434e+00 1.127329863780717467e+01 7.087968796884799083e+00 2.696417859365238368e+00 2.617550175701847337e+00 2.899999999999999911e+00 2.600000000000000089e+00 1.020000000000000018e+00
1.294867043861064282e+01 1.344234788457818830e+01 1.298923122457443391e+01 1.304911914714620380e+01 1.243482211853987351e+01 1.244952607720136406e+01 1.265953478825302270e+01 1.260470344947253629e+01 1.264378670667891313e+01 1.247952635334443983e+01 1.264116370452079074e+01 1.250622906742061602e+01 7.722568777586144684e+00 8.081680275850350981e+00 7.986308399241941025e+00 7.987037434504543398e+00 7.954091481190897817e+00 7.961811983441440255e+00 7.969408117135706071e+00 7.961060483832211432e+00 7.944871924854908229e+00 8.124447071632397765e+00 5.313122816961777239e+00 1.128477889442424598e+01 7.115788894883948501e+00 2.712657881162450213e+00 2.675073648011311533e+00 2.899999999999999911e+00 2.600000000000000089e+00 1.020000000000000018e+00
1.285105816019547653e+01 1.333863013126814501e+01 1.271868263446810943e+01 1.295363853522446362e+01 1.232810516149837632e+01 1.253100014142318663e+01 1.270974446447335460e+01 1.259561469869395012e+01 1.264433933447385705e+01 1.252184386451189724e+01 1.262996664916522427e+01 1.253684081827731056e+01 7.669904394168908901e+00 8.099142584238814280e+00 7.961482390730760805e+00 7.995466554929904213e+00 7.936252560955614044e+00 7.988334494769026684e+00 7.933604760993140381e+00 7.970937250563370213e+00 7.950229441400979091e+00 8.092460721670169832e+00 5.339886229502650572e+00 1.124750844966252750e+01 7.133737717452161675e+00 2.662051554672623777e+00 2.746436216537893493e+00 2.899999999999999911e+00 2.600000000000000089e+00 1.020000000000000018e+00
1.301572599151553788e+01 1.320545491659063053e+01 1.294447350817744535e+01 1.312042310509571053e+01 1.223833176576670034e+01 1.262564077089766101e+01 1.260213063143107703e+01 1.264871199987986117e+01 1.267606238774089533e+01 1.257384091688116001e+01 1.266937787080678035e+01 1.251587141341676634e+01 7.655041339352769647e+00 8.112374612621049863e+00 7.990449496910871474e+00 7.985883028363090830e+00 7.958559122044303713e+00 7.997582983472934615e+00 7.969897300904641213e+00 7.941171128769545895e+00 7.982563081850233111e+00 8.052310319221930968e+00 5.291592044990131249e+00 1.129257965703467370e+01 7.156219920113235489e+00 2.731150516204443601e+00 2.635098099982117859e+00 2.899999999999999911e+00 2.600000000000000089e+00 1.020000000000000018e+00
1.331841282687158312e+01 1.317126730993063433e+01 1.279510856966080112e+01 1.306321893774968323e+01 1.236227681397834388e+01 1.248709292838643314e+01 1.273667908369892743e+01 1.255715540228505667e+01 1.264811712146000744e+01 1.247696598235993015e+01 1.265495750170983946e+01 1.250607816924358318e+01 7.624566296690434619e+00 8.138659279315996642e+00 7.938901157433747358e+00 7.999513948269596497e+00 7.951820586320420325e+00 7.975296951824648595e+00 7.940406514233834478e+00 7.957089917436555027e+00 7.962775996578733917e+00 8.048948573589692401e+00 5.267306706867933563e+00 1.128867929724180286e+01 7.119930089995358813e+00 2.676431062931239335e+00 2.821066974248111148e+00 2.899999999999999911e+00 2.600000000000000089e+00 1.020000000000000018e+00
1.341319887417314938e+01 1.308497255181994134e+01 1.300391444935341134e+01 1.308470017686712517e+01 1.238290994008844237e+01 1.256529444893101477e+01 1.261002352518700675e+01 1.270298391908016455e+01 1.261504626899034065e+01 1.258203250071567147e+01 1.262511096000389976e+01 1.248751089034176154e+01 7.778503819366816785e+00 8.087888952400964726e+00 7.995693579157706843e+00 7.980525084669096714e+00 7.951764522648054445e+00 8.011509649178124803e+00 7.931374239310217789e+00 7.964799301743668458e+00 7.969906872178195378e+00 7.956373173857246073e+00 5.420494949025125742e+00 1.124846297856196387e+01 7.149502624764166647e+00 2.652338742436024521e+00 2.864132739837783159e+00 2.899999999999999911e+00 2.600000000000000089e+00 1.020000000000000018e+00
1.313236605913515653e+01 1.305701070859849544e+01 1.270929775028819186e+01 1.300453803197850178e+01 1.238478564279332161e+01 1.248614139175658266e+01 1.281235107536331164e+01 1.256027284438558844e+01 1.270135510235170706e+01 1.249003494028528571e+01 1.268649096506838525e+01 1.250718475587516210e+01 7.724054137262163167e+00 8.129880817767615397e+00 7.961830143551580363e+00 8.003931610289507503e+00 7.969736167834911456e+00 8.001669396501441156e+00 7.928398353730466752e+00 7.980849163965559434e+00 7.948272387603256384e+00 8.113783999469379893e+00 5.300909834312508728e+00 1.125512150220532526e+01 7.143401267814532218e+00 2.708834508264954977e+00 2.655151514858339556e+00 2.899999999999999911e+00 2.600000000000000089e+00 1.020000000000000018e+00
1.296482295983900102e+01 1.314735771491229777e+01 1.295273526718230173e+01 1.291483876976084133e+01 1.253633460051481840e+01 1.242330541708797575e+01 1.269173491460781023e+01 1.260039828570678111e+01 1.270373717467162145e+01 1.252173449078700962e+01 1.267049706068240944e+01 1.249971037478143998e+01 7.728597793933770888e+00 8.093467999746346564e+00 7.994519323432141000e+00 7.960514430371479655e+00 7.983853363696709948e+00 7.964949610646934630e+00 7.983509490412899368e+00 7.949399978725714355e+00 7.967811243510985797e+00 7.974712535709373107e+00 5.310266948278727916e+00 1.124652664212682573e+01 7.144978350801693523e+00 2.700528786189972941e+00 2.724503624259970724e+00 2.899999999999999911e+00 2.600000000000000089e+00 1.020000000000000018e+00
1.291444154858766780e+01 1.295707426409254737e+01 1.280345772576655605e+01 1.301076510977428313e+01 1.246945807554053864e+01 1.241105952503403209e+01 1.274758719733977763e+01 1.256003303539287508e+01 1.266302630270080165e+01 1.250723260934469216e+01 1.265704303436861089e+01 1.250707065642886029e+01 7.622444825080391340e+00 8.141050871796347010e+00 7.958793493114705520e+00 7.999033033904813905e+00 7.940596391666401743e+00 7.980142843164605537e+00 7.946939822068435078e+00 7.971450951511570793e+00 7.945305616043459196e+00 8.002268150713844008e+00 5.311912342490985317e+00 1.125881751553977139e+01 7.114233214878053602e+00 2.763703785448184735e+00 2.692892798198995852e+00 2.899999999999999911e+00 2.600000000000000089e+00 1.020000000000000018e+00
1.287747232603618741e+01 1.335805200728097120e+01 1.288353892640430942e+01 1.303443237627097062e+01 1.240700839235469921e+01 1.249260334718070453e+01 1.271082081041264367e+01 1.258831645568572632e+01 1.270697842945347666e+01 1.250462758063243740e+01 1.269426806574923283e+01 1.246743297791268112e+01 7.724465595651090588e+00 8.113614855845975526e+00 7.985159444121309846e+00 7.968040074330539291e+00 7.963689255018058688e+00 7.987840394407883515e+00 7.957809861528219564e+00 7.960189164583815646e+00 7.957730895543398297e+00 7.967603020750077647e+00 5.295045679723434873e+00 1.127622935601110399e+01 7.124074573973275371e+00 2.707870919793836872e+00 2.782919191315829988e+00 2.899999999999999911e+00 2.600000000000000089e+00 1.020000000000000018e+00
1.334200618143679051e+01 1.329574544876457765e+01 1.294402480856430060e+01 1.298193421057985120e+01 1.250219257567717968e+01 1.242077988986483916e+01 1.273348271002501342e+01 1.253779221375122255e+01 1.269231539643670104e+01 1.249725132742410949e+01 1.263814290984379518e+01 1.247844315965602568e+01 7.713933341815231159e+00 8.106312700936518567e+00 7.981993985706638206e+00 7.964507112353737206e+00 7.967721622191112019e+00 7.985790757193906408e+00 7.938846436628460346e+00 7.954560683831573442e+00 7.949138989099092001e+00 8.113613138691572857e+00 5.293022926843314657e+00 1.129411272695171675e+01 7.098486819464661757e+00 2.688239805918677394e+00 2.720249960530125577e+00 2.899999999999999911e+00 2.600000000000000089e+00 1.020000000000000018e+00
