9.802174434065819009e-01 1.003069091588258743e+00 1.026390045881271362e+00 1.022206202149391174e+00 1.013086700439453036e+00 1.025301328301429837e+00 9.914594620466232744e-01 1.001642659865319640e+00 1.004092258214950517e+00 1.006788545846938998e+00 9.915490366518497911e-01 9.985275466926395449e-01 9.698268383741378562e-01 9.451644480228423850e-01 9.905144110321998374e-01 1.002638166956603571e+00 9.989892143756151643e-01 1.001131403446197554e+00 9.984796206466853841e-01 1.002415736205875874e+00 9.755557104945182800e-01 9.748321831226348655e-01 9.948581427335738692e-01 9.901178434491157976e-01 1.010763239860534624e+00 3.349017609714266541e+00 3.373925943729898957e+00 1.000000000000000000e+00 1.000000000000000000e+00 1.000000000000000000e+00
9.911309018731117026e-01 1.005384135618805796e+00 1.006638238579034894e+00 1.022217312455177218e+00 1.012942279875278517e+00 9.968359313905239549e-01 1.015299041569232896e+00 1.013601583242416337e+00 1.003205479681491763e+00 1.003287551179528281e+00 1.011387041211128324e+00 1.001434351410716683e+00 9.828110128641128762e-01 9.477989017963409646e-01 9.785733118653296980e-01 1.019407792389392942e+00 1.000195497064851224e+00 9.821355879306793435e-01 1.019466444849967957e+00 9.957687452435493025e-01 9.924868725240230116e-01 1.008940077573061034e+00 9.945439003407955392e-01 9.936733558773994668e-01 9.885491073131561501e-01 3.375267835187112375e+00 3.376549697005168049e+00 1.000000000000000000e+00 1.000000000000000000e+00 1.000000000000000000e+00
1.000451758643612354e+00 1.044367280602455095e+00 9.960040107369423357e-01 1.014817833900451660e+00 1.015607298910617740e+00 1.011367594450712115e+00 9.920903109014034271e-01 1.039753845334053128e+00 1.010828755050897643e+00 9.904327377676963584e-01 9.894259937107563463e-01 9.946079891175031440e-01 9.784420907497406450e-01 9.592267811298370583e-01 9.818844228982925859e-01 1.023200230300426394e+00 9.978160280734300613e-01 9.849399432539940324e-01 1.012747707962989852e+00 9.715350836515426192e-01 9.926524661481380685e-01 1.015409721434116452e+00 9.870358929038047791e-01 1.010828010737895966e+00 1.005366845428943723e+00 3.352619034402867904e+00 3.373067613934690012e+00 1.000000000000000000e+00 1.000000000000000000e+00 1.000000000000000000e+00
1.003364641219377518e+00 1.024211896955967038e+00 1.008519890904426619e+00 1.007762399315834001e+00 1.012024296820163816e+00 9.979804204776883125e-01 9.942536462098360284e-01 9.978081068024039491e-01 1.004962297901511148e+00 1.017574527859687716e+00 1.001704695262014777e+00 1.016833138465881303e+00 9.879394471645355225e-01 9.508766889572143333e-01 1.003351384028792426e+00 1.008633215725421861e+00 9.994339471682905929e-01 9.747818201780319436e-01 1.024592968821525618e+00 9.867265090346336587e-01 9.891485959291458352e-01 9.830010384321212769e-01 1.002557836845517247e+00 9.945898719131947008e-01 1.011113495379686311e+00 3.367181915046796981e+00 3.353073372999013202e+00 1.000000000000000000e+00 1.000000000000000000e+00 1.000000000000000000e+00
1.007287981361150830e+00 9.951537098735571130e-01 9.945172455161810365e-01 1.023932959139347121e+00 1.007593998312950045e+00 1.000069786777021408e+00 1.005451745167374566e+00 1.011456204950809568e+00 1.007839898765087172e+00 1.020953488349914506e+00 9.959756545722484589e-01 1.010714774578809649e+00 9.807691127061843872e-01 9.600110530853271928e-01 9.970416512340307680e-01 1.008036182820796878e+00 9.919984370470047441e-01 9.940484389662742615e-01 1.009159057587385222e+00 9.921243540942669137e-01 9.953001383692026138e-01 1.003712397441268056e+00 9.716156154870987383e-01 9.957319326698780282e-01 1.005819430202245623e+00 3.371257913086675106e+00 3.382571208441593313e+00 1.000000000000000000e+00 1.000000000000000000e+00 1.000000000000000000e+00
1.012036507576703936e+00 1.003986489400267690e+00 1.001526166591793388e+00 1.027875784039497420e+00 1.025099262595176697e+00 1.007500316947698593e+00 9.885359719395637734e-01 9.880208335816860199e-01 9.720518499612808005e-01 1.030473008751869202e+00 9.795907050371169822e-01 1.012033753097057343e+00 9.916592590510845406e-01 9.437703430652618630e-01 9.955702941864729150e-01 1.029116818308830172e+00 9.955090951174497826e-01 9.824287518858909607e-01 1.021602211892604917e+00 9.761111304163933022e-01 9.790892377495765686e-01 1.008127016574144275e+00 9.915124118328094704e-01 9.981314582750201447e-01 1.011322216689586551e+00 3.368518568005721914e+00 3.372111328993868007e+00 1.000000000000000000e+00 1.000000000000000000e+00 1.000000000000000000e+00
9.967769023030996767e-01 1.017747838795185045e+00 1.006643512099981264e+00 1.010494890809059187e+00 9.991218999028206316e-01 1.009520698338747025e+00 9.937347404658793959e-01 9.898063123226166216e-01 9.933386646211147530e-01 1.012664778530597776e+00 9.883869916200638261e-01 1.007494429498910993e+00 9.820576265454292741e-01 9.449120223522186057e-01 9.908365547657013161e-01 1.025072759389877408e+00 9.998901881277560966e-01 9.849951133131981118e-01 1.009690996259450912e+00 9.985290264710784403e-01 9.869998469948768616e-01 1.012929049134254411e+00 9.933595947921276537e-01 9.740113407373428567e-01 1.000232706288807005e+00 3.377940080249073773e+00 3.375485201824131032e+00 1.000000000000000000e+00 1.000000000000000000e+00 1.000000000000000000e+00
9.917550347745418549e-01 1.022794157266616821e+00 1.009210370481014252e+00 1.018587979674339339e+00 9.961456373333931191e-01 9.997460010694340093e-01 1.012317019701004073e+00 9.955007329583167586e-01 9.864442944526672363e-01 1.008626428246498064e+00 1.006540369242429733e+00 9.861906006932258384e-01 9.944042909890413728e-01 9.506556391716003418e-01 9.930222123861313088e-01 1.009831720590591342e+00 1.002418865263462022e+00 9.879908487200737000e-01 9.976340867578983307e-01 9.984070615842938201e-01 9.910665884613990562e-01 1.002897284552454860e+00 1.002401972748339087e+00 9.887374795973300490e-01 1.024246203899383589e+00 3.367959200310672863e+00 3.375264352891675479e+00 1.000000000000000000e+00 1.000000000000000000e+00 1.000000000000000000e+00
9.994727670680731979e-01 1.024793145060539201e+00 9.992590255569666624e-01 1.017056642472744077e+00 1.011778659373521849e+00 9.999843771132873593e-01 1.000039253567229114e+00 9.881163656711577925e-01 9.899396583437919395e-01 1.010976943373680159e+00 1.004259658604860217e+00 1.021043045818805783e+00 9.897934153676033464e-01 9.353902578353882058e-01 9.929035998880862968e-01 1.009214825928211212e+00 9.952960368245840073e-01 9.983306307345628516e-01 9.867853224277496338e-01 1.019799178838729947e+00 9.801215082406997681e-01 1.008365836739540056e+00 9.968781694769859314e-01 1.007475492358207658e+00 9.878667280077934043e-01 3.392973618978813999e+00 3.361423637835213363e+00 1.000000000000000000e+00 1.000000000000000000e+00 1.000000000000000000e+00
9.885468490421771559e-01 1.028826215863227755e+00 9.957605157047509925e-01 1.022612427175044969e+00 9.984530897811054739e-01 9.929594665765761885e-01 1.023921287059784024e+00 9.806705042719841003e-01 1.007543769478797868e+00 1.014432302117347806e+00 1.009657137840986207e+00 1.007233162969350726e+00 9.697763562202453835e-01 9.459676563739776167e-01 1.005667237192392260e+00 1.010556923598051160e+00 9.764119014143943787e-01 1.000767490686848671e+00 1.006033451855182559e+00 1.004526436701417058e+00 9.654438614845275435e-01 9.967341389507055061e-01 9.901811063289642778e-01 1.009555678814649582e+00 1.004479994997382164e+00 3.355001776136290914e+00 3.369644523116845924e+00 1.000000000000000000e+00 1.000000000000000000e+00 1.000000000000000000e+00
9.962742533534765244e-01 1.010976076871156648e+00 9.922125995159148948e-01 1.011913349479436786e+00 9.962359324097633806e-01 9.911157809197902457e-01 9.808006092905998674e-01 9.954509522765875307e-01 9.693086117506026778e-01 9.854979068040847778e-01 1.006938541680574506e+00 1.009712996333837598e+00 9.679037183523178101e-01 9.420967578887939897e-01 1.003850034996867091e+00 1.022909209132194519e+00 9.875685587525367959e-01 9.955704949796200243e-01 9.980190077796577963e-01 9.940712142735719237e-01 9.784827440977096336e-01 1.009076832234859555e+00 9.906998522579669730e-01 9.888144828379153983e-01 1.006584117561578839e+00 3.369492237806612334e+00 3.359427465731228857e+00 1.000000000000000000e+00 1.000000000000000000e+00 1.000000000000000000e+00
1.008479051291942596e+00 9.951449770480393919e-01 1.013600996136665433e+00 1.036162796616554305e+00 1.000646938849240497e+00 1.028540578484535173e+00 9.957901868969202264e-01 9.976718489080667052e-01 9.817605316638946533e-01 1.006198232248425528e+00 9.704471498727798018e-01 1.032182991504669189e+00 9.729837745428084883e-01 9.532679319381713867e-01 9.886557608842849731e-01 1.015521052479744002e+00 9.931075908243656158e-01 9.917018704116344896e-01 1.005292220413684934e+00 9.967703919857739958e-01 9.922954358160496202e-01 9.899160079658031464e-01 1.010510622709989592e+00 9.883707642555237260e-01 1.026473963260650546e+00 3.375513398571988066e+00 3.366091443518289150e+00 1.000000000000000000e+00 1.000000000000000000e+00 1.000000000000000000e+00
1.006949339807033494e+00 1.000596577767282724e+00 1.002902211993932813e+00 1.018572077155113220e+00 1.014202916622161776e+00 1.006315179914236024e+00 1.010977770388126418e+00 9.923810414969921334e-01 9.797153547406196594e-01 1.001158380322158425e+00 9.790912330150604026e-01 1.011202830821275711e+00 9.522984474897384644e-01 9.686334192752837913e-01 9.867976322770118935e-01 1.020181654393673032e+00 9.919612817466259003e-01 9.987784361466764960e-01 1.015302506089210466e+00 9.693169444799423218e-01 9.810282289981842041e-01 9.833664014935493691e-01 1.002685653977096081e+00 1.023698668181896254e+00 9.952209006994963136e-01 3.340737940689189056e+00 3.360151336032295433e+00 1.000000000000000000e+00 1.000000000000000000e+00 1.000000000000000000e+00
9.938151702284813149e-01 1.025762364268302917e+00 1.010746207088232040e+00 1.026743644475936801e+00 9.849657416343688965e-01 9.988262630999088509e-01 9.805310070514678955e-01 1.004015087708830745e+00 9.922024503350257429e-01 9.976773157715796980e-01 9.907062560319900291e-01 1.024932385981082827e+00 9.946495763957500236e-01 9.492745876312256303e-01 9.840628698468207869e-01 1.023781347274780318e+00 9.932473987340927346e-01 9.959231946617365105e-01 1.008562461286783174e+00 9.890952862799167189e-01 9.707024663686751875e-01 1.016117663681507022e+00 1.008623293787241026e+00 1.022314417362213179e+00 9.779225438833236694e-01 3.348810305743390003e+00 3.400056136929134443e+00 1.000000000000000000e+00 1.000000000000000000e+00 1.000000000000000000e+00
9.941811565309762733e-01 1.012443240731954575e+00 1.014663343131542161e+00 1.017995715141296387e+00 1.033211034536361650e+00 9.994661890435964091e-01 9.843363389372825623e-01 1.001311197783798068e+00 1.002408852614462331e+00 1.033609405159950256e+00 9.958317104727030245e-01 1.009754186123609454e+00 9.817509993910789046e-01 9.322385311126708540e-01 9.883030235767364946e-01 1.033234620094299228e+00 9.830098703503609148e-01 9.906073138117790222e-01 1.016449908912181899e+00 1.007526097446679980e+00 9.819202825427055803e-01 1.001279420312493951e+00 1.002926381491124674e+00 9.955373540520667808e-01 1.008021066337823957e+00 3.378263465900215756e+00 3.387040361764189100e+00 1.000000000000000000e+00 1.000000000000000000e+00 1.000000000000000000e+00
1.022320199012756392e+00 1.033552443981170743e+00 1.008921173959970385e+00 1.017535622417926833e+00 1.008855081349611327e+00 9.853426456451416238e-01 9.943036504089832750e-01 9.832761600613594277e-01 9.945456106215715408e-01 1.005644559860229492e+00 9.952211331576108488e-01 1.014081478118896484e+00 9.915202349424362405e-01 9.427737772464752641e-01 9.826303154230118242e-01 1.030293345451354980e+00 9.838707774877548662e-01 9.943535778671502845e-01 1.013547727465629489e+00 9.897014506161212477e-01 9.873367965221404585e-01 1.008520629256963730e+00 1.008587411791086241e+00 1.006659242510795638e+00 1.004954250529408455e+00 3.366384872623865654e+00 3.373721585570698345e+00 1.000000000000000000e+00 1.000000000000000000e+00 1.000000000000000000e+00
1.001282855216413692e+00 1.010174395889043897e+00 9.946278046816587892e-01 1.024591557681560516e+00 1.020434387028217316e+00 1.001195500046014875e+00 1.001181583106517836e+00 9.910648010671139208e-01 9.929298065602779610e-01 1.001241110358387143e+00 9.996669710380956531e-01 1.018114243447780565e+00 9.702928423881530540e-01 9.381143271923064741e-01 9.882702991366386636e-01 1.033918577432632491e+00 9.644700497388839500e-01 1.020099963247776076e+00 9.918582752346992715e-01 1.000500988168641969e+00 9.874709427356720415e-01 1.018987160921096757e+00 9.800020471215248330e-01 1.009890481084585234e+00 9.875432327389717102e-01 3.382033679833044371e+00 3.365709986654124908e+00 1.000000000000000000e+00 1.000000000000000000e+00 1.000000000000000000e+00
1.005077187344431966e+00 1.020480003952979997e+00 1.002547074481844991e+00 1.012644656002521515e+00 1.025186327099800065e+00 1.023558007180690677e+00 1.013284443318843930e+00 9.875814624130725417e-01 9.840136513113975081e-01 1.006195176392793655e+00 1.000364674255251884e+00 1.018126729130744978e+00 9.703770160675049272e-01 9.597123563289642334e-01 9.795537412166595015e-01 1.031510227918624789e+00 9.919284529983997123e-01 1.002005381137132556e+00 9.934000208973884360e-01 1.000343571952544197e+00 9.741206973791122214e-01 1.000578030431643173e+00 9.880315303802490456e-01 1.018161897361278490e+00 1.001353373378515155e+00 3.348568416456074726e+00 3.373318679940767950e+00 1.000000000000000000e+00 1.000000000000000000e+00 1.000000000000000000e+00
1.007304574549198195e+00 1.021604283154010862e+00 9.954368729144335015e-01 1.012773039937019393e+00 9.874362438917160256e-01 9.875700525939464791e-01 1.037830519676208541e+00 9.939053870737553087e-01 1.002513601817190736e+00 9.927697584033012834e-01 9.990824615582823975e-01 1.004100118577480272e+00 9.788316413760185242e-01 9.451678991317749023e-01 9.861471131443977356e-01 1.012866917252540633e+00 1.006934473663568586e+00 9.922195591032505479e-01 1.009336329996585846e+00 9.906954869627953020e-01 9.952600721269846407e-01 1.002398791909217879e+00 9.930275343358516693e-01 1.009818196296691895e+00 1.001311067771166519e+00 3.366437678670616496e+00 3.370053029910333731e+00 1.000000000000000000e+00 1.000000000000000000e+00 1.000000000000000000e+00
1.007296930253505751e+00 1.017945860326290086e+00 1.004994481801986694e+00 1.019097426533698947e+00 9.927004985511302948e-01 1.013897489011287734e+00 1.006731673330068633e+00 1.000276298588141710e+00 9.670800864696502686e-01 9.941085565835237059e-01 1.004534820094704628e+00 1.006779459118843034e+00 9.957435630261898263e-01 9.664390116930008379e-01 9.810034617781638877e-01 1.011082311719655902e+00 9.937926039099693742e-01 9.892911277711391449e-01 1.017027810215950012e+00 9.902994439005852190e-01 9.772428393363952193e-01 1.013779179751872928e+00 9.895296491682529227e-01 9.933755815029143843e-01 1.004886182025074959e+00 3.383204446049452585e+00 3.387730638152697260e+00 1.000000000000000000e+00 1.000000000000000000e+00 1.000000000000000000e+00
1.024004408717155368e+00 1.005612744763493493e+00 1.003374151140451476e+00 1.008869158476591199e+00 1.002370716631412417e+00 9.914579026401042494e-01 1.014440974593162625e+00 1.007812403142452240e+00 9.946726046502589735e-01 9.987940374761820062e-01 1.020433767139911740e+00 1.011587994545698255e+00 1.003245034068822816e+00 9.599371701478958130e-01 9.933466814458370431e-01 1.014652001857757613e+00 1.000542694935575128e+00 9.872963041067123191e-01 1.023169058561325118e+00 9.871384292840957864e-01 9.785260528326034102e-01 9.908392809331416640e-01 9.970642836764455064e-01 1.004091214761138051e+00 1.001137829478830010e+00 3.367928642312603138e+00 3.380308829547062022e+00 1.000000000000000000e+00 1.000000000000000000e+00 1.000000000000000000e+00
1.009803096950054213e+00 1.022249242663383573e+00 1.007524531334638596e+00 1.013560916483402297e+00 1.003136559203267053e+00 9.918788082897662672e-01 1.012304831296205521e+00 9.903440222144126448e-01 9.783569246530532393e-01 1.008459941297769502e+00 9.976520491763949394e-01 1.012071139365434691e+00 9.847184360027313454e-01 9.160451710224151167e-01 1.004511634260416120e+00 1.022236445546150119e+00 1.001010878384113401e+00 9.878334209322929826e-01 9.982694219797849655e-01 1.001078267768025443e+00 1.003996111825108617e+00 9.971233310177922693e-01 9.986838972195982711e-01 9.985806650482118574e-01 9.954130642116070238e-01 3.380342283030151940e+00 3.401189228648755947e+00 1.000000000000000000e+00 1.000000000000000000e+00 1.000000000000000000e+00
9.858874589204787986e-01 1.009981571137905210e+00 1.006711526960134551e+00 1.023880800604820340e+00 9.869270622730255127e-01 1.044606384634971574e+00 9.810958772897719893e-01 9.831227511167526245e-01 1.002871399931609675e+00 9.819389939308166282e-01 1.010414201766252518e+00 1.041247206926345870e+00 9.908358313143252882e-01 9.317284762859344704e-01 9.966731179505586846e-01 1.027650979161262468e+00 9.834300801157951355e-01 1.001805146411061331e+00 1.004269095882773355e+00 9.918222956359386000e-01 9.894153259694575819e-01 1.007768908888101667e+00 9.999106666771695462e-01 9.823808848857880083e-01 1.008616419136524112e+00 3.374826186028761832e+00 3.375497901970084591e+00 1.000000000000000000e+00 1.000000000000000000e+00 1.000000000000000000e+00
1.021597896516323045e+00 9.986865356564521568e-01 1.001122787967324346e+00 1.027119711041450500e+00 1.009290307015180632e+00 9.958993073552846464e-01 1.027826428413391113e+00 1.004018913209438368e+00 9.978080825880170091e-01 1.015795898437499956e+00 1.008011024445295334e+00 1.012582181394100278e+00 9.798609897494315879e-01 9.511714965105056985e-01 9.969741147011518256e-01 1.015479516983032182e+00 9.817609488964080811e-01 1.003845568001270339e+00 1.010623880475759462e+00 9.930256366729736106e-01 9.830993145704269853e-01 9.868855670094489607e-01 9.788219153881072554e-01 9.883258052170276198e-01 1.018319979310035706e+00 3.377782749662916473e+00 3.394752533711038023e+00 1.000000000000000000e+00 1.000000000000000000e+00 1.000000000000000000e+00
1.001917258463799865e+00 1.029981812834739774e+00 1.021117652952671095e+00 1.016525956988334700e+00 1.013306237757205963e+00 1.005884303525090173e+00 9.951646331697702186e-01 1.015882813930511386e+00 9.914958000183105025e-01 1.007137047499418347e+00 9.931866325438022391e-01 1.012466689199209124e+00 9.799346581101417986e-01 9.580809563398361428e-01 9.752317488193511519e-01 1.038000616431236311e+00 9.846867993474006653e-01 9.880215935409069061e-01 1.008455354720354080e+00 1.013980473577976271e+00 9.806950211524962935e-01 1.015836705267429307e+00 1.000364407873712391e+00 9.889766193926334825e-01 1.013174377381801605e+00 3.360796520374293994e+00 3.374695077861675330e+00 1.000000000000000000e+00 1.000000000000000000e+00 1.000000000000000000e+00
1.000309018976986319e+00 1.007303406298160509e+00 1.012720139324664981e+00 1.020548920333385512e+00 1.021315664052963257e+00 1.000468745082616850e+00 1.003272248432040215e+00 9.932216204702853934e-01 1.011438941210508258e+00 1.009957771003246352e+00 9.986029062420129776e-01 1.030625644326210066e+00 9.703222393989563432e-01 9.544333040714263472e-01 9.871566087007522805e-01 1.016789494454860776e+00 9.927477344870567766e-01 1.002595208212733180e+00 1.002632763981819108e+00 9.962022982537745985e-01 9.849521994590759721e-01 9.793996185064315352e-01 9.999530974397202732e-01 1.002214618772268251e+00 9.971453847363591638e-01 3.354392926895833682e+00 3.379709619186133107e+00 1.000000000000000000e+00 1.000000000000000000e+00 1.000000000000000000e+00
9.828512638807296309e-01 1.013123948872089342e+00 9.829836800694465859e-01 1.027366465330123990e+00 1.000798007659614131e+00 9.970348875969647917e-01 9.941815156489610672e-01 9.759424597024917158e-01 9.909289248287678209e-01 1.001122434623539448e+00 9.953965060412883759e-01 1.016357494890689939e+00 9.881314821541309357e-01 9.265355527400970237e-01 9.967080429196357727e-01 1.027664744853973300e+00 9.806977897882461770e-01 1.004784623906016305e+00 1.012042932212352753e+00 9.931116484105586562e-01 9.908437952399253845e-01 1.000015803796122871e+00 1.009192606061696917e+00 1.006509868055581958e+00 9.911319300532340781e-01 3.377204041459962447e+00 3.360424282243854588e+00 1.000000000000000000e+00 1.000000000000000000e+00 1.000000000000000000e+00
9.814562171697616133e-01 1.017309017479419708e+00 1.011730042099952653e+00 1.006428583711385771e+00 9.888534218072890791e-01 9.784587681293487327e-01 9.977531177923083527e-01 9.787827670574188454e-01 1.000846085231751115e+00 1.029211470484733493e+00 9.949292689561843872e-01 1.002542885579168708e+00 9.859820812940597312e-01 9.568525969982146773e-01 9.776158779859542847e-01 1.022377915680408478e+00 9.891687251627445665e-01 9.931588880717754364e-01 1.005745561420917422e+00 1.007455643266439438e+00 9.865866720676421675e-01 9.894060283899307473e-01 9.906778246164321677e-01 1.005923669785261154e+00 1.002401006408035755e+00 3.386481572750847935e+00 3.378637785795997495e+00 1.000000000000000000e+00 1.000000000000000000e+00 1.000000000000000000e+00
9.895286418497561964e-01 1.026803052425384610e+00 9.937854856252670288e-01 1.032244139909744174e+00 1.004256228730082467e+00 1.012612164020538330e+00 9.918820545077323692e-01 9.934467837214470132e-01 9.801446244120597395e-01 1.008250233530998186e+00 9.940401170402765052e-01 1.032621365785598710e+00 9.714615583419800027e-01 9.260544121265411599e-01 9.877810917794704881e-01 1.022298088669777005e+00 9.795578896999359575e-01 9.938052628189325555e-01 1.020488104224205106e+00 1.014855079352855682e+00 9.571768969297409502e-01 9.932233542203903198e-01 9.751161754131316695e-01 1.015644793212413743e+00 1.000288322474807590e+00 3.356483268456905034e+00 3.387237023595565777e+00 1.000000000000000000e+00 1.000000000000000000e+00 1.000000000000000000e+00
1.007017672061920166e+00 1.002676717191934630e+00 1.011560881882906049e+00 1.024237145483493761e+00 1.019556398689746901e+00 1.032568666338920638e+00 9.960585299879312071e-01 9.875942818820476754e-01 9.952804598957299964e-01 1.001978045329451561e+00 9.940615065395832506e-01 1.006526019424200058e+00 9.805261224508285967e-01 9.619222134351730347e-01 9.822596907615661621e-01 1.027825367450714067e+00 9.853917688131332842e-01 9.866269305348396301e-01 1.028334099054336592e+00 9.818321287631988081e-01 9.998153107822872476e-01 1.021897405385971069e+00 9.874806702136993408e-01 9.848353236913680586e-01 1.015245552361011550e+00 3.359812541883116843e+00 3.369438125547882024e+00 1.000000000000000000e+00 1.000000000000000000e+00 1.000000000000000000e+00
9.924659460783005205e-01 9.916379392147064431e-01 1.014728355407714888e+00 1.020985046029090793e+00 1.007878765463829041e+00 1.008927908539771989e+00 1.015786466002464250e+00 9.976178485900163428e-01 9.977926269173622575e-01 1.024934007227420896e+00 9.921877518296241538e-01 1.024797499179840088e+00 1.004277820512652353e+00 9.594746619462967141e-01 9.894579239189624786e-01 1.011503008008003190e+00 1.006899171322584108e+00 9.885861635208129661e-01 1.001647508889436766e+00 9.764232307672500166e-01 9.980810767039656195e-01 1.002135756053030402e+00 1.011865807324647815e+00 9.940257851034403069e-01 1.001746394857764288e+00 3.348649646898691490e+00 3.370273776668631704e+00 1.000000000000000000e+00 1.000000000000000000e+00 1.000000000000000000e+00
1.006713868677616031e+00 1.014339807629585311e+00 9.959863848984241708e-01 1.015257155895233243e+00 9.974381798878312333e-01 1.010252569615840867e+00 1.014122706651687578e+00 1.013583166897296994e+00 9.894047394394874795e-01 9.864283502101898193e-01 1.006577292084693820e+00 1.010580972582101777e+00 9.888391129672526869e-01 9.429473340511321799e-01 9.856809362769126670e-01 1.016854056715965182e+00 1.006206727027893155e+00 9.856573015451430830e-01 9.914702549576759338e-01 1.015859866142272860e+00 9.755847379565238953e-01 1.012546660006046206e+00 9.864349767565727678e-01 1.000265163904987320e+00 9.858635768294334856e-01 3.364721210483702762e+00 3.384910401935689706e+00 1.000000000000000000e+00 1.000000000000000000e+00 1.000000000000000000e+00
1.011157710105180740e+00 1.017417016625404402e+00 1.005088739097118378e+00 1.025551810860633850e+00 1.003256074711680323e+00 9.956530265510081801e-01 9.997720479033886942e-01 9.860628485679626687e-01 1.002181020192801864e+00 1.016339655220508620e+00 9.960493728518485801e-01 1.030113226175308316e+00 9.697961896657943948e-01 9.312280714511871338e-01 9.960350688546896203e-01 1.022625291347503573e+00 9.884425692260265794e-01 9.929247148334979789e-01 1.010828571766615003e+00 1.000035737815778702e+00 9.790614500641823259e-01 1.005316265299916356e+00 1.000027599884197205e+00 9.874371394515037981e-01 9.936125449836253898e-01 3.368857720970074077e+00 3.373048784357628449e+00 1.000000000000000000e+00 1.000000000000000000e+00 1.000000000000000000e+00
9.857371941208838972e-01 1.015339344739913940e+00 1.011723405122757047e+00 1.017380253970622928e+00 1.006383258104324385e+00 1.017205882072448775e+00 1.003492934256791980e+00 9.999160419334657268e-01 9.989961322396994081e-01 1.017569440603256270e+00 9.915166005492210832e-01 1.031570470333099454e+00 9.727313995361328569e-01 9.447871327400207964e-01 9.863033488392829451e-01 1.011443997174501508e+00 9.955634057521820512e-01 9.960292093455791473e-01 1.017445576190948442e+00 9.940300133079290612e-01 9.922830507159232649e-01 9.955689612776040809e-01 9.811434164643287881e-01 9.927630327641964181e-01 9.983055856078862922e-01 3.387173912764201766e+00 3.374784564772373763e+00 1.000000000000000000e+00 1.000000000000000000e+00 1.000000000000000000e+00
1.020862212777137845e+00 1.024426041543483823e+00 9.986277563497424348e-01 1.015458504855632826e+00 9.947912640869617240e-01 1.017818705737590701e+00 1.013201482594013214e+00 9.865895062685012817e-01 9.885362021625041518e-01 1.032842186093330339e+00 1.008552117645740598e+00 1.011729399114847272e+00 9.765785902738570723e-01 9.534173518419265525e-01 9.914793074131011963e-01 1.029442843794822648e+00 9.857026368379593340e-01 9.805100321769714133e-01 1.019594193994998843e+00 9.845523983240127563e-01 9.713728278875350952e-01 1.000938329100608870e+00 1.030735597014427185e+00 9.857697501778602822e-01 1.009171792864799411e+00 3.362291012422965686e+00 3.335735306454770122e+00 1.000000000000000000e+00 1.000000000000000000e+00 1.000000000000000000e+00
1.014184254407882735e+00 1.022684057056903795e+00 1.011196141690015704e+00 1.020005337893962860e+00 1.014850209653377577e+00 1.020540128648281142e+00 1.004784477874636650e+00 1.003389466181397349e+00 9.704012513160705788e-01 1.010587084293365523e+00 9.973148332908750024e-01 1.021533332765102386e+00 9.774393215775489807e-01 9.458539903163909468e-01 9.879416801035404427e-01 1.018981783092022031e+00 1.008280999213457152e+00 9.840044438838958518e-01 1.004177774488925978e+00 1.010066211223602295e+00 9.691309988498687522e-01 1.007017288357019424e+00 1.018543152511119931e+00 1.020353005826473147e+00 9.694370269775390847e-01 3.366856067502756567e+00 3.374200354664016022e+00 1.000000000000000000e+00 1.000000000000000000e+00 1.000000000000000000e+00
9.778475373983382957e-01 1.005650962516665414e+00 1.001912420243024737e+00 1.027368274331092790e+00 1.011170255392789930e+00 1.014361152052879245e+00 1.023770384490489960e+00 1.000964117422699973e+00 9.872706443071365134e-01 1.003765870630741075e+00 1.007277957350015685e+00 1.020770329236984297e+00 1.001240243576467126e+00 9.513359785079955611e-01 9.840920001268387285e-01 1.021879757940769240e+00 9.910323120653629081e-01 9.953423034399747626e-01 1.000641013262793422e+00 1.017584684491157576e+00 9.635186672210693803e-01 1.006652413308620542e+00 9.880068592727184740e-01 1.023517733812332242e+00 9.823089838027954102e-01 3.358636286091104317e+00 3.379845175440086891e+00 1.000000000000000000e+00 1.000000000000000000e+00 1.000000000000000000e+00
9.941269896924496141e-01 1.033584558963775546e+00 1.006385450065135911e+00 1.007227693498134569e+00 1.023177143931388811e+00 1.014941675961017697e+00 9.987694644369184971e-01 1.022178538143634796e+00 9.920980721712112649e-01 9.853625237941742165e-01 1.012549653649330139e+00 1.001786369644105390e+00 9.869802162051201089e-01 9.586457818746566550e-01 9.933280959725380166e-01 1.005017950385808989e+00 1.011263963580131486e+00 9.764656394720077071e-01 1.008900854736566544e+00 9.931866228580474854e-01 9.689026355743408647e-01 1.007284653186798051e+00 1.006569822132587388e+00 9.981766773387790170e-01 9.995338481385260820e-01 3.357684187026612754e+00 3.395451823150152038e+00 1.000000000000000000e+00 1.000000000000000000e+00 1.000000000000000000e+00
1.001482359971851199e+00 1.005945542454719455e+00 1.015522451698779971e+00 1.014369544386863664e+00 9.981554225087165833e-01 9.889852792024612649e-01 1.006479059159755662e+00 9.954933729022741318e-01 9.738047122955322266e-01 1.001266817841678813e+00 9.844493836164474043e-01 1.017797581851482391e+00 9.764156207442283852e-01 9.623186796903610007e-01 9.726124435663223711e-01 1.019666120409965515e+00 1.002166238054633229e+00 9.907097548246384111e-01 9.886905103921890259e-01 1.022137604653835297e+00 9.833966493606567383e-01 1.001630178838968321e+00 1.000194520654622554e+00 1.009103177487850278e+00 9.891619727015494856e-01 3.378609137304624976e+00 3.362315005186022443e+00 1.000000000000000000e+00 1.000000000000000000e+00 1.000000000000000000e+00
1.010515827685594559e+00 1.014983591437339738e+00 1.024792118370533078e+00 1.019611577689647719e+00 1.008247418701648801e+00 1.014729568362235934e+00 1.000176083634141788e+00 9.796047031879424605e-01 9.944384757429360899e-01 1.018222855031490237e+00 1.015882880985736758e+00 1.038045385479926974e+00 9.898558653891086356e-01 9.409064650535583496e-01 1.001506105251610323e+00 1.004918979853391736e+00 9.874935820698738098e-01 1.005126076191663831e+00 1.007846464216709093e+00 9.972050825133920160e-01 9.864409372210503069e-01 1.005421124398708344e+00 1.014778545498848050e+00 9.887755930423736128e-01 1.018214595317840532e+00 3.367335629352040005e+00 3.377667461922253089e+00 1.000000000000000000e+00 1.000000000000000000e+00 1.000000000000000000e+00
1.005491742864251137e+00 1.013417541980743408e+00 1.001178101822733923e+00 1.026364481449127286e+00 1.026791980862617581e+00 9.833701223134994063e-01 1.002600921690464109e+00 1.006402831524610519e+00 9.808247715234756914e-01 1.008393149077892348e+00 1.020955793559551239e+00 1.027569591999053955e+00 9.959335949271916899e-01 9.390502452850342241e-01 1.006166657805442899e+00 1.010938371717929884e+00 9.881084457039832625e-01 9.950559042394161446e-01 1.009980664402246431e+00 1.005904436856508211e+00 9.889840327203274217e-01 9.902432806789874808e-01 9.926212780177593453e-01 1.001165297999978110e+00 9.982807880267501321e-01 3.358585029777997111e+00 3.400738011275288297e+00 1.000000000000000000e+00 1.000000000000000000e+00 1.000000000000000000e+00
9.930661596357822640e-01 9.991589751094579475e-01 9.997619940200820343e-01 1.018969726562499956e+00 9.912003695964812788e-01 1.000754230609163686e+00 1.003613609820604324e+00 9.902506500482559648e-01 9.904155887663363966e-01 9.877658441662788835e-01 9.879621878266334756e-01 1.004331769421696663e+00 9.769438192248344199e-01 9.458516418933868852e-01 9.945459533482789993e-01 1.018124209344386966e+00 9.911273360252380593e-01 9.856544524431228860e-01 1.022199265658855438e+00 9.922297880053519981e-01 9.885593131184577942e-01 1.023207560181617737e+00 9.971222557127475961e-01 9.880287177860737069e-01 1.016425053775310561e+00 3.389169244071902121e+00 3.366079226068854346e+00 1.000000000000000000e+00 1.000000000000000000e+00 1.000000000000000000e+00
1.003237004950642497e+00 1.018903282284736589e+00 1.022326271235942885e+00 1.015166400372982114e+00 1.018166221678256989e+00 1.001108382362872362e+00 1.014803583920002028e+00 1.009922613948583514e+00 9.953201420605182204e-01 1.012172531336545944e+00 9.944721624255180581e-01 1.000872440263628871e+00 9.756544366478919761e-01 9.501667022705078125e-01 9.962782539427280648e-01 1.001998107880353928e+00 1.005303307250142053e+00 9.976866001263260397e-01 9.909115999937057051e-01 9.974849408492445502e-01 9.838447928428649680e-01 1.005885095894336612e+00 9.896318003535270469e-01 1.002558855898678214e+00 9.893299102783202903e-01 3.373073227758661918e+00 3.374989579765444336e+00 1.000000000000000000e+00 1.000000000000000000e+00 1.000000000000000000e+00
1.023887243866920427e+00 1.017114599049091295e+00 9.995442587416618618e-01 1.012971781194210052e+00 1.005561147630214647e+00 1.032518246769905002e+00 9.802233979105949846e-01 9.906241483986377716e-01 1.015625740587711379e+00 1.005174427852034480e+00 1.001427154988050461e+00 1.005470973998308093e+00 9.772172749042511430e-01 9.518847793340683427e-01 9.926618494093417677e-01 1.012591573596000716e+00 9.912311345338821189e-01 9.906183555722236633e-01 1.014291243255138308e+00 9.940923642367124335e-01 9.930061802268028703e-01 1.000743470946326763e+00 9.835653752088546753e-01 9.950408190488815308e-01 1.007209387421607927e+00 3.366020941237476194e+00 3.372639520507944244e+00 1.000000000000000000e+00 1.000000000000000000e+00 1.000000000000000000e+00
9.943161074072122130e-01 1.025056940317153886e+00 1.003638028353452727e+00 1.007562865316867784e+00 9.991556896828115431e-01 9.828118279576301131e-01 1.016707323491573334e+00 9.903521783649921195e-01 1.009603574872016907e+00 1.008570197969675064e+00 9.963876187801361528e-01 1.002642115950584500e+00 1.001150314696133137e+00 9.477530479431152122e-01 9.884744502604008165e-01 1.025084912776947021e+00 9.842096403241157310e-01 9.964354995638131651e-01 9.922262296080589516e-01 1.003983077779412314e+00 9.863600999116897139e-01 9.919849753379821333e-01 1.009843949228525162e+00 9.865281850099563155e-01 9.866560772061347961e-01 3.362476436594761253e+00 3.376171666200048715e+00 1.000000000000000000e+00 1.000000000000000000e+00 1.000000000000000000e+00
9.888627715408802032e-01 1.016864529252052396e+00 9.889339774847030196e-01 1.020140124857425779e+00 9.962223656475543976e-01 9.915356479585171190e-01 1.001706710271537348e+00 1.018300233781337827e+00 9.751869052648544089e-01 1.028254276514053434e+00 9.965865314006805420e-01 9.988759983330964820e-01 1.000352816004306034e+00 9.458828687667846236e-01 1.015812106430530548e+00 1.005160109698772342e+00 9.894699089229106459e-01 9.980658059939742088e-01 1.005630167573690503e+00 9.986417034640908685e-01 9.876892194151878357e-01 1.001966512575745538e+00 9.992594328243284973e-01 9.963171757757663949e-01 1.010596898943185717e+00 3.371622415920770166e+00 3.395671128947324036e+00 1.000000000000000000e+00 1.000000000000000000e+00 1.000000000000000000e+00
1.009169078618288085e+00 1.014614872634410858e+00 9.974034417420625243e-01 1.029684513807296753e+00 1.000446891784668058e+00 9.996830218937248214e-01 1.011342582106590227e+00 9.972438087686896768e-01 9.934296183288097160e-01 9.988406602293252723e-01 1.004335790872573853e+00 1.002396065741777420e+00 9.879298821091652139e-01 9.578394025564194170e-01 9.851355701684951782e-01 1.018237005174160048e+00 9.942926522344350815e-01 9.900005996227264626e-01 1.001526776794344098e+00 1.001161957066506236e+00 9.715006083250046220e-01 1.005111781135201499e+00 9.780483871698379961e-01 9.903006032109260559e-01 1.016864271461963565e+00 3.347647104136703522e+00 3.353608507603519584e+00 1.000000000000000000e+00 1.000000000000000000e+00 1.000000000000000000e+00
9.769996613264083640e-01 1.025041937828063965e+00 1.013390468060970218e+00 1.018522918224334717e+00 1.021409885585307986e+00 1.021287696063518435e+00 9.940742664039134979e-01 9.962403949350118193e-01 9.820608466863631758e-01 1.002863262593746141e+00 9.906942531466483848e-01 1.009098857641220093e+00 9.863661572337150130e-01 9.561572104692459551e-01 9.858994394540786521e-01 1.017060199379920871e+00 9.976781681180000305e-01 9.958550017327070236e-01 9.915736079216003196e-01 1.004467576742172241e+00 9.705003947019577026e-01 9.968462932854891267e-01 9.950552772730588691e-01 1.002495278231799514e+00 9.980127766728401628e-01 3.363822060858316476e+00 3.365477777720480290e+00 1.000000000000000000e+00 1.000000000000000000e+00 1.000000000000000000e+00
9.873102843761444314e-01 1.007388640195131302e+00 9.916746012866497484e-01 1.022361336648464292e+00 1.007361396402120635e+00 1.018507501482963651e+00 9.966907545924186262e-01 9.983714383095503297e-01 9.709410667419433594e-01 9.871166944503784180e-01 1.019500392675399825e+00 1.004597514867782593e+00 9.875365972518921343e-01 9.382610738277434859e-01 9.915349841117858665e-01 1.023457787930965424e+00 9.972971241921186891e-01 1.004903233051300138e+00 9.940960854291915894e-01 1.003249560669064566e+00 9.870724990963936074e-01 1.016886408627033278e+00 1.002271216176450208e+00 1.004426336660981134e+00 9.853496044874191506e-01 3.371941767313777039e+00 3.346202997982438365e+00 1.000000000000000000e+00 1.000000000000000000e+00 1.000000000000000000e+00
1.011583317071199417e+00 1.029050081968307495e+00 9.943387411534786446e-01 1.012431382387876555e+00 1.014613974094390914e+00 1.004312403500080109e+00 9.875522188842296156e-01 9.835122004151344299e-01 9.948097564280032890e-01 1.013923627138137773e+00 9.882589049637318102e-01 1.034197056293487460e+00 9.750707715749740156e-01 9.378830313682555708e-01 9.919764809310436249e-01 1.032606717944145158e+00 9.875319972634315491e-01 9.988770804367959055e-01 9.985374851152301057e-01 9.920987710356712341e-01 9.840934067964554055e-01 9.982373114675283654e-01 9.951288521289824995e-01 1.011755310744047121e+00 1.007147660851478665e+00 3.362011413952239014e+00 3.398337818790763798e+00 1.000000000000000000e+00 1.000000000000000000e+00 1.000000000000000000e+00
1.006859573721885726e+00 1.030068016052246183e+00 1.009289801120758057e+00 1.018050433695316226e+00 1.025056746602058366e+00 9.885386280715465768e-01 1.007148256152868182e+00 1.014960773289203644e+00 9.876950345933437347e-01 9.939173504710197005e-01 9.917918488383292708e-01 1.005946669355034739e+00 9.739822208881377952e-01 9.565778136253356712e-01 9.655321598052978294e-01 1.043548110127449080e+00 9.836503028869628684e-01 9.938771795481443627e-01 1.024400226771831512e+00 9.796982705593109131e-01 9.796196058392524497e-01 1.008986283093690872e+00 9.931556969881057961e-01 1.002312780916690738e+00 9.947006903588772042e-01 3.372438162647489079e+00 3.362685836277246487e+00 1.000000000000000000e+00 1.000000000000000000e+00 1.000000000000000000e+00
9.930049777030944824e-01 1.006401274353265762e+00 9.908821597695350869e-01 1.022489719092845917e+00 1.011296083033084825e+00 1.006542500108480453e+00 1.010419635474681943e+00 9.968514006584883180e-01 9.796191900968551636e-01 9.987876839935779794e-01 1.014586728811263994e+00 1.008689834922552153e+00 9.791540116071700828e-01 9.620870649814605713e-01 9.856619656085967573e-01 1.012252497673034712e+00 1.012013626098632768e+00 9.785378828644752947e-01 1.009539486467838199e+00 9.912494219839572684e-01 9.824975311756134477e-01 1.007748985290527255e+00 1.006351228058338210e+00 9.943369016051292197e-01 1.006791740655899048e+00 3.353251564775704630e+00 3.358713535176616194e+00 1.000000000000000000e+00 1.000000000000000000e+00 1.000000000000000000e+00
9.962674684822558913e-01 1.015475477278232619e+00 9.993880287744104640e-01 1.009403950721025511e+00 1.016057698428630918e+00 1.000902238953858658e+00 9.923242896795272383e-01 1.028596776723861739e+00 9.670108050107956155e-01 9.877494834363460541e-01 9.814495369791984558e-01 1.008936869353056043e+00 9.767065539956092390e-01 9.656144678592681885e-01 9.764776736497878806e-01 1.033214846253394992e+00 9.859120771288871765e-01 9.882345795631408691e-01 1.029510703682899431e+00 9.880444213747978655e-01 9.877843514084816423e-01 9.986307607963681443e-01 9.780178010463714822e-01 1.004211037233471826e+00 1.006894669681787535e+00 3.376182007239116878e+00 3.356614812126621050e+00 1.000000000000000000e+00 1.000000000000000000e+00 1.000000000000000000e+00
9.807985708117484824e-01 1.000233590509742587e+00 1.013220877945423037e+00 1.023332057893276303e+00 9.920953705906867537e-01 1.020479282736778348e+00 1.000526086427271366e+00 9.814924940466880354e-01 9.902474291622638258e-01 1.012311262637376696e+00 1.020103374123573214e+00 1.022016881406307309e+00 9.980877216905355009e-01 9.439031362533569780e-01 9.859729811549187151e-01 1.016368322074413300e+00 9.838995665311813799e-01 9.956644482910632643e-01 1.025768738985061601e+00 9.825574398040771706e-01 1.001488732732832343e+00 1.020594504475593522e+00 9.813833609223365784e-01 9.936176821589469688e-01 1.005461837723851115e+00 3.341460103483279376e+00 3.373942685016537268e+00 1.000000000000000000e+00 1.000000000000000000e+00 1.000000000000000000e+00
1.005479178205132440e+00 1.023987942934036166e+00 1.016585324704647020e+00 1.029656717181205661e+00 1.014107263088226407e+00 1.001823257468640760e+00 1.001124394778162285e+00 1.002533188834786371e+00 9.901795662939548714e-01 9.866887152194976363e-01 1.023005230724811643e+00 1.018941596150398254e+00 9.834387496113776717e-01 9.519728988409041914e-01 9.688071101903915627e-01 1.029968091845512301e+00 9.900931611657142195e-01 9.871188327670097351e-01 1.001368485949933440e+00 1.023129633069038480e+00 9.803530856966972129e-01 1.002950575761496932e+00 9.985819400288165060e-01 1.004843942075967833e+00 9.964034046977758852e-01 3.380459269974108061e+00 3.369518737903178796e+00 1.000000000000000000e+00 1.000000000000000000e+00 1.000000000000000000e+00
9.964325532317162004e-01 1.017149506509304135e+00 9.981315931305289046e-01 1.010196350514888763e+00 1.018146991729736328e+00 9.931210823357105033e-01 1.003165736049413725e+00 1.003506028279662177e+00 9.738201320171355757e-01 1.003578195348381996e+00 9.976335963234305160e-01 1.012120745331049010e+00 9.820975720882415549e-01 9.393345177173614280e-01 9.918409727513790575e-01 1.024462269246578128e+00 9.980979552492499352e-01 9.937989521771669610e-01 1.003749131411314055e+00 9.966072212904691918e-01 9.992005361244082895e-01 9.931798346340656725e-01 1.008360011130571277e+00 1.000252381549216807e+00 9.843419998884200828e-01 3.374163607266503107e+00 3.368822118029126234e+00 1.000000000000000000e+00 1.000000000000000000e+00 1.000000000000000000e+00
9.916658483445643935e-01 1.039679622650146573e+00 1.001712090894579799e+00 1.017877820134162947e+00 9.986813507042825444e-01 1.012128572911024094e+00 9.803260415792465210e-01 9.814119115471839905e-01 9.904418833553790824e-01 1.026529994606971696e+00 1.009787856787443205e+00 1.007408525794744492e+00 9.774755939841270891e-01 9.345447123050689697e-01 9.975675757974385993e-01 1.012108048051595599e+00 1.007824424654245377e+00 9.809721156954764876e-01 1.020845177769660994e+00 9.769121333956718445e-01 9.923104390501975569e-01 9.997265123995020542e-01 9.989216119050979836e-01 1.008429433405399367e+00 1.004058616235852242e+00 3.364041913339879120e+00 3.388387963545107517e+00 1.000000000000000000e+00 1.000000000000000000e+00 1.000000000000000000e+00
9.869005382061004639e-01 1.016005478799343109e+00 1.010622625052928880e+00 1.013749994337558746e+00 1.017057195305824280e+00 1.018754383921623319e+00 1.009489313513040498e+00 9.846325233578682168e-01 9.982164535671472771e-01 1.009310004860162646e+00 1.006731202453374774e+00 1.019774901866912886e+00 9.813264921307564004e-01 9.397708356380463091e-01 9.893252328038215637e-01 1.021220476925372989e+00 1.000905629433691546e+00 9.859176337718963401e-01 9.974598277360200438e-01 1.019571182131767229e+00 9.837086156010628191e-01 9.945419915020465851e-01 1.020622150599956424e+00 9.935029968619346619e-01 1.009072539210319475e+00 3.382461119887624879e+00 3.349871123560883568e+00 1.000000000000000000e+00 1.000000000000000000e+00 1.000000000000000000e+00
1.029077780246734575e+00 1.035593166947364807e+00 1.016338250041008084e+00 1.011665067076683133e+00 1.032914927601814359e+00 9.874588802456856218e-01 1.000352760287932963e+00 9.934953689575195535e-01 9.861106738448143227e-01 1.001367442961782261e+00 9.894504562020302041e-01 1.033844107389449984e+00 9.879100918769836426e-01 9.462919056415557417e-01 9.875689782202243805e-01 1.018700775504112199e+00 1.005618173256516368e+00 9.823241949081420454e-01 1.004291263595223471e+00 1.007673145085573152e+00 9.905602812767029253e-01 1.003749734908342406e+00 9.851941764354705811e-01 9.940842155367135557e-01 9.926395744085312334e-01 3.377413018046956594e+00 3.364995961053784512e+00 1.000000000000000000e+00 1.000000000000000000e+00 1.000000000000000000e+00
1.003926413878798440e+00 9.981633849442005380e-01 1.000491257850080640e+00 1.030009797215461820e+00 1.003813966363668486e+00 1.010914175212383359e+00 9.737295061349868774e-01 9.901847667992115243e-01 9.910340987145900282e-01 1.051749247312545821e+00 1.034391185641288846e+00 1.008777140825986907e+00 1.002113110385835171e+00 9.516628623008728249e-01 9.868926495313644631e-01 1.028872486948966936e+00 9.854067668318748918e-01 9.947409633547067420e-01 9.971427872776985613e-01 9.992280918173491733e-01 9.931829459965229034e-01 1.015397015213966414e+00 9.850162670016289201e-01 1.010546724498271987e+00 9.874331116676330344e-01 3.377812976276127976e+00 3.353136389674467033e+00 1.000000000000000000e+00 1.000000000000000000e+00 1.000000000000000000e+00
1.006239727139472961e+00 9.922671891748905404e-01 9.997967239934950623e-01 1.022152161598205655e+00 9.995161962695420232e-01 1.007842463254928544e+00 1.013149330019950778e+00 9.889662429690361245e-01 9.976377956569194572e-01 9.954155884683132394e-01 9.921527601778507011e-01 1.002778553590178534e+00 9.889459446072578208e-01 9.313404619693755881e-01 1.000251201237551957e+00 1.017971211671829135e+00 1.004397546127438590e+00 9.759149774909019470e-01 1.016793455183506056e+00 9.903333276510238870e-01 9.988101174123584780e-01 9.896617546677589639e-01 1.001019943226128861e+00 9.935267731547355874e-01 1.002548721060156911e+00 3.364499955550655397e+00 3.375132941310360124e+00 1.000000000000000000e+00 1.000000000000000000e+00 1.000000000000000000e+00
1.010316889733076096e+00 1.005198419839143709e+00 9.967715524137019667e-01 1.027281200885772794e+00 1.019648709893226535e+00 9.918811023235321045e-01 1.007847622036933899e+00 1.005648885667324022e+00 9.887060128152370675e-01 1.013253594934940383e+00 9.948549546301365121e-01 1.018381518125534013e+00 9.863081574440002441e-01 9.451035857200622559e-01 9.957213934510946718e-01 1.009801376610994339e+00 9.928307786583900896e-01 9.874724939465522322e-01 1.017449204623699144e+00 1.003885375708341687e+00 9.822115793824195418e-01 9.909762457013130410e-01 9.954664267599582228e-01 1.010289483517408327e+00 9.837205529212951216e-01 3.389565735424029835e+00 3.381139382567714513e+00 1.000000000000000000e+00 1.000000000000000000e+00 1.000000000000000000e+00
1.000305894762277603e+00 1.006727584451436952e+00 1.006034505367279008e+00 1.024752098321914717e+00 1.021863844990730241e+00 1.003535069152712733e+00 1.009787897020578473e+00 9.833556473255157249e-01 9.901061438024043593e-01 1.019765718281269162e+00 9.922322668135166168e-01 1.011083471775054976e+00 9.752801150083542092e-01 9.391706287860870361e-01 9.849191978573799133e-01 1.021531215310096830e+00 9.913909651339054552e-01 9.850388944149017778e-01 1.010612208396196365e+00 1.010023216158151715e+00 9.825932547450065835e-01 1.015883368253707841e+00 1.000229949480853975e+00 9.831983506679534690e-01 1.017331980168819427e+00 3.371896962418946320e+00 3.380916781399373683e+00 1.000000000000000000e+00 1.000000000000000000e+00 1.000000000000000000e+00
9.945038426667451859e-01 1.018501177430152893e+00 1.010164741426706314e+00 1.023316510021686554e+00 1.025589045882224992e+00 1.012367622554302127e+00 1.002917434833943799e+00 9.827040344476699607e-01 9.751707479357719643e-01 9.970715735107660294e-01 1.010623012483119920e+00 1.003508414700627238e+00 9.989065225236117840e-01 9.567052602767944780e-01 1.002316934987902641e+00 1.004796270653605550e+00 9.955353308469057083e-01 9.958812262862920539e-01 9.976675044745206833e-01 9.996030386071652618e-01 9.875762306153774706e-01 1.007196411490440369e+00 9.729478865861892478e-01 1.003793365508317992e+00 1.005983040481805757e+00 3.362831236310472427e+00 3.358867680338270656e+00 1.000000000000000000e+00 1.000000000000000000e+00 1.000000000000000000e+00
9.905345641076565011e-01 1.019637130200862885e+00 1.009073895215988115e+00 1.016313348710536912e+00 1.029798185825347989e+00 9.888265185058117135e-01 9.789310574531555620e-01 9.921386636793613212e-01 9.934280827641487344e-01 1.017144925892353058e+00 9.822318241000175254e-01 1.021471551060676664e+00 9.780139222741126570e-01 9.518496960401534590e-01 1.004305635020136922e+00 1.002893889695406049e+00 9.958283483982086626e-01 9.963255412876605988e-01 1.030594488978386014e+00 9.764913722872734514e-01 9.826714962720870528e-01 1.003569460287690118e+00 9.871778368949890581e-01 1.002826668880879790e+00 1.012420336902141615e+00 3.364018462766845907e+00 3.365858592347082734e+00 1.000000000000000000e+00 1.000000000000000000e+00 1.000000000000000000e+00
1.000209022592753128e+00 1.014048290252685502e+00 1.004362158477306366e+00 1.022248147428035825e+00 1.036723214387893721e+00 9.818359076976775901e-01 1.002884196117520332e+00 1.008028451353311539e+00 9.890808731317519698e-01 9.901394851505755934e-01 1.002414438314735978e+00 1.003780036792158992e+00 9.733520209789275901e-01 9.406938016414642112e-01 9.859528511762618574e-01 1.033519902825355441e+00 1.002289856597781137e+00 9.837753400206565857e-01 9.935123577713966814e-01 1.013992743194103152e+00 9.931426838040351424e-01 9.896048776805400626e-01 1.019484053552150771e+00 9.871718198060989158e-01 9.930280894041061401e-01 3.394942120533857910e+00 3.387074359621091268e+00 1.000000000000000000e+00 1.000000000000000000e+00 1.000000000000000000e+00
9.946908790618180785e-01 1.026637691259384200e+00 9.891209408640861955e-01 1.017835386097431183e+00 1.007402201741933734e+00 9.978118270635605302e-01 1.001191257778555110e+00 9.945115994662045988e-01 1.003132190182804973e+00 1.019984899461269467e+00 1.003854660689830869e+00 1.026211559772491455e+00 9.801849886775017007e-01 9.409037113189697710e-01 9.993012599181383404e-01 1.003922450914978892e+00 1.016170084476470947e+00 9.786903485655784607e-01 1.000143785716500089e+00 1.019169986248016357e+00 9.759488567709923013e-01 1.003541548550128892e+00 9.997556397225707547e-01 1.013974110782146498e+00 1.017757184803485870e+00 3.355433352114361778e+00 3.372329010187989251e+00 1.000000000000000000e+00 1.000000000000000000e+00 1.000000000000000000e+00
9.980638775974511878e-01 1.020117121934890791e+00 9.955612916499376741e-01 1.017449004948139279e+00 1.004501388594508215e+00 1.017201346158981279e+00 9.887952461838722673e-01 1.016381806135177701e+00 9.576161384582519975e-01 1.011765977740287870e+00 9.915379829704761283e-01 1.011385750770568803e+00 9.819066897034645081e-01 9.326597511768340842e-01 9.975542150437831657e-01 1.012086480855941772e+00 9.992439491208642277e-01 9.843174621462822405e-01 1.012532450258731842e+00 1.001816408522427038e+00 9.825481563806534036e-01 1.008524957299232527e+00 1.002460538223385766e+00 9.793466433882713762e-01 1.032876211404800459e+00 3.366696551730278486e+00 3.361261339786791869e+00 1.000000000000000000e+00 1.000000000000000000e+00 1.000000000000000000e+00
1.004400694742798805e+00 1.002195893041789576e+00 1.003918043896555812e+00 1.020218171179294586e+00 9.905208408832549827e-01 1.009153786301612898e+00 9.886156156659126060e-01 9.943206343799829705e-01 9.906777933239936385e-01 1.020149375498294875e+00 9.873609557747841103e-01 1.015162461996078402e+00 9.627787947654724565e-01 9.448212385177612305e-01 9.853177413344382796e-01 1.029841849207878024e+00 9.697745919227600542e-01 1.011069531738758132e+00 1.016271987557411105e+00 9.844037041068076643e-01 9.972299104556441307e-01 1.011843324452638582e+00 9.787927165627479109e-01 1.004730974137783006e+00 9.856154173612594604e-01 3.379669167139971453e+00 3.366837716606616571e+00 1.000000000000000000e+00 1.000000000000000000e+00 1.000000000000000000e+00
1.023783680796623186e+00 1.039175373315811113e+00 1.019331815838813826e+00 1.021478752791881606e+00 1.011954530328512236e+00 9.833606794476509316e-01 9.881715714931488259e-01 1.011935513466596603e+00 9.893252529203891976e-01 1.008146305382251695e+00 9.968308668583631960e-01 1.020485027134418576e+00 9.869103789329528587e-01 9.299522459506988081e-01 1.005272125825285912e+00 1.002829841710627168e+00 1.003833897411823273e+00 9.786667451262474060e-01 1.012704697251319841e+00 1.005691787227988243e+00 9.891081064939498679e-01 1.007127199321985245e+00 9.645909905433655007e-01 9.919228456914425118e-01 1.005394040420651391e+00 3.385801790442264814e+00 3.384707962681847704e+00 1.000000000000000000e+00 1.000000000000000000e+00 1.000000000000000000e+00
9.960323136299849001e-01 1.019496168196201369e+00 9.947075385600328001e-01 1.017065401375293776e+00 1.001003062352538109e+00 9.817697882652283159e-01 1.013355346024036319e+00 9.790028795599937661e-01 9.933742552995681319e-01 1.000236190762370914e+00 1.004349201172590300e+00 9.972796849906444550e-01 1.001961461082100824e+00 9.341790437698364036e-01 1.019998286664485887e+00 9.865533724427223428e-01 1.002568356879055544e+00 9.913054443895816803e-01 1.019125114381313368e+00 9.840422943234443665e-01 9.654386848211288230e-01 1.025387287139892578e+00 9.739757299423217329e-01 1.015460120141506106e+00 1.000559363700449511e+00 3.357584878185181587e+00 3.377426709056559950e+00 1.000000000000000000e+00 1.000000000000000000e+00 1.000000000000000000e+00
9.993703898042440859e-01 1.018724820017814725e+00 9.975799558684229629e-01 1.006188269704580307e+00 1.009036052972078323e+00 1.018933437764644623e+00 9.884585954248905626e-01 9.914002954959869607e-01 9.900464013218879256e-01 9.956658549606800523e-01 9.825997278094291687e-01 1.027267214655876115e+00 9.759486734867095503e-01 9.703855127096175925e-01 9.959351498633622901e-01 1.003852652758359998e+00 1.008165416121482805e+00 9.924461297690868600e-01 9.879691548645496146e-01 1.004268964752554893e+00 9.771513596177101579e-01 9.946880642324685828e-01 1.002921516261994883e+00 9.958398036658764330e-01 1.021272478997707456e+00 3.355605328169677826e+00 3.385582919708820970e+00 1.000000000000000000e+00 1.000000000000000000e+00 1.000000000000000000e+00
1.006814797967672259e+00 1.027440363168716342e+00 9.908313579857349618e-01 1.017429639399051622e+00 9.824495628476143105e-01 9.808304622769355996e-01 9.999554570356850025e-01 1.007824965566396669e+00 9.710052281618117842e-01 1.009306378662586212e+00 1.005368182435631752e+00 9.838568478822707908e-01 9.902707293629646745e-01 9.543148666620254739e-01 1.004764082655310586e+00 1.004176947101950601e+00 9.982596797868609206e-01 9.877363689243793266e-01 1.022586488723754794e+00 9.825763702392578125e-01 9.759049132466316445e-01 9.986377900466323343e-01 9.962134547531604767e-01 9.880470857024192810e-01 1.013349552452564195e+00 3.349307518996992084e+00 3.367172047931873635e+00 1.000000000000000000e+00 1.000000000000000000e+00 1.000000000000000000e+00
1.027473792433738708e+00 1.013831853866577148e+00 1.014086173474788577e+00 1.025876289606094449e+00 9.988474572077393754e-01 9.926329277455806510e-01 1.020784908533096225e+00 9.857724413275719133e-01 9.787510156631469282e-01 9.820927441120147483e-01 1.009092570841312320e+00 1.007010481506586119e+00 1.003899061307311102e+00 9.443771064281463179e-01 9.874642923474311607e-01 1.022757111489772885e+00 9.889567472040653451e-01 9.913370884954929574e-01 1.001819995976984456e+00 1.009385245293378919e+00 9.752999365329741988e-01 1.012138251215219498e+00 9.769665047526359114e-01 1.000561155984178274e+00 1.013356135785579593e+00 3.345263046941979290e+00 3.367453906801988417e+00 1.000000000000000000e+00 1.000000000000000000e+00 1.000000000000000000e+00
1.008806868642568633e+00 1.030839779973030002e+00 1.005412739887833640e+00 1.017033378779888197e+00 9.983721492812037690e-01 9.831007719039916992e-01 1.014562623202800662e+00 1.007038236409425691e+00 1.001632548682391599e+00 1.021347959339618638e+00 9.869437113404273543e-01 9.920911021530628426e-01 9.807542428374290688e-01 9.582968801259994507e-01 9.912167318165302499e-01 1.013382658362388611e+00 9.993412451352924331e-01 9.897719509899616241e-01 1.010933027416467622e+00 9.911168858408927473e-01 9.759826868772506492e-01 1.004591512680053755e+00 9.678930133581161721e-01 1.013601766526698977e+00 9.819115117192268594e-01 3.372986649187892372e+00 3.369911532874069415e+00 1.000000000000000000e+00 1.000000000000000000e+00 1.000000000000000000e+00
1.008150859177112668e+00 1.011046876758336932e+00 1.006476932764053256e+00 1.023101173341274261e+00 1.000235370453447015e+00 9.927914783358573469e-01 9.849360942840575950e-01 9.945179361850022826e-01 9.947659604251384291e-01 1.009111506491899402e+00 1.008912991732358932e+00 9.888812385499476942e-01 1.005563592165708453e+00 9.586426436901092085e-01 9.947142966091633287e-01 1.005960541591048196e+00 1.000402321526780769e+00 9.987271479330956936e-01 9.945225410163403001e-01 1.002113637886941522e+00 9.944797508418560250e-01 9.893339551985264047e-01 9.944122120738029258e-01 1.014293929934501737e+00 9.996555685764179078e-01 3.370217093760184746e+00 3.369489912740297743e+00 1.000000000000000000e+00 1.000000000000000000e+00 1.000000000000000000e+00
1.022919826209545135e+00 9.988170241937041061e-01 1.006754121929407164e+00 1.010419562458992004e+00 9.979726271703839302e-01 9.835083752870559248e-01 1.017070329189300626e+00 9.972221817821264045e-01 9.850986838340759499e-01 9.956782113760709318e-01 9.957657355815172640e-01 1.012258350849151611e+00 9.808158338069915549e-01 9.496264100074768288e-01 9.898229293525219186e-01 1.024473959207534701e+00 9.861184939742088096e-01 1.001062745973467782e+00 1.006238431856036231e+00 9.872353971004486084e-01 9.861771270632744280e-01 1.021905700862407729e+00 9.932176366448401961e-01 9.932472206652164237e-01 9.878300487995147483e-01 3.369546270202770089e+00 3.361050689939847569e+00 1.000000000000000000e+00 1.000000000000000000e+00 1.000000000000000000e+00
9.968798475340008292e-01 9.986427177675067934e-01 1.004966349527239844e+00 1.027118882536888211e+00 9.920539923012257066e-01 1.019492731988429934e+00 9.983706071972846541e-01 1.015819075703620955e+00 9.836715489625931230e-01 1.003017885237932116e+00 1.009722297638654620e+00 1.011879859864711850e+00 9.912451170384883881e-01 9.400271058082581010e-01 9.979470577090978622e-01 1.016549459099769681e+00 9.982403445988893287e-01 9.934903748333454576e-01 9.969379533082246558e-01 1.003683642670512244e+00 9.903793551027775255e-01 1.008514099568128541e+00 9.965667497366667016e-01 1.000647125858813435e+00 1.004778775945305735e+00 3.367073870587552253e+00 3.376989867349450947e+00 1.000000000000000000e+00 1.000000000000000000e+00 1.000000000000000000e+00
1.003473116457462400e+00 1.017326746881008104e+00 1.009954710304737047e+00 1.022954867780208499e+00 9.992238983046263234e-01 9.865736573934554832e-01 9.997251608641818388e-01 9.884338945150374922e-01 9.987128532491624799e-01 1.007194344699382738e+00 9.977337809279560599e-01 1.015216034650802568e+00 9.743203848600388017e-01 9.519404768943786621e-01 9.934458769857883453e-01 1.004079333320260004e+00 9.967520024627447572e-01 9.860238254070281538e-01 1.017047844827175140e+00 1.000608716066926807e+00 9.861641094088554604e-01 1.001810811646282717e+00 9.689405083656310591e-01 1.000987301673740060e+00 1.013048689067363783e+00 3.381684434758765345e+00 3.370898617977082790e+00 1.000000000000000000e+00 1.000000000000000000e+00 1.000000000000000000e+00
9.982954446226358636e-01 1.015185306966304823e+00 1.011417125910520465e+00 1.016388261318206698e+00 1.008266943693161055e+00 1.007271298021078065e+00 1.015244369208812669e+00 1.011472336947917938e+00 9.647503167390822920e-01 1.013350597023964017e+00 9.984473336488008943e-01 9.987114314921200497e-01 9.812631040811539140e-01 9.644100874662399070e-01 9.908259466290474382e-01 1.003673149645328611e+00 1.009531333297491118e+00 9.937510762363672701e-01 1.002312566339969679e+00 9.834003567695617232e-01 9.891846261918544325e-01 9.753694400191307290e-01 9.851483687758445518e-01 1.005268875136971385e+00 1.012741152942180589e+00 3.373738100798588935e+00 3.363882359818483270e+00 1.000000000000000000e+00 1.000000000000000000e+00 1.000000000000000000e+00
1.019326442480087191e+00 1.006996084749698595e+00 1.003032961487769992e+00 1.022712199389934629e+00 1.006932959705591157e+00 9.849641054868698564e-01 9.892538435757159965e-01 9.944240294396877733e-01 9.784538894891738892e-01 1.016226886212825864e+00 9.805545583367347717e-01 1.021714235842227980e+00 9.816554009914397749e-01 9.683089643716812356e-01 9.803696036338805930e-01 1.027298903465271085e+00 9.848919749259948953e-01 9.987452203407883866e-01 1.014111229777336032e+00 1.005989653244614646e+00 9.726251989603043047e-01 9.987670600414275679e-01 1.016202014684677080e+00 1.005866517126560167e+00 9.874325782060623391e-01 3.391824828038516593e+00 3.389082755963491511e+00 1.000000000000000000e+00 1.000000000000000000e+00 1.000000000000000000e+00
1.019886553287506104e+00 1.028941956162452653e+00 1.006331250816583589e+00 1.010653519630432040e+00 1.015285271406173750e+00 9.928875289857387321e-01 9.961495626717805640e-01 9.913710787892341392e-01 9.974007565528154595e-01 1.010853066295385405e+00 9.948749721050262895e-01 1.010254726558923677e+00 9.902531512081622633e-01 9.360657930374145508e-01 1.002935658209025860e+00 1.009898502379655838e+00 1.000642084144055755e+00 9.914760507643223253e-01 9.976203218102455139e-01 1.005015724152326539e+00 9.945252921432257143e-01 1.010251697152853012e+00 9.940103586763143761e-01 9.942978065460920112e-01 1.002398547530174211e+00 3.382842671559893599e+00 3.374294418705415577e+00 1.000000000000000000e+00 1.000000000000000000e+00 1.000000000000000000e+00
9.941583517938852310e-01 1.039035055041313216e+00 9.989796850830316988e-01 1.024707596004009291e+00 9.877487987279891524e-01 9.919668518006801161e-01 1.000235958816483528e+00 9.938878938555717468e-01 9.819728940725326316e-01 1.020120087265968367e+00 1.015704658627510026e+00 1.011909671872854188e+00 9.894745625555515511e-01 9.394591808319091575e-01 1.003006414510309696e+00 1.014858484268188477e+00 1.001137020997703075e+00 9.684594690799712691e-01 1.034209790825843855e+00 9.811285972595215066e-01 9.801218569278716819e-01 1.011125978827476457e+00 1.007635197043418973e+00 1.004220400750637010e+00 9.952051158994436042e-01 3.352002436671001728e+00 3.372751013220264937e+00 1.000000000000000000e+00 1.000000000000000000e+00 1.000000000000000000e+00
9.844136163592338562e-01 1.023582802712917239e+00 1.004537728801369711e+00 1.010541214793920561e+00 1.010345902293920517e+00 1.007072777301073030e+00 9.684314370155334695e-01 9.939366139471530470e-01 9.990083005279302153e-01 1.020048059523105621e+00 1.014120307564735368e+00 9.878885038197040558e-01 9.928815238177776115e-01 9.502355039119720903e-01 9.996597704477607760e-01 1.017175364494323775e+00 9.968840518966317621e-01 9.885007448494433913e-01 1.007414246350526899e+00 9.994288986548781617e-01 9.866227731108665466e-01 9.866579130291939226e-01 9.926407605409621748e-01 1.008451621234417006e+00 9.894248835742474046e-01 3.372556427215553931e+00 3.380353957258711795e+00 1.000000000000000000e+00 1.000000000000000000e+00 1.000000000000000000e+00
9.999208698747679147e-01 1.031801825761795133e+00 1.022315096855163530e+00 1.016176047921180770e+00 1.008035964518785521e+00 1.002872755751013756e+00 1.008497234433889389e+00 9.773426830768585649e-01 9.696545064449310081e-01 1.003131911531090825e+00 1.011661010235548108e+00 1.021415449678897858e+00 1.008082945644855455e+00 9.500616669654846635e-01 1.003792549297213510e+00 1.009930097311735109e+00 1.001781775802373931e+00 9.909992069005966187e-01 1.012366990000009626e+00 9.946771707385778649e-01 9.819330438971519692e-01 1.010323710739612579e+00 9.935422770678996596e-01 9.890788517892360465e-01 1.006413827836513564e+00 3.367202899837126839e+00 3.380590053562630981e+00 1.000000000000000000e+00 1.000000000000000000e+00 1.000000000000000000e+00
9.797241330146789773e-01 1.034456568956375166e+00 1.013035365939140231e+00 1.012577840685844333e+00 9.903434269130230172e-01 9.894565731287002786e-01 1.001822745613753840e+00 9.806949421763420105e-01 9.842706695199012756e-01 1.027032500505447477e+00 9.741053491830825584e-01 1.005987301468849182e+00 9.965218767523765786e-01 9.385287761688232422e-01 9.894690491259098275e-01 1.020566220581531569e+00 9.841063737869262251e-01 9.838712558150290999e-01 1.030055770277976901e+00 1.005165744200348765e+00 9.689207911491394265e-01 1.008370433747768358e+00 1.018865585327148438e+00 1.001557930558919951e+00 9.881213776767253654e-01 3.372105669902163427e+00 3.393678025462557368e+00 1.000000000000000000e+00 1.000000000000000000e+00 1.000000000000000000e+00
9.915385186672210915e-01 1.023797722160816104e+00 1.016856840252876371e+00 1.026094424724578902e+00 1.005405957624316171e+00 1.012339565157890364e+00 9.970241215080022368e-01 9.870219558477402177e-01 1.006978730112314313e+00 1.011388848721981093e+00 9.901700817048549874e-01 9.942381322383880837e-01 1.003968666493892714e+00 9.417909145355224387e-01 9.981616910547017607e-01 1.023491896688938141e+00 9.789303913712501526e-01 1.000735833682119935e+00 9.960479501634835753e-01 9.966341063380241838e-01 1.004449380189180285e+00 9.895258724689484087e-01 9.674341082572937012e-01 9.928417503833770752e-01 1.001707341708242938e+00 3.375776403134907344e+00 3.375376920299620220e+00 1.000000000000000000e+00 1.000000000000000000e+00 1.000000000000000000e+00
9.835636571049690691e-01 1.011879552900791124e+00 9.977854982018470320e-01 1.026070922613143921e+00 9.889090746641159280e-01 1.007751864194869951e+00 9.768226295709609985e-01 9.956837795674801095e-01 9.588011145591736062e-01 1.025118038058280945e+00 1.016400550305843309e+00 1.011320284754037901e+00 9.837765753269195335e-01 9.310818493366241899e-01 1.000979288388043731e+00 1.008739332109689801e+00 9.927773132920265642e-01 9.961925826966762099e-01 9.911331847310066445e-01 1.015749189257621810e+00 9.659212470054626687e-01 9.991120232269168344e-01 1.014896607398986905e+00 1.004599517583847135e+00 9.889811329543590768e-01 3.377931624520405407e+00 3.377452820154733359e+00 1.000000000000000000e+00 1.000000000000000000e+00 1.000000000000000000e+00
1.012483846396207809e+00 1.004226460307836577e+00 9.998579045641236007e-01 1.018426014482975095e+00 9.879852987825870070e-01 1.035336917638778775e+00 1.006028902903199240e+00 1.018570123612880796e+00 9.910704903304576874e-01 1.023152303695678667e+00 1.010149824619293257e+00 1.018005235493183225e+00 9.829852968454361184e-01 9.496055781841278298e-01 9.735967099666595903e-01 1.038725242018699646e+00 9.931381702423095481e-01 9.820464685559272544e-01 1.004765308648347899e+00 9.950578279793262926e-01 9.867902591824531111e-01 1.007401047646999448e+00 1.007894670963287442e+00 9.874685510993004289e-01 9.910002529621124712e-01 3.356736105776989110e+00 3.384326430120550011e+00 1.000000000000000000e+00 1.000000000000000000e+00 1.000000000000000000e+00
1.002048474736511707e+00 1.003427235409617424e+00 1.002711817249655635e+00 1.025479727983474643e+00 1.027488282322883695e+00 1.012734419107437223e+00 1.017393414676189378e+00 1.001657894439995200e+00 9.838932365179061668e-01 1.008345248550176709e+00 9.992097509093582630e-01 1.020193332433700473e+00 9.940925721079111321e-01 9.498929083347320557e-01 9.897642761468887773e-01 1.023039957880973905e+00 1.001902855932712555e+00 9.783038631081580894e-01 1.019630537927150638e+00 9.956277117133141008e-01 9.993716774974018557e-01 1.000546521646902054e+00 9.973069040104747263e-01 1.007032742351293475e+00 9.813121899962424788e-01 3.365634721268869978e+00 3.372263651653688132e+00 1.000000000000000000e+00 1.000000000000000000e+00 1.000000000000000000e+00
1.000175844121258706e+00 1.033156049251556352e+00 1.003652119636535556e+00 1.025437074899673506e+00 1.005406237766146571e+00 1.002937709167599722e+00 1.000649977987632111e+00 9.997402134118601458e-01 9.780672281980514748e-01 1.018212530016899153e+00 1.014899134635925293e+00 1.014842079579830081e+00 9.860334321856498718e-01 9.378603637218475564e-01 9.871859252452850342e-01 1.026552042365074247e+00 1.007805420458316892e+00 9.722869753837585227e-01 1.001701181381940753e+00 1.004153928160667508e+00 9.865285888314246909e-01 9.912013098597526328e-01 9.961606018245220406e-01 1.007446725666522935e+00 1.001391647942364127e+00 3.373235168470892109e+00 3.381986468113852951e+00 1.000000000000000000e+00 1.000000000000000000e+00 1.000000000000000000e+00
1.014078110456466675e+00 1.026203396916389510e+00 9.919791698455810991e-01 1.020462939143180758e+00 9.976071814075112565e-01 1.002617931179702326e+00 1.005396892502903983e+00 9.959745712578296217e-01 1.002509162388741881e+00 1.003553287312388465e+00 9.903106756508350816e-01 1.024492150545120328e+00 9.604534268379211204e-01 9.557788282632827537e-01 9.864920273423194441e-01 1.014652235805988401e+00 9.897033810615539773e-01 1.002512558549642607e+00 1.003604862093925520e+00 1.002232556231319904e+00 9.775546357035637124e-01 9.909316055476665719e-01 1.007216110080480620e+00 1.012316350638866380e+00 9.882736355066299438e-01 3.383495328490646159e+00 3.355884855504473130e+00 1.000000000000000000e+00 1.000000000000000000e+00 1.000000000000000000e+00
9.942852906882763131e-01 1.018173335492611020e+00 1.008756722509861037e+00 1.027726438641548112e+00 1.014444670081138700e+00 9.968463648110628128e-01 1.006729000806808383e+00 1.015814287960529416e+00 9.862626403570174949e-01 9.988202502951025741e-01 9.982895568013191445e-01 1.027558216452598483e+00 9.995267542544752359e-01 9.474193871021270308e-01 9.939892373979091200e-01 1.028341567516326993e+00 9.794708952307701333e-01 9.889006018638610840e-01 1.022029827535152480e+00 9.943013295531273332e-01 9.828932493925094382e-01 9.911379270255565865e-01 9.995313753839581983e-01 1.001876410096883774e+00 1.028024259209632918e+00 3.346934129769081778e+00 3.374618976783967828e+00 1.000000000000000000e+00 1.000000000000000000e+00 1.000000000000000000e+00
9.876314729452133623e-01 1.030587714910507158e+00 1.014501509070396379e+00 1.013919907808303877e+00 9.906497932970523834e-01 1.011568026244640262e+00 1.001029240712523416e+00 9.964420273900032043e-01 9.976981112733482870e-01 9.932512141764163749e-01 1.019722330570220992e+00 9.907069124281406847e-01 9.910943441092967543e-01 9.573288083076476607e-01 9.841466054320335832e-01 1.026486676931381181e+00 1.002678929455578238e+00 9.851857244968413863e-01 1.017831543087959201e+00 9.752902984619140625e-01 9.939458549022675005e-01 1.024985802173614458e+00 9.668631434440613237e-01 9.814345225691795127e-01 1.016503491997718722e+00 3.370932710012587208e+00 3.371628916933576026e+00 1.000000000000000000e+00 1.000000000000000000e+00 1.000000000000000000e+00
1.011906898766756102e+00 1.026386880874633700e+00 1.008327025175094649e+00 1.025003457069396884e+00 9.902781344950198905e-01 1.013947959244251296e+00 9.872477754950523821e-01 9.987737230956554857e-01 9.600013464689254317e-01 1.003089488297700838e+00 9.961164489388465437e-01 1.015093928575515836e+00 9.963032856583595720e-01 9.594158977270126343e-01 9.965374086052178892e-01 1.014970804750919386e+00 9.967818126082420571e-01 9.892775923013686912e-01 1.001204199437051967e+00 9.979882260784507242e-01 9.699548423290252908e-01 1.008448055386543363e+00 9.949671983718871848e-01 1.003791576996445611e+00 9.962241895496845023e-01 3.362091243357845816e+00 3.365385523281851921e+00 1.000000000000000000e+00 1.000000000000000000e+00 1.000000000000000000e+00
1.021424914896488234e+00 1.007997083663940474e+00 9.892415471374989000e-01 1.027810597419738681e+00 9.723202854394912276e-01 1.025650849938392728e+00 9.892219826579093933e-01 9.929270267486571822e-01 9.958244133740663528e-01 1.013728387653827667e+00 1.021334129571914717e+00 9.931231267750263436e-01 9.595734685659408347e-01 9.523015588521956953e-01 9.834930777549744096e-01 1.027835813164710954e+00 9.911067165434360726e-01 9.948048498481512070e-01 9.953312940895557848e-01 1.015449540317058474e+00 9.601705312728882058e-01 9.976107172667980638e-01 9.828372091054916604e-01 1.019674870371818587e+00 9.856289297342299971e-01 3.375987536795541644e+00 3.390314062507233217e+00 1.000000000000000000e+00 1.000000000000000000e+00 1.000000000000000000e+00
1.019018819928169339e+00 1.020447891950607255e+00 1.010407294332981154e+00 1.015451885759830475e+00 9.942585937678813934e-01 1.004959881305694580e+00 9.923300169408321159e-01 9.971704054623842239e-01 9.925751596689224021e-01 9.888729192316532135e-01 1.009393461048603058e+00 1.006078856810927347e+00 9.842122167348861250e-01 9.544085323810577171e-01 9.959166105836629868e-01 1.012888655066490173e+00 9.982026923447847588e-01 9.956388983875512633e-01 9.881121106445789337e-01 9.985397740267216715e-01 9.735792368650436623e-01 9.964414648711681366e-01 9.998650709516369028e-01 9.974819267168640868e-01 1.001408793963491917e+00 3.373306530124797309e+00 3.375043830509185216e+00 1.000000000000000000e+00 1.000000000000000000e+00 1.000000000000000000e+00
1.000575330667197615e+00 1.007504320889711424e+00 1.005323358997702643e+00 1.014787381887436002e+00 1.003388845175504640e+00 9.904912076890468597e-01 9.943442866206169128e-01 9.945820432156324831e-01 9.993281981442123652e-01 1.000151710084173917e+00 9.967691466212272866e-01 1.021678715944290161e+00 9.866091713309288469e-01 9.462524116039275901e-01 9.965540148317814095e-01 1.017124758660793216e+00 9.850591987371444258e-01 9.994614987168460862e-01 1.005724915862083346e+00 9.877189613878727403e-01 9.771132558584213479e-01 9.925597175955772622e-01 9.841343596577644126e-01 9.991088505834341271e-01 1.019223073124885470e+00 3.368669799496551764e+00 3.371941190691233992e+00 1.000000000000000000e+00 1.000000000000000000e+00 1.000000000000000000e+00
9.588825851678848267e-01 1.033924907445907593e+00 1.014346116781234652e+00 1.016525325179099992e+00 1.006965386867523238e+00 1.014264702796936035e+00 1.011058077961206392e+00 1.007941347360610918e+00 9.966402370482683182e-01 1.011424414068460509e+00 9.847781732678413391e-01 1.019200275838375136e+00 9.807814165949821916e-01 9.452586054801941362e-01 9.786140441894530806e-01 1.032335466146469205e+00 1.003698915988206819e+00 9.889630317687988503e-01 9.917366497218609300e-01 9.894512750208377394e-01 1.002134939655661583e+00 9.980639534071087393e-01 1.006907527893781573e+00 9.937623105943202972e-01 1.020520222187042192e+00 3.360766921787768702e+00 3.365363320599793706e+00 1.000000000000000000e+00 1.000000000000000000e+00 1.000000000000000000e+00
1.007743157446384430e+00 1.025827133655548007e+00 1.005682412534952164e+00 1.022763335704803378e+00 1.020694334805011705e+00 1.028404527902603061e+00 9.989917168393731561e-01 9.768357485532760398e-01 9.942707423120736854e-01 1.022820572555065199e+00 9.956924643367528471e-01 1.022346808016300290e+00 9.913615994155406952e-01 9.698429793119430764e-01 9.836331069469451682e-01 1.017249625921249345e+00 9.947677560150622877e-01 9.884245954453945160e-01 1.003883145377039821e+00 9.869603231549263223e-01 9.806236654520035234e-01 1.009086626023054212e+00 9.994651688262820022e-01 9.977164253592490928e-01 1.010087021440267518e+00 3.363396973074859186e+00 3.377441942171164779e+00 1.000000000000000000e+00 1.000000000000000000e+00 1.000000000000000000e+00
1.009171090275049254e+00 1.026135584712028592e+00 1.011576748639345213e+00 1.015228961408138231e+00 9.977024307474493536e-01 9.985237821005285008e-01 1.006730905920267150e+00 9.895454421639442444e-01 9.860409140586853249e-01 1.009019666165113405e+00 9.993728563189506753e-01 1.006986309587955430e+00 9.835110053420066389e-01 9.345316767692566362e-01 1.010818967968225568e+00 1.002495246008038521e+00 9.978168999776244608e-01 9.827601984143257141e-01 1.013706608116626828e+00 9.926023453474044356e-01 9.919434383511542830e-01 1.000313906744122461e+00 1.002244388125836938e+00 9.947262156754732576e-01 9.938310097903013673e-01 3.360335553737451519e+00 3.378779258646518624e+00 1.000000000000000000e+00 1.000000000000000000e+00 1.000000000000000000e+00
9.967169854789972305e-01 1.032942458987236023e+00 1.024567209184169769e+00 1.024631498754024594e+00 1.019824330508708909e+00 1.000063780928030610e+00 1.014093522727489427e+00 9.925120510160923004e-01 9.691592752933502197e-01 1.023594890534877733e+00 9.987129275687038898e-01 1.013671888411045163e+00 9.997624224517493996e-01 9.492707133293152300e-01 9.974909264594316038e-01 1.006541892141103789e+00 1.005917822197079703e+00 9.875341653823852539e-01 1.005794057622551918e+00 9.972476964816451295e-01 9.832265466451645120e-01 1.016666010022163391e+00 9.770573854446411577e-01 9.958724070340394530e-01 1.003000756166875451e+00 3.372875104434644111e+00 3.381631173604664919e+00 1.000000000000000000e+00 1.000000000000000000e+00 1.000000000000000000e+00
1.004924446716904729e+00 9.999295871064532992e-01 1.006489026546478316e+00 1.027046605944633484e+00 9.991115267388522847e-01 1.018429830670356750e+00 1.006368199735879987e+00 1.003666485473513559e+00 9.927955359220504983e-01 1.000610328512266278e+00 9.941764827817678452e-01 9.975137012079358101e-01 9.857695326209068298e-01 9.519813537597656694e-01 9.833543896675109863e-01 1.018223643302917480e+00 1.000088701030472205e+00 9.896170109510421531e-01 1.001126309763640254e+00 9.900364905595779863e-01 9.833290979266167131e-01 1.037283247709274381e+00 9.848651632666587386e-01 9.990037699230015500e-01 9.873901963233947532e-01 3.383571708700141123e+00 3.338687627719965523e+00 1.000000000000000000e+00 1.000000000000000000e+00 1.000000000000000000e+00
9.783081799745559914e-01 1.025222104787826494e+00 1.010925363004207655e+00 1.020383441448211581e+00 9.860640197992325273e-01 9.979832667857408968e-01 1.007374167442321777e+00 9.806530639529228432e-01 9.754795357584953308e-01 1.022943384945392609e+00 1.012607076764106662e+00 1.012477821856737181e+00 1.000767412036657422e+00 9.473083555698394997e-01 9.872810810804366621e-01 1.014779104292392820e+00 9.913032017648220062e-01 9.979346984997391479e-01 9.993368599563836607e-01 1.013007916510105133e+00 9.845519438385963440e-01 9.860538229346275108e-01 1.003278098627924830e+00 9.958107799291611162e-01 9.877306155860423598e-01 3.393885666490092490e+00 3.366978325729084176e+00 1.000000000000000000e+00 1.000000000000000000e+00 1.000000000000000000e+00
1.005407359078526408e+00 1.016660188138484910e+00 1.005445271357893855e+00 1.018748539686203047e+00 9.950973592698574288e-01 1.007538316398858935e+00 1.007941741496324539e+00 9.783043071627617326e-01 9.917557686567306519e-01 1.009717029333114580e+00 9.941794898360967192e-01 1.029190525412559509e+00 9.878277949988841788e-01 9.517835915088653786e-01 9.904023773968220201e-01 1.017618866264820010e+00 1.002322516590356871e+00 9.915363386273383650e-01 1.005563050881028264e+00 9.772493779659271462e-01 9.901214212179183516e-01 1.012296047806739763e+00 1.001486815698444888e+00 1.016288582980632738e+00 9.864789426326752153e-01 3.354162062022911339e+00 3.382402214421634579e+00 1.000000000000000000e+00 1.000000000000000000e+00 1.000000000000000000e+00
1.010335581749677747e+00 1.018266518414020494e+00 1.009230671823024839e+00 1.021178492903709323e+00 1.010824514925479978e+00 1.013503120839595706e+00 1.014522308111190707e+00 9.927733100950717482e-01 9.923925384879112022e-01 1.017667922377586409e+00 9.941471062600613084e-01 1.015025801956653595e+00 9.861534103751182778e-01 9.491725921630859153e-01 9.829894393682480080e-01 1.045916831493377774e+00 9.738841503858566284e-01 1.001923977583646819e+00 9.977473922073840651e-01 9.973119029775261435e-01 9.827084362506866011e-01 1.018312010169029280e+00 1.013282155990600675e+00 9.912677802145480888e-01 1.016405893862247556e+00 3.371368235380321821e+00 3.348103165754376054e+00 1.000000000000000000e+00 1.000000000000000000e+00 1.000000000000000000e+00
1.004421325773000806e+00 1.021153225004673093e+00 9.911663189530373064e-01 1.009173110872507051e+00 9.989959612488746865e-01 9.850779235363006370e-01 1.019985392689704895e+00 9.873741209506988747e-01 1.005616765469312668e+00 1.016285704076290042e+00 9.788203150033950584e-01 1.011862735450267836e+00 9.800215840339661089e-01 9.392376840114593506e-01 1.003054974041879266e+00 1.018597488105297044e+00 9.971452195197343382e-01 9.756096497178077254e-01 1.020598857104778379e+00 9.784530833363532798e-01 1.000382994231767908e+00 1.023028467595577196e+00 9.961845587939024416e-01 9.763560712337493452e-01 1.022670358419418335e+00 3.360085691057278723e+00 3.379260086158745402e+00 1.000000000000000000e+00 1.000000000000000000e+00 1.000000000000000000e+00
9.773199349641800149e-01 1.044471916556358293e+00 1.010732430219650313e+00 1.023656903207302182e+00 1.037868446111679166e+00 1.008601319044828415e+00 9.991037092171609624e-01 1.012507475912570953e+00 9.902788922190666199e-01 1.010282412171363831e+00 9.967403482645750268e-01 1.009834589064121158e+00 1.006235561147332147e+00 9.222821295261383057e-01 1.016975770890712782e+00 1.006743514537811190e+00 9.907381430268287215e-01 9.904121764004230055e-01 1.004666008055210114e+00 9.953185338526964188e-01 9.928565293550490889e-01 9.926389135420322640e-01 1.001135850790888071e+00 1.004016218706965446e+00 1.018514491617679596e+00 3.358356243475379088e+00 3.360776834004891800e+00 1.000000000000000000e+00 1.000000000000000000e+00 1.000000000000000000e+00
1.023246940970420793e+00 1.024933639168739363e+00 1.002255846560001329e+00 1.009481378644704774e+00 1.016540147364139557e+00 1.024317647516727492e+00 1.016250763833522752e+00 9.834188058972358482e-01 1.017344997823238284e+00 1.008266235888004347e+00 9.936178974807262643e-01 1.015804219245910689e+00 9.710232615470886230e-01 9.483757674694061057e-01 1.000535994488745972e+00 1.009956717491149902e+00 9.880892142653465715e-01 9.889536395668983015e-01 1.007496868818998248e+00 9.913485109806060569e-01 9.782167568802833113e-01 1.020000649988651364e+00 1.006341969221830279e+00 9.806721016764641252e-01 1.006575439870357469e+00 3.374222443394933268e+00 3.387354026244517424e+00 1.000000000000000000e+00 1.000000000000000000e+00 1.000000000000000000e+00
1.019522210955619901e+00 1.017403495311737016e+00 9.842703208327293618e-01 1.026058515906334012e+00 1.004814550653100103e+00 9.807564720511436906e-01 9.717452913522720559e-01 9.933776073157787323e-01 9.974156763404607995e-01 1.004958489909768105e+00 1.006739719957113310e+00 1.009908197820186704e+00 9.901926286518574205e-01 9.387967586517333984e-01 9.872757360339164956e-01 1.019326455891132355e+00 9.927318334579467995e-01 9.837773218750953674e-01 1.021092911064624742e+00 1.010254460573196456e+00 9.859240517020225747e-01 9.925449304282665253e-01 1.002546303905546665e+00 9.950782116502523422e-01 1.015794420242309481e+00 3.387189218792960865e+00 3.364460402816890738e+00 1.000000000000000000e+00 1.000000000000000000e+00 1.000000000000000000e+00
9.883302919566631095e-01 1.010667301714420319e+00 1.011977910995483398e+00 1.020008295774459839e+00 1.003674269467592195e+00 1.017693181335926011e+00 1.019201463460922330e+00 1.007546017318964093e+00 9.864299014210701211e-01 9.982307730242609978e-01 9.994082620367408243e-01 1.005470564216375262e+00 9.939709894359112230e-01 9.595160454511642012e-01 9.721653610467910767e-01 1.033182522654533475e+00 9.707896500825882180e-01 1.008173380047082901e+00 1.013159903883934065e+00 9.855350732803345171e-01 9.939201556146144423e-01 9.896450072526932207e-01 1.000232401443645447e+00 9.952553972601890786e-01 9.995890748221427646e-01 3.382034544076974569e+00 3.366833474002933091e+00 1.000000000000000000e+00 1.000000000000000000e+00 1.000000000000000000e+00
9.868323281407356262e-01 1.013483814895153046e+00 1.024224734306335538e+00 1.018236993253231137e+00 1.009077551215887159e+00 1.016705574095249087e+00 1.005435939133167311e+00 1.027204966545105069e+00 9.756745889782905135e-01 1.014283475279808000e+00 9.981265246868133989e-01 1.009392395615577698e+00 9.887068837881087813e-01 9.342467069625854936e-01 9.954803325235843658e-01 1.018141259253025011e+00 9.776352301239967790e-01 1.017656058073043823e+00 1.001849907077848822e+00 9.850690335035323653e-01 9.876968175172805564e-01 1.010437159240245908e+00 9.746286660432815774e-01 1.016458751261234195e+00 1.001357031986117363e+00 3.355169404096939090e+00 3.388039739080285884e+00 1.000000000000000000e+00 1.000000000000000000e+00 1.000000000000000000e+00
9.971813363954424858e-01 1.029281598329544023e+00 9.950718935579061508e-01 1.016824620962142989e+00 1.005570676550269216e+00 1.006950277090072676e+00 1.008877837657928378e+00 1.006500666588544757e+00 9.939613636583090051e-01 9.916511602699756844e-01 9.699033945798873901e-01 1.015360328555107161e+00 9.792907387018203735e-01 9.358890831470489946e-01 9.885850317776203600e-01 1.020743285119533494e+00 1.004639571532607079e+00 9.828678220510482788e-01 9.938002046197652595e-01 1.012379680573940233e+00 9.713160455226897971e-01 1.014817215502262115e+00 1.004512798041105270e+00 9.862098693847656250e-01 1.007407385855913162e+00 3.371006446922826694e+00 3.375836830962708923e+00 1.000000000000000000e+00 1.000000000000000000e+00 1.000000000000000000e+00
9.915898792445659859e-01 1.035929644107818515e+00 1.004990652576088994e+00 1.037895837426185519e+00 1.007211430370807737e+00 1.017635531723499298e+00 1.005871530994773000e+00 9.991051858291030152e-01 1.000185144832357764e+00 1.007083243131637662e+00 9.946390431374311225e-01 9.910352192819118500e-01 9.769136190414429155e-01 9.407913982868194580e-01 1.004242439568042711e+00 9.974002424627542718e-01 1.011478135734796613e+00 9.799072146415710449e-01 1.003873797506094068e+00 1.008141757547855288e+00 9.809303343296050803e-01 9.982621528208255324e-01 9.650239139795303567e-01 9.945456787943840471e-01 1.016793264448642820e+00 3.382269464248340185e+00 3.369230888606332908e+00 1.000000000000000000e+00 1.000000000000000000e+00 1.000000000000000000e+00
1.012297240644693286e+00 1.003966142982244403e+00 1.013367302715778351e+00 1.017938874661922455e+00 1.006058080494403928e+00 9.977575661614537239e-01 1.001299127750098661e+00 9.946691177785396132e-01 1.002616750635206611e+00 1.012138529121875852e+00 1.013600578904152005e+00 1.009705451130866960e+00 9.817167356610297935e-01 9.315834224224091020e-01 1.011013921350240707e+00 1.006727467477321669e+00 9.952887669205665588e-01 9.914299093186855760e-01 1.009291823953390121e+00 9.960761919617653337e-01 9.949368298053741233e-01 9.961059555411339028e-01 9.937201388180255668e-01 9.887043371796607749e-01 1.013209410011768341e+00 3.382308140225084525e+00 3.357964557867603617e+00 1.000000000000000000e+00 1.000000000000000000e+00 1.000000000000000000e+00
9.998749803169630912e-01 1.001824234053492635e+00 1.009144163876771971e+00 1.035439100861549333e+00 9.948386456817388535e-01 9.954176466912031396e-01 1.009819328039884612e+00 1.007250066101551100e+00 9.894508056342601332e-01 1.018791845440864652e+00 1.024313674867153079e+00 1.005253287777304605e+00 9.819051563739776833e-01 9.554628610610962358e-01 9.876032039523124917e-01 1.023723000288009555e+00 9.830770045518875122e-01 9.933951646089553833e-01 1.017243096232414157e+00 9.856009885668755022e-01 9.849934667348861916e-01 1.004763938486576080e+00 9.641433507204055786e-01 9.961981162428855674e-01 1.011650562286376953e+00 3.375037147830742157e+00 3.370194548756197950e+00 1.000000000000000000e+00 1.000000000000000000e+00 1.000000000000000000e+00
9.929663524031638877e-01 1.007868553698062941e+00 1.006173653155565173e+00 1.029522415995597795e+00 9.993543347343802896e-01 1.003063850663602263e+00 1.002899101190269038e+00 9.815404072403908220e-01 1.005293342471122786e+00 9.899800233542919159e-01 1.003606407344341367e+00 1.011133001744747073e+00 1.008505275845527738e+00 9.330313503742218018e-01 9.830256775021553040e-01 1.031961536407470792e+00 9.949432104825973733e-01 9.801357224583625571e-01 1.003115491382777780e+00 1.009216015040874437e+00 9.813085630536079185e-01 1.015106752514839172e+00 9.778974711894988792e-01 9.951328732073306815e-01 9.874916404485702959e-01 3.368051882294784694e+00 3.368043348965516159e+00 1.000000000000000000e+00 1.000000000000000000e+00 1.000000000000000000e+00
1.000065997731871992e+00 1.025509229302406400e+00 1.010116934031248137e+00 1.019919089972972870e+00 1.020895253121852919e+00 1.008102186024188995e+00 1.022230158746242568e+00 9.711520731449126975e-01 9.758657038211822066e-01 1.003343696147203534e+00 9.953764680773019569e-01 9.830385625362396684e-01 9.767846971750259177e-01 9.595067918300628218e-01 9.781983524560928789e-01 1.032467004656791643e+00 9.777247712016106096e-01 9.830082878470420837e-01 1.038633963465690702e+00 9.914459370076655897e-01 9.781061068177223650e-01 1.004364202171564191e+00 9.800337910652160422e-01 9.788731351494789346e-01 1.033369609713554294e+00 3.358335877871269304e+00 3.357024532535247907e+00 1.000000000000000000e+00 1.000000000000000000e+00 1.000000000000000000e+00
9.924443989992142168e-01 1.029700410366058305e+00 1.005682081729173616e+00 1.001868797093629748e+00 1.002806797996163457e+00 9.990292518399656041e-01 1.021643254160881087e+00 9.996093401685357538e-01 9.845305696129799111e-01 1.010922862589359372e+00 1.013002805411815643e+00 1.001179584115743593e+00 9.869659900665282981e-01 9.328349053859710249e-01 9.985511108301580174e-01 1.024688079953193665e+00 9.900465868413448334e-01 9.939132187515496986e-01 1.005274908244609744e+00 9.959310058504342589e-01 9.907389029860496077e-01 9.982128420844673666e-01 9.859418079257011858e-01 9.955180156975984573e-01 1.012244954705238342e+00 3.368342401680151976e+00 3.363885892464523408e+00 1.000000000000000000e+00 1.000000000000000000e+00 1.000000000000000000e+00
1.018614913523197218e+00 1.022572557628154799e+00 1.005968209356069565e+00 1.015480661392211825e+00 1.018419437110424042e+00 1.037156566977500916e+00 9.826149165630340132e-01 9.960185166448354277e-01 9.937237232923508135e-01 1.025549101829528853e+00 1.014373382925987332e+00 1.013355334103107408e+00 9.725070863962173018e-01 9.384854197502136008e-01 1.000644096219912127e+00 1.004187331721186682e+00 9.942899424582719581e-01 9.812836796045303345e-01 1.032514122128486589e+00 9.986348028294742551e-01 9.709267407655716164e-01 9.990416712127625498e-01 9.901598863303661124e-01 1.001448724605143115e+00 1.006055162101983980e+00 3.382245157918223555e+00 3.383856923233425018e+00 1.000000000000000000e+00 1.000000000000000000e+00 1.000000000000000000e+00
9.912898033857345803e-01 1.018765302002429873e+00 1.019818994402885481e+00 1.018447397649288266e+00 1.003317832574248225e+00 1.029397484660148576e+00 1.012671004235744521e+00 1.013969478011131242e+00 9.885474026203155962e-01 1.013366053998470351e+00 1.012401801347732500e+00 9.975073572248220888e-01 9.747177481651305708e-01 9.546378850936889648e-01 9.901964761316776054e-01 1.015317785739898726e+00 9.984928039833903535e-01 9.821227058768272622e-01 1.026102009415626570e+00 9.899118080735206382e-01 9.683090329170227495e-01 1.012299153208732649e+00 1.021513558924198151e+00 9.788905039429665056e-01 1.010931340605020434e+00 3.387356217312448514e+00 3.349750570275093597e+00 1.000000000000000000e+00 1.000000000000000000e+00 1.000000000000000000e+00
1.011175993084907576e+00 9.990001779049635378e-01 9.944619517773389816e-01 1.021736940741539090e+00 9.988250079564749973e-01 9.978609457612037659e-01 1.008772004395723343e+00 1.011034498363733380e+00 9.903893664479255232e-01 9.891913749277592149e-01 1.004358338937163309e+00 1.027993041276931807e+00 9.822763249278068098e-01 9.303654670715332253e-01 1.005690464004874274e+00 1.015634752810001373e+00 9.947077758610248788e-01 9.957920838147401588e-01 1.008760531991720111e+00 9.929534964263438956e-01 9.944957830011844635e-01 1.003920987993478731e+00 9.941097907721996307e-01 9.962284542620182259e-01 9.910759411752223524e-01 3.384499978819666133e+00 3.402755340558323294e+00 1.000000000000000000e+00 1.000000000000000000e+00 1.000000000000000000e+00
1.000802775472402484e+00 1.022710333764553114e+00 1.013704116642475173e+00 1.017353193461894900e+00 1.005201847478747412e+00 9.847357109189033286e-01 1.025240567326545671e+00 9.786643996834755166e-01 9.921353831887245178e-01 1.008590203523635820e+00 9.983822645619511160e-01 1.016776151955127716e+00 9.977430339902639833e-01 9.477317392826080100e-01 9.956780962646007982e-01 1.013630813360214322e+00 1.006481739133596509e+00 9.734217971563339233e-01 1.002244790643453509e+00 1.005656708031892776e+00 9.806821450591087785e-01 9.932709075510501862e-01 9.956990640610456911e-01 9.947229288518428802e-01 1.016974410414695829e+00 3.371110599278626108e+00 3.391828761466938680e+00 1.000000000000000000e+00 1.000000000000000000e+00 1.000000000000000000e+00
9.804809436202048811e-01 1.030829697847366333e+00 1.001287376508116722e+00 1.009528197348117828e+00 1.016722373664379120e+00 9.847629591822624207e-01 1.005709774047136351e+00 9.999297862756065802e-01 9.791306465864181297e-01 1.007572378218174025e+00 9.996450936421752420e-01 1.011978854984044940e+00 9.838590770959854126e-01 9.457831978797912598e-01 1.003900545462965921e+00 1.009045378863811404e+00 1.002532604895532087e+00 9.845185115933418052e-01 9.995697160251438840e-01 9.956543102860451189e-01 9.846498906612396462e-01 1.022143805027007968e+00 9.915583714842796104e-01 9.949231792241335359e-01 9.908495865762233512e-01 3.373653910921661669e+00 3.381760107208072075e+00 1.000000000000000000e+00 1.000000000000000000e+00 1.000000000000000000e+00
9.881678976118564162e-01 1.036683374643325717e+00 9.952135052531957404e-01 1.016107827425003052e+00 1.007611533254384906e+00 9.971826603636145814e-01 1.014552778005600064e+00 1.007877339422702745e+00 9.989197667688131110e-01 1.005791379883885339e+00 9.853506535291671753e-01 9.842707052826881187e-01 1.006090484559535980e+00 9.358440637588500977e-01 9.942357644438744035e-01 1.022127290070056871e+00 1.001363792270421937e+00 9.888223342597484145e-01 9.801551893353461775e-01 1.010742643475532443e+00 9.843352526426315530e-01 1.012540827691555068e+00 9.961954593658447488e-01 9.919407054781913535e-01 1.008838839828968048e+00 3.361207566669211388e+00 3.368070297611736041e+00 1.000000000000000000e+00 1.000000000000000000e+00 1.000000000000000000e+00
9.849284633994102034e-01 1.032763966917991549e+00 1.008919019252061844e+00 1.007104066759347827e+00 1.020186842978000552e+00 1.003732729330658824e+00 1.002486438304185823e+00 9.941426452249289003e-01 9.964289277791976707e-01 1.004266975075006396e+00 1.004261560365557582e+00 1.002601948939263909e+00 9.784202888607979043e-01 9.378172636032104936e-01 9.913226731121540514e-01 1.017402195930480868e+00 9.905298911035060883e-01 9.866584315896034241e-01 1.024024668335914656e+00 9.960570808500051054e-01 9.727443277835845503e-01 1.004932969436049373e+00 9.846785515546798706e-01 9.932809427380562273e-01 9.983299339190125909e-01 3.374157401259555655e+00 3.359041614699390443e+00 1.000000000000000000e+00 1.000000000000000000e+00 1.000000000000000000e+00
9.946251694113016351e-01 1.034776097536087125e+00 1.010907012224197432e+00 1.010383855551481247e+00 9.955503568053245544e-01 1.002475829049944922e+00 1.011005358397960574e+00 9.952726151794195619e-01 9.997907215030863437e-01 9.898674756288527998e-01 9.954202864319086075e-01 1.019633083045482724e+00 9.909893237054347992e-01 9.606873363256454024e-01 9.828763663768768089e-01 1.021255132555961564e+00 1.013416269421577365e+00 9.767802149057388528e-01 9.980687856674194114e-01 1.000127188581973359e+00 9.716984540224075095e-01 1.037042504549026578e+00 9.914436481893063036e-01 9.972807262092828751e-01 9.826833203434943709e-01 3.371257348888151650e+00 3.372214035068084925e+00 1.000000000000000000e+00 1.000000000000000000e+00 1.000000000000000000e+00
9.894879825413227525e-01 1.013057732582092196e+00 1.004734776541590602e+00 1.020264910161495120e+00 1.023604899644851685e+00 1.030321609973907426e+00 9.883680000901222673e-01 9.906741797924041304e-01 9.974274810403584990e-01 1.009860114008188203e+00 1.003302623331546739e+00 1.000180135050322772e+00 9.962771683931350708e-01 9.510636866092682107e-01 9.834579676389694214e-01 1.018757078051567122e+00 9.910789653658866882e-01 9.920552097260951774e-01 1.013972549140453427e+00 9.970302823930978775e-01 9.794701099395751731e-01 1.015625388920307071e+00 9.875168383121490923e-01 9.982423648238182290e-01 1.001488491985946805e+00 3.385436632529658763e+00 3.392025364913082264e+00 1.000000000000000000e+00 1.000000000000000000e+00 1.000000000000000000e+00
9.905009940266609192e-01 1.015280111134052365e+00 1.007925795018672854e+00 1.022355204820633023e+00 1.000459436373785094e+00 1.003522126749157861e+00 1.010515040904283568e+00 9.987301968038082567e-01 1.000384017499163836e+00 9.993315421510488017e-01 9.823188573122024758e-01 1.004384111985564321e+00 9.946907572448253632e-01 9.652282029390335527e-01 9.626299113035201582e-01 1.031752789020538241e+00 9.795001491904258284e-01 9.976342227309942245e-01 1.025431337952613875e+00 9.919120334088802338e-01 9.680144608020782027e-01 9.992775553837418556e-01 9.809016361832618713e-01 1.004918899014592082e+00 9.951155293732881768e-01 3.373563660728662317e+00 3.385752747415593955e+00 1.000000000000000000e+00 1.000000000000000000e+00 1.000000000000000000e+00
9.932434655725955741e-01 1.024819611012935727e+00 1.007569421082735062e+00 1.015510924160480499e+00 1.029318425059318587e+00 9.985771773383020911e-01 9.963289499282836914e-01 9.975793372839689699e-01 9.777461931109427962e-01 1.021928554773330777e+00 9.956552103161812051e-01 1.013327589631080716e+00 9.791400328278541121e-01 9.407215118408203125e-01 9.861123830080031905e-01 1.020842485129833221e+00 9.981770653277635130e-01 9.895617119967937692e-01 1.004016932472586721e+00 1.002164813131094068e+00 9.894404381513595137e-01 1.007888909429311752e+00 9.909913316369056702e-01 9.975478483363986459e-01 9.871222808957099693e-01 3.363338018837807031e+00 3.367559928953764992e+00 1.000000000000000000e+00 1.000000000000000000e+00 1.000000000000000000e+00
9.835749715566635132e-01 1.003001779131591276e+00 9.994011375121771845e-01 1.017386166751384824e+00 9.940957490354775938e-01 9.802003636956214683e-01 1.002864248305559203e+00 9.962665311992168204e-01 9.827478423714637312e-01 1.020277249813079878e+00 1.002206126414239451e+00 1.012774215638637454e+00 9.739731699228286743e-01 9.678905248641967995e-01 9.785548284649848716e-01 1.020311841368675143e+00 1.005457194522023201e+00 9.878906421363353729e-01 9.942638922482729402e-01 1.006145242229103953e+00 9.780411988496779951e-01 1.005853036791086286e+00 1.004300307109951884e+00 1.022072257101535708e+00 1.002391564287245185e+00 3.363910932292279554e+00 3.361239049526884237e+00 1.000000000000000000e+00 1.000000000000000000e+00 1.000000000000000000e+00
9.872394278645515442e-01 1.032348680496215865e+00 1.001218708325177342e+00 1.021995471417903811e+00 1.014631368219852448e+00 9.903127945959567802e-01 9.991487703286111577e-01 9.827432617545127647e-01 9.713769167661666648e-01 1.010508389025926546e+00 9.922211699187755141e-01 1.002589718624949500e+00 9.695022612810134666e-01 9.574232965707778487e-01 9.984169360250234604e-01 1.003299061954021409e+00 1.000173702836036682e+00 9.861634537577629311e-01 1.008507391810417264e+00 9.958855167031288591e-01 9.911795578896999137e-01 9.926497437059879081e-01 9.981928016990423425e-01 9.926121637225151506e-01 1.013943588733673185e+00 3.364890237006030738e+00 3.393012602174122705e+00 1.000000000000000000e+00 1.000000000000000000e+00 1.000000000000000000e+00
9.910949863493442313e-01 1.022031290829181760e+00 1.003043076023459435e+00 1.011100465804338544e+00 9.962708182632923348e-01 9.972999431192874908e-01 1.009249421954155013e+00 1.001634881831705570e+00 9.956105206161737220e-01 1.005843925476074263e+00 1.014165242016315416e+00 1.022714611887931779e+00 9.684289723634720293e-01 9.398640334606170876e-01 1.000303528853692114e+00 1.007993714511394412e+00 9.886532686650753021e-01 9.879271894693374412e-01 1.025907593965530440e+00 9.941741500049829927e-01 9.707437962293624656e-01 1.017710928618907884e+00 1.002936144173145250e+00 9.969709726050496323e-01 1.016707421839237124e+00 3.359851403156023153e+00 3.403900706754816596e+00 1.000000000000000000e+00 1.000000000000000000e+00 1.000000000000000000e+00
1.010920811444520950e+00 1.007014839351177304e+00 9.943084649741649184e-01 1.029881620407104403e+00 1.009818209707737058e+00 1.007382702082395554e+00 9.941927351057529005e-01 9.798640578985213789e-01 9.965948071330785751e-01 9.952778313308954239e-01 9.961250558495521323e-01 1.003405405953526452e+00 9.631593436002731101e-01 9.473144710063934326e-01 9.911334067583084106e-01 1.012600332498550415e+00 1.000196720659732863e+00 9.876351252198218855e-01 1.031145498156547546e+00 9.889972679316997306e-01 9.792112767696380393e-01 1.022918502986431166e+00 9.778919354081153648e-01 9.922178134322165999e-01 1.007933568209409714e+00 3.357007757729874253e+00 3.383872768714077051e+00 1.000000000000000000e+00 1.000000000000000000e+00 1.000000000000000000e+00
9.776890382170677629e-01 1.027810859680175826e+00 9.982451833784580231e-01 1.022697918117046356e+00 9.877277247607707533e-01 1.010695849359035448e+00 9.883236788213253243e-01 9.846220821142196433e-01 9.873521953821182695e-01 1.015204979479312986e+00 1.012721949815750033e+00 1.005724894627928689e+00 9.843229874968528748e-01 9.335036933422088401e-01 9.900289244949818102e-01 1.028886017203330949e+00 1.014415101706981570e+00 9.652982205152511597e-01 1.000433975178748325e+00 1.011686956882476895e+00 9.937199562788009422e-01 9.940871551632881609e-01 1.000206375261768699e+00 1.007685369998216673e+00 9.619192004203795943e-01 3.380944197809284457e+00 3.391082743474556516e+00 1.000000000000000000e+00 1.000000000000000000e+00 1.000000000000000000e+00
9.901445783674717172e-01 1.018843367695808411e+00 1.017779649794101626e+00 1.015827421844005540e+00 9.998739468748680803e-01 1.012668931484222323e+00 1.003833004087209657e+00 9.963466174900531547e-01 9.964407153427601305e-01 9.950738199055194633e-01 1.020353554189205258e+00 1.001040436141192869e+00 9.628693163394927979e-01 9.534254193305968794e-01 9.761160507798194441e-01 1.012737698853015900e+00 1.010636378079652786e+00 9.867927595973015054e-01 1.010987182706594378e+00 1.012972269952297166e+00 9.789402171969413535e-01 1.003339274600148157e+00 1.007823300361633256e+00 9.851339861750603166e-01 1.000037613703170791e+00 3.374096270146220267e+00 3.374197356650196156e+00 1.000000000000000000e+00 1.000000000000000000e+00 1.000000000000000000e+00
1.010125343501567796e+00 1.019880831241607666e+00 1.008150952309370130e+00 1.022111041843891233e+00 1.008454369753599256e+00 1.022531776130199521e+00 1.025040632486343473e+00 9.880325697362423165e-01 9.833914712071418762e-01 1.005762539803981781e+00 9.993089104536920786e-01 1.031532749533653259e+00 9.885168410837650299e-01 9.450513839721679243e-01 9.799520924687386003e-01 1.019899319112300917e+00 1.014000330865383104e+00 9.686963826417922530e-01 1.016285857558250516e+00 9.958444550633430703e-01 9.797371700406074524e-01 9.935697823762893455e-01 9.767310500144958940e-01 9.889213025569916216e-01 1.029771026968955949e+00 3.366793121441805425e+00 3.352744945201536098e+00 1.000000000000000000e+00 1.000000000000000000e+00 1.000000000000000000e+00
9.788995683193206787e-01 1.019118611514568284e+00 1.009994523227214724e+00 1.017947533726692111e+00 1.016830249130725949e+00 1.017336244881153151e+00 9.899558514356613381e-01 9.865693166851997598e-01 9.864285051822662131e-01 9.973857054486870988e-01 9.893668211996555772e-01 1.018159921467304274e+00 9.898159943521023241e-01 9.317018985748291016e-01 1.001694273762404830e+00 1.012676697969436601e+00 1.004331479966640517e+00 9.880456455051899178e-01 9.986097810789942297e-01 1.008737540245056241e+00 9.637359023094177468e-01 1.025638231635093600e+00 9.964489493519067542e-01 1.000656437175348357e+00 9.979345787316560301e-01 3.368943014479693243e+00 3.383111704982954215e+00 1.000000000000000000e+00 1.000000000000000000e+00 1.000000000000000000e+00
9.997493142029270086e-01 1.031322285532951355e+00 1.011312298476696014e+00 1.022229439020156949e+00 1.009505905210971832e+00 9.990657858550548998e-01 9.885509148240089194e-01 9.948761109262704849e-01 9.834529981017112732e-01 1.009097323566675142e+00 9.922347292304039001e-01 1.016383020579815000e+00 1.006684662401676089e+00 9.393564283847808394e-01 1.009992730617523149e+00 9.930824689567089303e-01 1.005950848385691598e+00 1.001857517845928580e+00 1.004685917869210243e+00 9.901652432978153007e-01 9.813321724534034285e-01 1.006620347499847412e+00 1.004369202256202742e+00 1.003033613599836782e+00 9.920132234692573547e-01 3.352024454381348217e+00 3.378396847591135010e+00 1.000000000000000000e+00 1.000000000000000000e+00 1.000000000000000000e+00
9.750551506876945496e-01 1.016934767365455627e+00 9.966762248426676019e-01 1.016561701893806458e+00 9.961480990052222761e-01 9.994254816789179818e-01 9.880982160568236861e-01 1.009864095598459244e+00 9.874987512826919334e-01 9.904330961406231371e-01 1.011417383700609296e+00 1.013793417811393649e+00 9.728722214698791726e-01 9.507850080728530440e-01 9.799572706222534624e-01 1.021802470088005066e+00 9.844521701335906538e-01 9.936530888080596924e-01 1.020967967808246613e+00 9.878913946449756622e-01 9.951874669641256332e-01 1.006673762202262790e+00 9.857046782970428911e-01 1.011045636236667544e+00 9.927103571593761666e-01 3.368965529974563999e+00 3.381050038225607679e+00 1.000000000000000000e+00 1.000000000000000000e+00 1.000000000000000000e+00
1.018526971340179443e+00 1.025136178731918424e+00 1.010861350595951169e+00 1.020366054773330644e+00 1.000893054436892360e+00 9.932690560817718506e-01 1.009172280132770494e+00 9.885321609675884469e-01 1.000104023993480862e+00 9.982501242309809175e-01 1.000721761165186852e+00 1.002493598312139467e+00 1.005657954514026731e+00 9.494817435741425005e-01 9.919002294540405495e-01 1.015889485180377916e+00 1.005980315804481551e+00 9.869068577885627969e-01 1.004180464521050364e+00 9.907950282096862349e-01 9.982504291459918244e-01 9.944930862635373847e-01 9.904462754726409690e-01 1.004904852062463716e+00 1.005540256947278888e+00 3.359916935760439927e+00 3.373821584199463874e+00 1.000000000000000000e+00 1.000000000000000000e+00 1.000000000000000000e+00
1.017176657915115356e+00 1.031841462850570768e+00 9.936083786189555678e-01 1.012692487239837735e+00 1.002270851843058974e+00 1.016850453615188554e+00 9.898097366094589233e-01 9.785335108637809309e-01 9.993053131736815420e-01 9.907295830547809823e-01 1.005367326363921121e+00 1.025599610805511430e+00 1.005511727556586354e+00 9.527688533067703025e-01 9.985864445567130820e-01 1.011540360003709837e+00 9.968334566801786423e-01 9.863654151558876038e-01 1.015120306611061007e+00 1.000751505419611886e+00 9.771824300289153609e-01 1.033518454432487577e+00 1.008544290810823529e+00 9.825289592146873030e-01 1.014117032289505005e+00 3.385248337681828978e+00 3.381336986709594150e+00 1.000000000000000000e+00 1.000000000000000000e+00 1.000000000000000000e+00
9.944225974380970223e-01 1.003498164191842124e+00 1.006469627469777972e+00 1.017853540182113603e+00 1.003958161175251051e+00 1.001680867560207799e+00 9.971844308078289254e-01 9.954043909907340781e-01 9.696991741657257080e-01 1.013748160004615873e+00 1.000753792468458414e+00 1.007193407416343778e+00 9.883319951593876329e-01 9.277151703834534135e-01 1.003824303671717599e+00 1.005657594278454692e+00 1.002515036053955644e+00 9.771506637334823608e-01 1.017008069157600447e+00 9.966159876435994880e-01 9.752881765365600808e-01 1.006587054580450058e+00 9.886919125914573891e-01 9.821244105696678162e-01 1.020430754125118300e+00 3.387349740433630796e+00 3.374315680774216286e+00 1.000000000000000000e+00 1.000000000000000000e+00 1.000000000000000000e+00
1.000089356175158262e+00 1.006414057314395816e+00 9.918826974928378615e-01 1.024917738139629275e+00 1.000862861983478069e+00 1.010132178664207458e+00 1.011255863308906600e+00 9.882526382803916709e-01 9.920336879789829476e-01 9.835053130984305891e-01 1.007961970567703203e+00 1.008970512449741452e+00 9.914628453552722931e-01 9.364564895629883257e-01 9.960838962346315606e-01 1.022928315401077315e+00 9.982766577973961608e-01 9.734585821628570779e-01 1.028856173157691956e+00 9.973855568096041679e-01 9.827145129442215188e-01 1.000846665725112050e+00 9.911563567817210929e-01 9.878035575151443703e-01 1.029001694917678789e+00 3.375427754968875149e+00 3.380840962064359800e+00 1.000000000000000000e+00 1.000000000000000000e+00 1.000000000000000000e+00
9.904327370226383431e-01 1.021182759106159299e+00 1.001282152999192432e+00 1.022700119018554732e+00 1.016261582076549486e+00 1.000729840900749013e+00 1.020156155526638075e+00 1.005631610378622920e+00 9.978725925087928994e-01 1.007479383051395505e+00 9.822030305862426980e-01 1.004021383076906249e+00 9.951208919286728127e-01 9.443389892578124556e-01 9.859414741396903548e-01 1.013801130652427718e+00 1.001103396248072430e+00 9.790471628308295982e-01 1.007978284358978183e+00 1.005014763772487552e+00 9.971394769847392592e-01 1.003043055720627352e+00 9.900231748819351418e-01 1.000579978898167521e+00 9.808435142040252686e-01 3.403722423011922071e+00 3.385502470289058152e+00 1.000000000000000000e+00 1.000000000000000000e+00 1.000000000000000000e+00
1.024455533921718509e+00 1.028129407763481051e+00 1.009240530431270599e+00 1.016330923140049025e+00 1.006902414560318038e+00 1.007773210108280137e+00 1.036201223731040955e+00 9.938816521316766739e-01 9.951801531016826186e-01 1.028735578060150146e+00 1.010998616367578595e+00 1.015058989822864577e+00 9.479737937450408714e-01 9.530816346406936201e-01 9.844570949673652205e-01 1.021328987181186587e+00 9.703275620937347190e-01 9.963355563580990060e-01 1.020521956682205245e+00 9.944506645202636497e-01 9.998944857274182363e-01 9.895185858011246172e-01 9.681894451379775557e-01 9.948730800300836785e-01 1.009883571416139603e+00 3.371637641501290528e+00 3.387941710274233298e+00 1.000000000000000000e+00 1.000000000000000000e+00 1.000000000000000000e+00
9.905415900051594003e-01 1.017693890631198972e+00 9.893768206238746643e-01 1.011247967928647906e+00 9.944010615348816140e-01 9.908234484493732008e-01 1.001463032048195645e+00 1.030834695696830838e+00 9.908446148037910461e-01 1.026391211152076766e+00 1.007775272428989455e+00 1.014566114544868558e+00 9.817564100027084129e-01 9.519849240779876265e-01 9.849102333188056724e-01 1.016833612322807223e+00 9.942067164927721468e-01 9.901484541594982591e-01 1.012338455021381423e+00 9.979901574552059174e-01 9.734187692403792891e-01 1.017885799705982253e+00 1.004128742590546519e+00 1.000210243347100958e+00 1.006385210156440779e+00 3.363702711741915152e+00 3.382052761151329801e+00 1.000000000000000000e+00 1.000000000000000000e+00 1.000000000000000000e+00
9.909827135503291862e-01 1.027356663346290500e+00 1.000295438151806549e+00 1.021326032280921892e+00 1.005869068950414613e+00 1.005593318864703267e+00 1.002770476974546909e+00 9.755682781338691489e-01 9.925934627652168718e-01 1.002069327421486467e+00 9.896782562136650085e-01 1.004364618286490485e+00 9.765158489346503767e-01 9.465805768966675249e-01 9.865845710039138350e-01 1.020318745076656430e+00 1.000634642969816968e+00 9.946944992989301682e-01 1.000669831968843848e+00 9.917383544147014840e-01 9.970141828060150591e-01 1.029754900932311923e+00 9.710439383983612283e-01 9.948688220232725365e-01 1.007545589655637785e+00 3.345300308444205672e+00 3.387817045581809516e+00 1.000000000000000000e+00 1.000000000000000000e+00 1.000000000000000000e+00
1.007064048200845718e+00 1.019145594537258059e+00 9.998904528794809732e-01 1.020528291165828660e+00 1.001896841451525688e+00 1.003787649050355002e+00 9.883558854460716692e-01 9.884434372186661211e-01 1.000603016652166888e+00 1.004914561659097760e+00 9.843455046415329202e-01 9.995721367653459533e-01 9.896179303526878579e-01 9.368671715259552224e-01 1.004220323264598758e+00 1.006085675209760666e+00 1.001942200586199760e+00 9.891937687993049844e-01 1.010964602977037385e+00 9.928438186645507368e-01 1.000553586939349815e+00 9.961743682622909990e-01 1.016901236772537187e+00 9.913188405334949493e-01 9.862957805395126121e-01 3.378315693957316679e+00 3.406274142509115865e+00 1.000000000000000000e+00 1.000000000000000000e+00 1.000000000000000000e+00
9.628926903009414895e-01 1.049591138958930969e+00 1.007933876663446471e+00 1.020090252161026001e+00 1.001378604583442300e+00 1.001557550579309508e+00 9.831325799226761086e-01 9.994991753250360711e-01 9.829260781407356262e-01 1.003000011481344655e+00 1.018796648085117384e+00 1.011879577487707182e+00 9.989059748128056304e-01 9.261401355266570823e-01 1.001211167965084359e+00 1.023015931248664856e+00 9.825510814785957114e-01 1.003787985816597894e+00 1.000616665417328521e+00 9.903767921030521837e-01 9.883868940174579398e-01 1.019570873677730471e+00 9.873338222503662553e-01 9.914267629384994063e-01 1.001499349530786231e+00 3.362516754069183822e+00 3.379610536730295767e+00 1.000000000000000000e+00 1.000000000000000000e+00 1.000000000000000000e+00
9.990341754630207571e-01 1.031239470839500516e+00 1.017363139986991794e+00 1.027897268533706665e+00 9.975554186850785765e-01 9.905971936881542428e-01 9.962611548602581246e-01 1.000592315010726541e+00 1.010962948948144868e+00 1.008255898207426116e+00 1.000160270964261189e+00 1.003258476778864816e+00 9.985564715228975041e-01 9.524426847696304543e-01 9.725335478782654031e-01 1.023859663307666867e+00 9.977438844740390556e-01 9.846232563257217851e-01 1.019069206714630083e+00 9.965307489037513733e-01 9.735209733247757180e-01 1.012530551850795657e+00 1.011770376563072116e+00 9.918166086077689902e-01 1.018444663286209195e+00 3.357655946335624364e+00 3.371218601131352521e+00 1.000000000000000000e+00 1.000000000000000000e+00 1.000000000000000000e+00
9.929422870278358237e-01 1.026170769333839328e+00 1.012255439162254245e+00 1.015016546845436185e+00 1.020638665556907743e+00 9.861977413296699746e-01 1.019170756638050124e+00 9.965118750929832236e-01 9.927637629210949166e-01 9.809625700116157976e-01 9.815149322152137978e-01 1.015667150914669081e+00 9.889434896409511344e-01 9.527937680482864158e-01 9.933746047317981720e-01 1.013539980351924941e+00 1.013444273173809140e+00 9.763656377792357954e-01 9.962340909987688065e-01 1.002187384478747889e+00 9.813951492309570535e-01 1.005122271552681967e+00 9.903025776147842407e-01 9.927688077092170493e-01 9.791881307959556802e-01 3.376960541086171386e+00 3.381430265944839864e+00 1.000000000000000000e+00 1.000000000000000000e+00 1.000000000000000000e+00
9.820110604166985002e-01 1.022722367942333177e+00 1.015658171474933535e+00 1.037325453758239702e+00 1.006796912103891328e+00 1.017311568558216139e+00 1.018112470209598497e+00 9.982585754245519860e-01 9.874655321240425332e-01 1.006625860184431120e+00 1.008716332912445113e+00 1.017458955943584487e+00 1.022713738679885909e+00 9.572849690914153609e-01 9.951349608600139618e-01 1.021899792551994368e+00 9.737277239561080711e-01 9.993712431751191616e-01 1.007553354650735811e+00 9.962926350533962694e-01 9.651315808296203613e-01 1.011018799990415662e+00 1.001304543949663728e+00 9.992297419346869436e-01 1.012743061780929654e+00 3.341690563816489767e+00 3.362489619802995655e+00 1.000000000000000000e+00 1.000000000000000000e+00 1.000000000000000000e+00
1.011030327528715134e+00 1.025379890203475863e+00 1.021445621550083116e+00 1.019424745440483004e+00 9.998248270014300498e-01 1.003642485663294837e+00 9.996889142319560495e-01 1.007385040819644972e+00 9.929774999618530273e-01 9.927049763500690460e-01 1.001439259666949466e+00 1.012227340042591184e+00 9.874038502573967424e-01 9.674734592437743697e-01 9.655989050865173562e-01 1.039501261711120561e+00 1.002198180370032832e+00 9.781910061836243120e-01 1.002792237140238241e+00 1.002204403840005309e+00 9.882184825837612152e-01 1.007034726440906525e+00 9.979853406548500061e-01 9.952470939606428146e-01 9.946851279586553796e-01 3.362006031876698220e+00 3.379567457932982411e+00 1.000000000000000000e+00 1.000000000000000000e+00 1.000000000000000000e+00
1.014565970003604933e+00 1.002431026101112455e+00 1.011348070949316114e+00 1.022526362538337619e+00 1.040212106704711870e+00 1.014516769349575132e+00 1.013901519775390669e+00 9.947172582149506059e-01 9.708142548799514326e-01 9.882924981415271981e-01 9.853532582521438155e-01 9.915204912424087080e-01 9.937332928180694358e-01 9.370256066322326660e-01 9.774705797433853594e-01 1.029924523830413774e+00 9.902067467570304649e-01 9.851393461227416770e-01 1.020020270347595126e+00 9.920433506369590315e-01 9.733798891305923684e-01 9.929268099367618561e-01 9.808548882603644881e-01 1.004194223880767733e+00 1.012088445574045092e+00 3.373915370171169936e+00 3.389203246790660540e+00 1.000000000000000000e+00 1.000000000000000000e+00 1.000000000000000000e+00
1.015775437653064772e+00 1.018947175145149320e+00 1.005707532539963811e+00 1.013877931237220809e+00 9.917333580553531203e-01 1.006525442749261812e+00 1.004381196573376656e+00 9.904045321047305617e-01 1.000726925488561347e+00 9.979900026693939719e-01 9.925703786313533339e-01 9.841658487915992959e-01 9.779944196343421936e-01 9.521261364221572654e-01 9.949743855744600518e-01 1.013985323905944869e+00 9.923158086836337821e-01 9.857007399201392905e-01 1.020809838175773532e+00 9.880473598837852256e-01 9.957473929971456528e-01 1.012390067428350360e+00 9.766385391354560630e-01 9.962917182594537291e-01 1.013395170867443129e+00 3.385699052914602269e+00 3.364476447554122451e+00 1.000000000000000000e+00 1.000000000000000000e+00 1.000000000000000000e+00
9.892104104161262290e-01 1.008244184404611499e+00 1.001242257840931460e+00 1.021873666346073239e+00 1.018882098793983504e+00 9.976548876613378081e-01 1.012170448899269104e+00 9.969052718952298164e-01 9.922740146517753379e-01 1.000527226692065508e+00 1.009339840710163028e+00 1.013794390857219785e+00 9.653566330671310425e-01 9.604405730962752852e-01 9.807635247707366943e-01 1.029057523608207791e+00 9.928958922624587791e-01 9.886000335216522661e-01 1.003885757923126176e+00 1.007480384409427554e+00 9.893455699086188826e-01 9.956488128751516120e-01 9.981438804417848143e-01 9.900420099496841653e-01 1.032638922333717346e+00 3.356216279319268914e+00 3.385616332355597891e+00 1.000000000000000000e+00 1.000000000000000000e+00 1.000000000000000000e+00
1.007118200510740191e+00 1.033984321355819747e+00 1.012714895606040999e+00 1.017038233578205109e+00 9.991795931011437926e-01 1.025584167242050260e+00 1.010939420014619783e+00 9.976775145158172098e-01 9.951219365000725237e-01 1.008427518606185957e+00 1.026108288764953524e+00 1.008888088911771730e+00 1.009980078041553542e+00 9.338357150554656982e-01 9.933535009622573853e-01 1.025875106453895569e+00 9.833449587225914224e-01 9.847055777907371965e-01 1.001501371990889400e+00 1.015284106135368347e+00 9.610572457313537598e-01 9.984975639730692132e-01 9.902245454490185006e-01 9.893879234790802224e-01 1.020307682454586029e+00 3.373877036143640318e+00 3.366710176271747290e+00 1.000000000000000000e+00 1.000000000000000000e+00 1.000000000000000000e+00
9.910665571689605269e-01 1.018827860057353929e+00 9.981491440907120927e-01 1.014950621128082320e+00 1.011461931467056319e+00 1.003495160862803548e+00 9.860131993889809099e-01 9.851511001586914507e-01 9.730932444334030595e-01 9.889632783830165641e-01 1.006686367839574769e+00 1.016206401586532637e+00 9.953773736953734907e-01 9.523630708456038985e-01 9.748750150203704390e-01 1.018834123015403659e+00 9.941055566072464211e-01 9.904657460749148878e-01 1.011560875922441483e+00 1.012673102319240570e+00 9.824524909257889016e-01 1.017136123776435808e+00 9.910188265144824760e-01 9.861418619751930459e-01 1.001085615158081144e+00 3.402888683638906286e+00 3.385578386027595865e+00 1.000000000000000000e+00 1.000000000000000000e+00 1.000000000000000000e+00
9.891955457627773507e-01 1.027361458539962857e+00 1.010864694416522935e+00 1.025070047378540128e+00 1.012553846836090177e+00 1.013400562107563019e+00 9.976560411974787490e-01 1.003857882320880801e+00 9.692909002304077593e-01 1.035021635890007063e+00 1.016963753104209944e+00 1.010135197639465243e+00 9.773824110627173933e-01 9.373934328556060569e-01 9.899027332663535850e-01 1.027576392889022916e+00 9.863716632127761397e-01 9.906021006405353324e-01 1.015789581835270017e+00 9.948930673301219496e-01 9.773244962096214739e-01 1.015057933330535844e+00 1.023755271732807115e+00 1.007292717695236206e+00 9.823411151766776594e-01 3.372625889937418631e+00 3.381228255754569645e+00 1.000000000000000000e+00 1.000000000000000000e+00 1.000000000000000000e+00
9.933871380984783395e-01 1.034312891960144087e+00 1.001605325937271029e+00 1.006650254875421480e+00 1.016501398384570987e+00 9.869195535778999551e-01 1.007319912314414978e+00 9.878110483288764510e-01 9.948158115148544312e-01 1.001840605027973563e+00 1.012852789461612613e+00 9.996036850847304089e-01 9.804936751723289934e-01 9.235060393810272661e-01 1.001714078895747706e+00 1.010186255723237947e+00 1.002146770618856042e+00 9.953786276280880418e-01 9.928260564804076704e-01 1.018313512206077576e+00 9.796226993203163147e-01 9.862838700413704141e-01 1.023578463494777768e+00 9.917936243116856065e-01 1.003849630430340811e+00 3.371913880948655517e+00 3.369206111373117540e+00 1.000000000000000000e+00 1.000000000000000000e+00 1.000000000000000000e+00
1.004357320070266679e+00 9.815486341714858565e-01 1.002677119337022305e+00 1.028693425655365035e+00 1.001097252126783133e+00 9.952563971281052080e-01 9.968677371740340964e-01 9.910547532141208427e-01 9.785027489066123740e-01 1.010629673302173570e+00 9.932606950402259605e-01 9.983588682487607446e-01 9.856876328587531599e-01 9.373076021671294944e-01 9.897543661296367423e-01 1.018396911025047258e+00 1.004005074501037598e+00 9.764773711562156899e-01 1.008317002654075534e+00 9.977063391357660072e-01 9.983616687357426134e-01 1.002710780873894647e+00 1.014814846217632294e+00 9.992018392309546249e-01 1.008695824444294065e+00 3.362922369135570744e+00 3.356067219742767449e+00 1.000000000000000000e+00 1.000000000000000000e+00 1.000000000000000000e+00
1.014948156476020769e+00 1.029185184836387545e+00 1.008500328660011380e+00 1.010622499883174985e+00 9.950632564723491669e-01 9.992662749718874693e-01 9.910185895860195160e-01 9.881598040461540000e-01 1.001075964048504741e+00 1.018238788843154996e+00 9.964956868439912574e-01 9.998857079190202057e-01 9.547789633274078591e-01 9.496483325958251509e-01 9.827128812670707925e-01 1.029317325353622525e+00 9.961333081126213518e-01 9.893147960305214150e-01 1.025293317437171892e+00 9.960125353187322395e-01 9.840705126523972002e-01 9.981856293976306693e-01 9.981918957084416899e-01 9.812935486435889754e-01 1.012545782327652022e+00 3.383209204341731002e+00 3.365855653906566936e+00 1.000000000000000000e+00 1.000000000000000000e+00 1.000000000000000000e+00
9.890119113028049691e-01 1.013224321603775069e+00 1.019361275434494063e+00 1.013114333152770996e+00 1.021881671249866397e+00 1.008341187983751386e+00 1.005179835110902697e+00 1.018809953331947238e+00 9.851469874382019487e-01 1.015224984288215726e+00 1.006618741154670760e+00 1.003706731647252992e+00 9.864265397191047668e-01 9.378193616867065430e-01 9.840404555201530679e-01 1.041771927475929171e+00 9.770908489823341148e-01 1.009791504591703415e+00 9.895892396569252458e-01 1.003008676134049981e+00 9.813415333628654480e-01 1.023684030771255582e+00 1.003413896262645766e+00 9.946051988750695960e-01 9.879258513450622781e-01 3.382745576371083196e+00 3.370443822301680825e+00 1.000000000000000000e+00 1.000000000000000000e+00 1.000000000000000000e+00
1.010220962762832686e+00 1.027883300185203463e+00 1.021452392637729689e+00 1.013061583042144775e+00 1.014491127431392581e+00 1.031759616732597307e+00 1.002502214908599809e+00 9.933464385569095167e-01 1.003996726498007863e+00 9.983083186671137810e-01 9.782005921006202698e-01 1.010022031515836805e+00 9.811423465609550032e-01 9.514147132635116799e-01 9.865817531943321672e-01 1.017990262806415469e+00 9.790714800357818159e-01 1.013204579055309251e+00 1.002333842404186770e+00 1.001865183562040240e+00 9.660860687494278176e-01 1.031641024351120040e+00 1.001240442041307688e+00 9.987921623513102976e-01 1.002099064178764820e+00 3.355336265412398156e+00 3.403316514976706397e+00 1.000000000000000000e+00 1.000000000000000000e+00 1.000000000000000000e+00
1.001693051494658038e+00 1.010765600949525833e+00 1.001942992955446199e+00 1.025964334607124329e+00 1.009173143655061722e+00 1.010836941748857409e+00 9.820426523685454878e-01 9.884629867970943229e-01 9.980129268020391242e-01 1.030930754542350725e+00 9.964082628488540871e-01 1.004099899902939796e+00 9.834446266293526140e-01 9.415895283222198708e-01 1.008975368738174394e+00 1.005413485318422229e+00 9.902986757457256095e-01 9.830502927303313987e-01 1.024068568646907762e+00 9.961878422647714171e-01 9.800275027751922385e-01 1.004492802172899157e+00 1.011065821349620864e+00 9.976803408935666084e-01 9.957426857203245385e-01 3.366710826960732206e+00 3.394808724745425721e+00 1.000000000000000000e+00 1.000000000000000000e+00 1.000000000000000000e+00
1.023043999075889499e+00 1.028792625665664762e+00 1.019929458200931505e+00 1.016834862530231476e+00 1.019557268917560489e+00 9.969702145084738953e-01 1.022152933478355452e+00 1.009131323546171188e+00 9.939501520246267763e-01 1.013182954490184695e+00 1.000594020308926746e+00 1.000616732984781265e+00 9.872900933027267678e-01 9.360384166240691695e-01 9.926456160843372123e-01 1.020656412839889615e+00 9.849110469222068787e-01 9.964938431978225264e-01 1.013309991359710782e+00 9.903798885643482208e-01 9.904769860208034737e-01 1.014573355019092515e+00 1.018162553012371019e+00 9.842010557651519331e-01 1.022907350957393602e+00 3.362736325777554658e+00 3.384261355026187523e+00 1.000000000000000000e+00 1.000000000000000000e+00 1.000000000000000000e+00
9.997160973027348074e-01 1.013803169131278992e+00 1.020788729190826416e+00 1.016498738527297885e+00 9.987046393565833791e-01 9.783066689968109575e-01 1.013984918594360352e+00 1.004453481733798892e+00 9.933234646916389021e-01 1.015431727468967482e+00 9.928411751985549705e-01 1.022701933979988098e+00 9.971889967098832575e-01 9.532830923795699851e-01 9.846751540899276733e-01 1.033042827248573214e+00 9.753932818770408852e-01 9.861935824155807495e-01 1.015022312104701951e+00 1.013680705428123385e+00 9.607594549655914529e-01 9.973106086254119873e-01 9.981902534142136352e-01 1.001293949875980527e+00 9.861144214868545754e-01 3.377788484649849376e+00 3.375620828004584517e+00 1.000000000000000000e+00 1.000000000000000000e+00 1.000000000000000000e+00
9.886462405323982461e-01 1.021446985006332353e+00 1.003007812798023313e+00 1.016965074837207883e+00 9.973824720829724821e-01 9.956196360290050507e-01 1.021121615171432406e+00 1.004864454269409180e+00 1.002702864818274975e+00 1.010129235684871674e+00 9.758803769946098328e-01 1.010464566200971692e+00 9.716507732868194802e-01 9.547575265169143677e-01 9.823508381843566450e-01 1.028474763035774231e+00 9.884852573275566545e-01 9.884577065706252608e-01 1.001592575386166528e+00 1.009910244494676590e+00 9.832165166735649109e-01 9.856657341122627702e-01 9.918547481298446433e-01 9.994650532025843859e-01 1.010999447852373168e+00 3.381985304804530301e+00 3.374064266832883963e+00 1.000000000000000000e+00 1.000000000000000000e+00 1.000000000000000000e+00
9.950671996921300888e-01 1.021770128607749850e+00 1.000205099023878663e+00 1.020438821613788516e+00 1.003445729985833257e+00 1.009068316966295287e+00 9.816471561789512634e-01 9.918642282485962136e-01 9.628510385751724021e-01 1.002812756784260184e+00 1.006686857342720121e+00 1.012129262834787324e+00 9.887114599347114341e-01 9.422442078590392844e-01 9.954155951738357100e-01 1.017562779784202620e+00 9.911485776305198891e-01 9.908600136637687461e-01 1.013733620941638991e+00 9.889576613903046098e-01 9.816116705536842568e-01 1.013117265701293901e+00 1.004416680335998624e+00 9.908256158232688904e-01 1.006817236542701721e+00 3.355397260382561697e+00 3.358851380674818365e+00 1.000000000000000000e+00 1.000000000000000000e+00 1.000000000000000000e+00
9.947446521371603456e-01 1.028885039687156722e+00 1.014286032319068998e+00 1.021680894494056746e+00 9.810965165495872942e-01 1.005325609818100929e+00 1.018382078409195035e+00 9.916402019560337511e-01 1.001983042247593492e+00 1.019529055058956191e+00 9.968600586056709512e-01 1.002996081113815219e+00 9.683341562747955766e-01 9.494739949703216997e-01 9.873226448893547280e-01 1.022876037657260984e+00 9.928083628416061179e-01 9.898029252886771934e-01 1.029621231555938765e+00 9.981466032564639823e-01 9.676634252071381059e-01 1.030060347914695695e+00 1.009299299865961119e+00 9.942545935511588606e-01 9.934750087559223175e-01 3.369689525529808716e+00 3.354211878251741830e+00 1.000000000000000000e+00 1.000000000000000000e+00 1.000000000000000000e+00
1.004791241884231523e+00 1.009209665656089827e+00 1.007537098228931338e+00 1.025855728983879001e+00 1.015729956328868866e+00 1.019279579818248793e+00 1.009197108447551727e+00 9.941168867051601854e-01 1.000601951312273696e+00 1.008521737158298404e+00 9.922443591058254242e-01 1.019109117984771773e+00 9.916502840816974196e-01 9.301569283008574995e-01 1.003689019754528955e+00 1.027256661653518588e+00 9.704570770263671875e-01 1.014237093925476119e+00 9.944128822535276413e-01 9.975228685885667579e-01 1.002492120489478111e+00 1.007150464504957155e+00 9.775353088974952920e-01 9.962817691266536713e-01 9.981619561091065185e-01 3.379451801304611536e+00 3.351149423428136043e+00 1.000000000000000000e+00 1.000000000000000000e+00 1.000000000000000000e+00
9.880362175405025260e-01 1.020415212213993117e+00 1.002092440798878714e+00 1.012447359412908643e+00 1.010597636550664813e+00 1.013919648528099016e+00 1.005786880478262812e+00 1.006063708662986667e+00 1.000179382250644178e+00 1.013643118739128157e+00 9.957471065223216788e-01 1.007968895882368043e+00 9.839173465967178123e-01 9.481570780277251975e-01 9.842231795191764832e-01 1.030290496349334672e+00 9.804337844252586365e-01 1.003621594980359077e+00 9.953990675508975761e-01 1.000426009716466114e+00 9.862561002373695374e-01 1.034957474470138639e+00 9.947620119899511781e-01 9.863750725984573586e-01 9.949491009116172568e-01 3.392778104653044302e+00 3.357878007869899761e+00 1.000000000000000000e+00 1.000000000000000000e+00 1.000000000000000000e+00
1.022173567116260617e+00 1.020342467725277036e+00 1.003632814437150911e+00 1.010423114150762469e+00 1.011473012715577990e+00 1.015112724900245622e+00 9.981619287282228470e-01 9.987186050973833051e-01 9.962104126811027749e-01 9.913615196943282859e-01 1.010519117861986116e+00 1.006718866527080536e+00 9.808214113116264787e-01 9.474190950393677202e-01 9.885579250752926095e-01 1.021020990610122636e+00 9.842195183038711104e-01 1.000444751139730304e+00 1.019230981171131090e+00 9.890362583100795746e-01 9.826859906315803528e-01 1.025536397099494845e+00 1.005416668578982264e+00 9.978870851919054985e-01 1.004906260594725653e+00 3.375662011751691338e+00 3.370036906590651693e+00 1.000000000000000000e+00 1.000000000000000000e+00 1.000000000000000000e+00
9.955175161361694558e-01 1.026764726638794034e+00 1.003900511935353235e+00 1.020429505407810300e+00 1.011721558868885040e+00 9.877023123204707877e-01 1.008286539465188980e+00 9.919492408633232561e-01 9.908235020935535209e-01 1.006368553638458341e+00 1.024059881269931749e+00 9.968547862023114936e-01 9.917688265442847761e-01 9.330716133117675781e-01 9.943978171795606613e-01 1.017933635413646787e+00 1.001673418842256025e+00 9.896029859781265703e-01 1.001291857287287757e+00 1.002716433815658004e+00 9.980022782459855302e-01 1.000922818575054496e+00 9.942966401576995850e-01 9.896541021764277968e-01 9.980894988402724266e-01 3.389020637964571758e+00 3.386791628451835567e+00 1.000000000000000000e+00 1.000000000000000000e+00 1.000000000000000000e+00
1.001530939992517188e+00 1.020062762498855635e+00 9.898799486458301766e-01 1.024894975125789642e+00 1.015326076745986850e+00 9.965356178581714630e-01 1.005250849947333380e+00 9.935155540704727617e-01 1.003238391876220659e+00 1.006115350872278214e+00 9.992386605124921051e-01 1.015798118710517839e+00 9.719685494899750200e-01 9.458795249462127464e-01 1.003013298660516694e+00 9.975382963195442709e-01 1.008803168684244245e+00 9.836269229650497214e-01 1.025861603021621660e+00 9.836943149566650391e-01 9.944030005484819634e-01 1.004106521233916194e+00 1.002692274376749904e+00 9.930259555578231367e-01 1.007305679470300586e+00 3.365870276892912738e+00 3.345216522445018104e+00 1.000000000000000000e+00 1.000000000000000000e+00 1.000000000000000000e+00
9.905730135738849418e-01 1.022830121219158173e+00 1.013512228429317430e+00 1.021629677712917239e+00 1.008382819592952728e+00 1.006091293320059865e+00 9.927184954285621643e-01 1.001995336636900991e+00 1.013936856389045627e+00 9.959584325551986694e-01 9.936658576130866782e-01 1.030569303035736128e+00 9.896319039165973885e-01 9.482948124408722146e-01 9.926132634282112122e-01 1.025595951080322310e+00 9.770681843161582725e-01 1.000576825067400977e+00 1.012605272233486176e+00 9.887910746037960052e-01 9.729207634925842729e-01 1.016903646290302277e+00 1.003366154432296709e+00 9.964004263281822649e-01 9.957297518849372864e-01 3.373136867442555253e+00 3.377015343677940429e+00 1.000000000000000000e+00 1.000000000000000000e+00 1.000000000000000000e+00
9.923651166260242240e-01 1.015146803855895952e+00 1.013582938909530551e+00 1.019261588156223253e+00 1.022722774744033725e+00 1.007929742336273193e+00 9.880123242735863176e-01 9.825813233852386253e-01 9.915250234305859056e-01 1.021604722738266080e+00 1.008650544285774275e+00 1.035278403759002597e+00 9.749558478593826072e-01 9.638312101364135964e-01 9.872500017285347207e-01 1.012963832914829165e+00 9.784838706254959106e-01 1.003843648359179497e+00 1.021317784488201097e+00 9.889387995004653709e-01 9.755051672458648904e-01 1.008896795660257251e+00 9.831402122974395308e-01 9.931212469935417619e-01 9.969553684815763983e-01 3.367021607168588559e+00 3.363570553821586540e+00 1.000000000000000000e+00 1.000000000000000000e+00 1.000000000000000000e+00
1.005307935178279877e+00 1.026559361815452487e+00 1.013985203206539065e+00 1.021070383489131927e+00 1.020463904738426297e+00 9.957418669015168922e-01 9.933632366359234078e-01 9.716726332902908547e-01 9.857836261391639265e-01 1.011215321719646454e+00 1.001662261970341250e+00 1.011363225430250257e+00 1.001589920930564315e+00 9.484725594520568848e-01 9.812829464673995528e-01 1.020348697900772095e+00 1.002653452008962720e+00 9.836242482066154258e-01 1.011195991188287735e+00 1.002581744827330201e+00 9.741469860076904519e-01 1.000660993624478579e+00 9.877278015017509905e-01 1.007954792678356082e+00 1.010356693714857146e+00 3.365669208632948273e+00 3.375317568315878702e+00 1.000000000000000000e+00 1.000000000000000000e+00 1.000000000000000000e+00
1.029368549585342407e+00 1.023550504446029574e+00 1.004055445268750235e+00 1.021492099761962979e+00 1.001813274808228016e+00 9.924674734473228899e-01 1.011191663891076953e+00 9.807051047682762146e-01 9.933672003448009713e-01 9.902317032217979875e-01 1.013048389554023654e+00 9.867472052574157715e-01 9.855918675661087258e-01 9.343492805957793745e-01 1.004594198986887843e+00 1.023764538764953658e+00 9.829608321189879927e-01 9.976579554378985915e-01 9.949624735862017122e-01 1.004543695226311595e+00 9.816473692655562910e-01 1.023386792838573367e+00 9.791253432631492615e-01 1.004819980636239007e+00 9.892060145735740440e-01 3.380324724450723295e+00 3.372756437615740843e+00 1.000000000000000000e+00 1.000000000000000000e+00 1.000000000000000000e+00
9.919995598495006117e-01 1.024388211965560957e+00 1.009840352833271115e+00 1.024603536725044339e+00 9.963418412953615189e-01 9.752466082572937012e-01 1.006833039224147797e+00 9.951571904122828993e-01 9.936016105115413888e-01 1.010640045255422503e+00 1.000549734616652087e+00 1.020621047914028079e+00 9.723309069871902688e-01 9.381798446178436501e-01 9.996219024294987765e-01 1.014201068878173739e+00 1.007695038616657213e+00 9.816533267498016579e-01 1.006898364424705594e+00 9.960351429879665819e-01 9.897108092904091103e-01 1.014447937905788466e+00 1.001560269854962826e+00 1.013116888701915741e+00 1.008456311374902770e+00 3.358898118054648219e+00 3.370636804166138756e+00 1.000000000000000000e+00 1.000000000000000000e+00 1.000000000000000000e+00
9.974332636222242865e-01 1.016736875474453017e+00 1.011265496909618422e+00 1.004400242865085557e+00 1.000283872336149127e+00 1.037351912260055631e+00 1.013523814082145647e+00 1.001878762058913797e+00 1.003295973688363985e+00 1.010158665478229523e+00 9.983196441084146722e-01 1.015629538893699557e+00 9.959328118711709976e-01 9.332495033740997314e-01 9.984647169709205405e-01 1.027712845802307040e+00 9.907359458506107552e-01 9.913824759423732758e-01 9.940430670976638794e-01 9.924078248441219330e-01 1.004913445934653371e+00 1.004890777915716127e+00 1.002340348437428474e+00 9.900972083210944907e-01 1.007327393442392305e+00 3.374322244119877912e+00 3.383553803397719051e+00 1.000000000000000000e+00 1.000000000000000000e+00 1.000000000000000000e+00
1.027487045526504605e+00 1.029082465171814009e+00 1.015099510550498962e+00 1.022910271584987596e+00 9.964515242725611177e-01 1.024744936823844821e+00 1.013917136192321822e+00 1.003480486944317907e+00 9.905546374619007555e-01 1.001433145534247116e+00 9.889062106609344260e-01 9.981525085866451708e-01 9.985800002701580302e-01 9.585903376340866311e-01 9.829697877168654951e-01 1.015052635967731431e+00 1.005498616024851799e+00 9.848697498440742715e-01 1.002159516513347670e+00 1.007058251649141312e+00 9.747097194194793701e-01 1.006404249370098203e+00 9.997218497795984371e-01 9.995247045997530666e-01 1.003469330072402910e+00 3.380098677985246436e+00 3.371624015289603982e+00 1.000000000000000000e+00 1.000000000000000000e+00 1.000000000000000000e+00
1.007679752260446593e+00 1.014844161272048906e+00 9.965140726417303085e-01 1.027465808391571089e+00 9.920241117477417436e-01 1.016459497809410140e+00 1.004654271528124809e+00 9.929312251508235487e-01 9.935793794691563097e-01 9.981621194630860838e-01 9.952149547636508498e-01 1.007970674335956662e+00 9.847396209836005720e-01 9.539508819580078125e-01 9.940823629498481973e-01 1.018775090575218201e+00 1.001384138781577393e+00 9.894744977355003357e-01 9.966880004853010400e-01 1.005871038883924484e+00 9.577775359153747337e-01 1.020704989135265306e+00 9.864629343152045982e-01 1.003831321746111005e+00 9.720804959535598311e-01 3.379631156673487791e+00 3.387606375367923306e+00 1.000000000000000000e+00 1.000000000000000000e+00 1.000000000000000000e+00
1.009600544720888227e+00 1.017069843411445573e+00 9.850424766540527566e-01 1.030253151059150607e+00 1.029871863126754716e+00 9.945967711508274522e-01 1.007987820357084230e+00 9.898173853754996809e-01 1.006794177740812257e+00 1.005261757597327277e+00 1.018675334751605988e+00 1.018965001404285475e+00 9.755142882466316667e-01 9.494889676570892334e-01 9.992661388590932114e-01 1.008797904849052518e+00 9.946505520492792130e-01 9.928288452327251878e-01 1.021829578280448958e+00 9.921414025127888170e-01 9.947559267282486406e-01 1.009916642308235080e+00 9.812082678079605547e-01 9.886730544269084486e-01 1.012636223435401828e+00 3.354978061056522520e+00 3.402650915174776802e+00 1.000000000000000000e+00 1.000000000000000000e+00 1.000000000000000000e+00
1.007340186834335238e+00 1.001489068660885051e+00 1.015301573276519820e+00 1.013375803828239441e+00 1.007014735043048947e+00 9.800158783793448958e-01 1.004520327597856477e+00 9.859374180436134560e-01 1.010917320102453276e+00 1.016920486092567355e+00 1.001425661426037506e+00 9.953865341842174086e-01 9.880930207669734733e-01 9.513061314821242842e-01 9.936143055558204207e-01 1.013202328979968980e+00 9.919094808399677721e-01 9.959161646664143053e-01 1.007477582246065095e+00 1.002039882168173746e+00 9.836685374379158242e-01 1.016299001872539520e+00 9.707793772220612016e-01 9.961302246898412482e-01 9.886019855737686601e-01 3.387080391952498548e+00 3.354510122241602055e+00 1.000000000000000000e+00 1.000000000000000000e+00 1.000000000000000000e+00
1.006842338293790773e+00 1.031401073932647794e+00 1.012977363169193179e+00 1.012425789982080548e+00 1.004338261112570851e+00 1.013964878022670657e+00 1.009601014107465833e+00 9.864900723099708779e-01 9.847983047366142273e-01 9.973891522735357507e-01 1.001798756979405791e+00 9.922039091587067094e-01 9.929848253726959451e-01 9.683150589466095193e-01 9.760302990674972756e-01 1.027193999290466397e+00 9.940756101161241087e-01 9.863465279340744019e-01 1.018628637492656752e+00 9.805552735924720764e-01 9.910861961543560028e-01 9.834342047572135481e-01 9.977247899398207220e-01 1.005230071768164590e+00 9.950832061469554457e-01 3.356748737034434438e+00 3.369030330324420230e+00 1.000000000000000000e+00 1.000000000000000000e+00 1.000000000000000000e+00
1.011955938488245055e+00 1.010862242430448532e+00 9.991900091059505717e-01 1.021194994449615479e+00 1.038757011294364929e+00 1.011115048080682755e+00 1.002843549102544696e+00 1.010445237904787019e+00 9.909570872783660667e-01 9.870380237698554993e-01 1.001544896699488207e+00 9.971499716863035934e-01 9.689399123191833052e-01 9.531804442405700240e-01 9.858578503131866233e-01 1.023518401384353682e+00 9.914638571441173331e-01 9.928686335682869180e-01 1.007299833744764284e+00 9.962913956493139045e-01 9.706198513507843240e-01 9.963476862758398056e-01 9.849122837185859680e-01 9.986384567804634793e-01 1.012805318832397550e+00 3.352680134044145444e+00 3.341175976474997089e+00 1.000000000000000000e+00 1.000000000000000000e+00 1.000000000000000000e+00
1.009572911262512251e+00 1.005893016234040260e+00 1.002641494199633554e+00 1.009504688531160266e+00 9.945981189608573692e-01 9.965468250215053780e-01 9.942787848412990570e-01 9.888205125927924666e-01 9.971984548494219336e-01 9.837752103805541548e-01 1.012158678472041995e+00 1.010835538804531142e+00 9.691297650337219460e-01 9.462504565715790239e-01 9.890622206032275709e-01 1.021580988168716342e+00 9.871248960494994895e-01 9.924130596220492873e-01 1.012914307415485382e+00 1.005197843536734581e+00 9.742135077714919600e-01 1.006843221187591508e+00 9.983703695237636788e-01 1.012055728584527969e+00 9.997397510567680445e-01 3.368263734199057780e+00 3.358160506177121807e+00 1.000000000000000000e+00 1.000000000000000000e+00 1.000000000000000000e+00
1.028413891792297363e+00 1.025167259573936507e+00 1.006715325266122729e+00 1.013138848543167159e+00 1.009117335826158479e+00 1.018570013344287872e+00 9.976628482341766135e-01 9.906683869659900221e-01 9.886454723775386366e-01 9.863506019115447776e-01 9.989817493595183340e-01 1.020948445796966642e+00 9.802060797810554504e-01 9.485567092895508257e-01 9.964200988411903159e-01 1.004237360507249877e+00 9.969611829146742821e-01 9.865732222795486894e-01 1.017314092814922244e+00 9.978189168497919592e-01 9.709838032722473145e-01 9.953747723251581414e-01 9.940169423818587813e-01 1.007361678779125302e+00 9.946313545107841048e-01 3.365904785827727341e+00 3.371321842346963304e+00 1.000000000000000000e+00 1.000000000000000000e+00 1.000000000000000000e+00
9.978813212364912033e-01 1.050570124387741000e+00 1.003851680830120996e+00 1.014090500771999359e+00 1.009330975264310926e+00 1.008113533258438110e+00 9.712755024433136208e-01 9.813004791736602561e-01 9.925996474921703339e-01 1.015116591751575426e+00 9.887141376733780129e-01 1.009256788343191102e+00 9.930626377463340759e-01 9.462569177150725874e-01 9.830607786774635537e-01 1.028318762779235840e+00 9.916199192404746565e-01 9.941939059644937515e-01 9.957515556365251763e-01 1.014021080732345537e+00 9.859753504395485368e-01 9.878800526261329873e-01 9.966864079236984475e-01 9.983221033588052240e-01 1.002470607496797950e+00 3.366011844928660679e+00 3.394890969171651562e+00 1.000000000000000000e+00 1.000000000000000000e+00 1.000000000000000000e+00
9.886532828211784807e-01 1.023095518350601196e+00 1.001653465069830329e+00 1.020530545711517245e+00 1.017319726943969771e+00 1.002753038704395250e+00 9.905110314488411172e-01 9.861529648303986040e-01 1.006005438044667244e+00 9.953051287680864112e-01 9.942271251231431517e-01 1.001028503570705608e+00 9.880700282752513663e-01 9.527428716421126875e-01 9.774986729025840759e-01 1.025383064150810153e+00 9.919691853225230949e-01 9.807519942522049394e-01 1.006674049049615771e+00 1.013561692833900407e+00 9.896151944994926453e-01 1.008814261853694827e+00 9.898390583693981171e-01 9.760974183678626792e-01 1.003749753907322795e+00 3.391926087440308102e+00 3.373970410534290032e+00 1.000000000000000000e+00 1.000000000000000000e+00 1.000000000000000000e+00
1.002752907946705907e+00 1.019469854235649064e+00 1.028028702735900968e+00 1.028289607167244046e+00 1.008424411714077040e+00 1.017080286145210177e+00 1.014096163213253021e+00 1.000528115918859928e+00 9.792745739221573320e-01 1.024122463166713626e+00 9.969626415520906892e-01 1.015665143728256226e+00 1.002395427972078368e+00 9.489823400974273238e-01 9.856211885809897932e-01 1.019011119008064181e+00 1.003299102187156677e+00 9.892070181667804718e-01 9.909038126468658891e-01 1.017045871913432986e+00 9.742604821920395342e-01 1.010243599116802171e+00 9.928193427622318268e-01 1.010375790297985077e+00 9.836729347705841509e-01 3.356596372668309680e+00 3.387588642550672713e+00 1.000000000000000000e+00 1.000000000000000000e+00 1.000000000000000000e+00
9.837293893098830733e-01 1.024615246057510420e+00 1.010053992271423340e+00 1.015620841085910886e+00 1.004488188400864512e+00 1.017424504458904311e+00 9.870342090725898743e-01 9.879074640572070853e-01 9.933135524392128213e-01 1.008296778053045184e+00 9.959990698844194412e-01 1.005770501494407609e+00 9.740093559026717918e-01 9.508426606655120406e-01 9.960404038429260254e-01 1.004484068229794413e+00 1.012483786791563034e+00 9.767619356513023154e-01 1.008946300297975496e+00 1.002487790398299605e+00 9.833273574709892051e-01 9.948260903358459029e-01 9.871944442391396013e-01 1.011577409505844072e+00 9.921139359474182573e-01 3.363270065713871215e+00 3.398844830722153709e+00 1.000000000000000000e+00 1.000000000000000000e+00 1.000000000000000000e+00
1.013527844846248582e+00 1.040171608328819275e+00 1.007351913303136781e+00 1.022424465417862027e+00 1.008760665357112840e+00 9.982178557664156404e-01 9.894757419824600220e-01 1.006639246642589525e+00 9.906140618026256783e-01 1.007798126339912503e+00 9.969905054196714911e-01 1.006474000960588366e+00 9.856414541602134261e-01 9.404593884944916216e-01 9.906761966645717399e-01 1.026842787861824036e+00 9.897481061518191847e-01 1.004710093513131230e+00 9.864568352699280007e-01 1.003451107442379087e+00 9.816633716225624529e-01 1.021731723845004991e+00 9.939987752586603165e-01 9.980122089385986550e-01 1.003771565482020289e+00 3.363235565265903837e+00 3.387339472027969922e+00 1.000000000000000000e+00 1.000000000000000000e+00 1.000000000000000000e+00
9.967533126473426819e-01 1.024081653356552213e+00 9.980947384610772133e-01 1.023084329068660647e+00 1.005489624664187343e+00 9.920706845819949882e-01 1.010339067876338870e+00 1.005499336495995433e+00 1.006535181403160006e+00 1.012426742911338717e+00 9.913753949105739149e-01 9.851990580558777078e-01 9.738154917955398338e-01 9.369278013706207053e-01 9.936293229460716470e-01 1.027567982673645020e+00 9.808740198612213579e-01 1.007553195953369229e+00 9.906999222934246285e-01 9.917028605937957542e-01 9.975450789555907471e-01 1.013822653889655978e+00 9.763148754835129228e-01 1.011509766429662616e+00 9.672951996326446533e-01 3.385575405210140776e+00 3.381939478863730919e+00 1.000000000000000000e+00 1.000000000000000000e+00 1.000000000000000000e+00
9.925373703241348045e-01 1.007505908608436584e+00 9.940239798277616945e-01 1.019481773674488112e+00 1.026575663685798556e+00 9.859436810016631858e-01 1.007486663758754730e+00 9.994502235669642243e-01 9.827915444970131142e-01 9.975636553019284758e-01 1.002063946984708354e+00 1.015561279654502824e+00 9.600417792797089067e-01 9.426847398281097412e-01 9.925458803772926331e-01 1.023868289589881853e+00 9.867725372314453125e-01 9.960871148854494317e-01 1.010993373394012407e+00 9.810797378420830217e-01 1.013738524913787797e+00 1.002218019962310747e+00 9.796663358807563560e-01 9.965936921536922011e-01 9.961438473314047082e-01 3.383287891559164873e+00 3.383642922345670989e+00 1.000000000000000000e+00 1.000000000000000000e+00 1.000000000000000000e+00
9.781423673033714516e-01 1.029081577062606723e+00 1.015713395178317935e+00 1.022865073382854373e+00 1.008323545753955885e+00 9.944190230220556481e-01 1.003787045180797532e+00 1.002959536947309882e+00 9.904713191092013869e-01 1.019830669462680861e+00 1.016254013776779264e+00 1.013484369218349501e+00 9.848767861723899397e-01 9.367401003837585449e-01 9.827420160174369368e-01 1.018481843173503876e+00 1.000949723180383444e+00 9.740452349185944048e-01 1.021953047811984927e+00 9.967314228415489197e-01 9.866865366697311623e-01 9.933351337909698264e-01 9.897673159837723222e-01 1.007123785465955823e+00 9.990357151255011559e-01 3.380574219367521671e+00 3.389799175358381156e+00 1.000000000000000000e+00 1.000000000000000000e+00 1.000000000000000000e+00
9.937874265015125275e-01 1.004129580035805658e+00 9.938615612685680611e-01 1.029968550801277249e+00 9.933010712265968323e-01 9.925112150609493034e-01 1.022001729905605227e+00 9.866248652338981406e-01 9.739415645599365234e-01 1.013562151789665133e+00 1.012940844893455594e+00 1.021029093861579806e+00 9.999774411189719103e-01 9.344114422798156516e-01 9.868120029568672180e-01 1.023627583682537034e+00 1.002605264261364981e+00 9.726945310831069946e-01 1.026424282789230258e+00 9.879093833267689195e-01 9.978295009583234565e-01 1.008946440368890807e+00 1.026189023256301791e+00 9.766704395413399187e-01 1.002982223592698618e+00 3.363734419309946766e+00 3.372483469679444124e+00 1.000000000000000000e+00 1.000000000000000000e+00 1.000000000000000000e+00
1.007245162874460309e+00 1.005564228817820593e+00 9.855332344770431074e-01 1.025045585632324174e+00 9.952658604830503242e-01 9.774297252297401428e-01 1.018257248401641890e+00 9.982752339914441331e-01 9.682092517614364624e-01 9.914703473448753801e-01 9.784528017044067383e-01 9.980598229914903197e-01 9.808860227465630022e-01 9.386734485626220259e-01 9.904446043074131012e-01 1.016242074966430708e+00 9.974575422704219374e-01 9.896775484085083008e-01 1.018997925519943282e+00 1.000526893232017711e+00 9.720240920782089455e-01 1.013086216151714236e+00 1.000240912917070180e+00 1.000441828789189413e+00 1.003918964415788651e+00 3.373042627370559376e+00 3.372969169982475535e+00 1.000000000000000000e+00 1.000000000000000000e+00 1.000000000000000000e+00
9.871151104569435564e-01 1.012202063947916120e+00 9.909323580563068612e-01 1.023969306051731198e+00 9.995108286850153956e-01 9.840090364217758401e-01 1.005785543099045665e+00 1.007358064502477557e+00 9.899442262947559801e-01 9.868456870317459106e-01 9.804681301116943137e-01 9.966961912810802238e-01 9.781054675579070601e-01 9.555113434791564497e-01 9.868840575218200684e-01 1.007190529257059097e+00 1.010376070439815477e+00 9.814321488142013772e-01 1.001005460415035575e+00 9.996147464727982435e-01 9.907971590757369551e-01 1.001560160703957036e+00 9.762641370296478716e-01 9.793050423264503257e-01 9.979295318946241888e-01 3.379731628212972794e+00 3.373300279087829256e+00 1.000000000000000000e+00 1.000000000000000000e+00 1.000000000000000000e+00
9.830220907926559004e-01 1.019766287505626590e+00 1.017586649954318911e+00 1.023118093609809875e+00 9.975864997133612189e-01 9.997196061536669509e-01 1.005549200624227479e+00 1.017291574180126279e+00 9.931338138878345045e-01 1.000757728563621551e+00 1.019782534241676419e+00 1.010953300446271852e+00 9.665331900119781272e-01 9.400109469890594038e-01 9.903960198163985762e-01 1.008582394570112228e+00 1.000735127506777733e+00 9.868859663605690224e-01 1.018737424910068468e+00 9.972692763432859930e-01 9.747247964143752608e-01 1.007960233837366104e+00 9.906170830130577309e-01 1.009410694986581758e+00 1.001266862172633498e+00 3.363568953019980601e+00 3.370412056152416902e+00 1.000000000000000000e+00 1.000000000000000000e+00 1.000000000000000000e+00
1.002136300317943096e+00 1.018078543245792389e+00 1.009814761579036713e+00 1.009088195115327879e+00 1.002411776222288609e+00 1.023296849429607303e+00 1.001918606646359011e+00 9.974387660622596741e-01 9.999559866468189506e-01 1.008935498446226209e+00 9.845589399337768555e-01 1.003985083848238036e+00 9.957242287695408089e-01 9.355759978294372337e-01 9.966037400066852792e-01 1.012270982563495680e+00 1.001621932722628117e+00 9.832591444253921953e-01 1.017589449882507324e+00 9.885453090071678606e-01 9.877821952104568481e-01 1.015505538880824954e+00 1.012000364065170244e+00 1.004387161880731627e+00 9.843909308314323647e-01 3.369676663270993799e+00 3.376880331900228960e+00 1.000000000000000000e+00 1.000000000000000000e+00 1.000000000000000000e+00
1.009023556113243014e+00 1.025886932015418918e+00 1.001727099344134286e+00 1.026399466395378157e+00 1.009356392174959094e+00 1.017463016510009810e+00 9.999667824245989101e-01 9.951023448258637938e-01 9.830719873309134993e-01 1.022594252228736789e+00 9.972544923424720986e-01 1.024431945383548648e+00 9.615427523851394209e-01 9.410092234611511230e-01 9.904380694031715837e-01 1.026239022612571716e+00 9.894188508391380532e-01 9.926006227731705156e-01 1.019944876432418823e+00 9.931998550891876221e-01 9.809012681245803389e-01 1.013709437847137407e+00 1.008812730759382159e+00 9.978227209299802558e-01 1.012080650031566664e+00 3.349259317948843684e+00 3.363503718344561744e+00 1.000000000000000000e+00 1.000000000000000000e+00 1.000000000000000000e+00
9.905206173658370750e-01 1.004974324628710836e+00 1.006985905021429151e+00 1.022403270006179810e+00 1.000978355668485253e+00 1.009266342967748642e+00 1.010936893522739410e+00 9.908833220601082070e-01 9.933969251811504142e-01 1.000069727719528512e+00 1.001204137783497483e+00 1.005851623788476035e+00 9.824614956974982993e-01 9.500459551811217818e-01 9.902197919785976632e-01 1.020563209056854159e+00 9.968348398804665056e-01 9.961465630680322869e-01 9.938431199640035407e-01 1.005088159814476967e+00 9.859251946210860762e-01 1.015611314773559481e+00 9.952674269676208274e-01 9.865041553974152055e-01 9.949839506298303604e-01 3.384487995391550097e+00 3.358998531149790523e+00 1.000000000000000000e+00 1.000000000000000000e+00 1.000000000000000000e+00
9.966323260217905267e-01 1.027585324645042375e+00 9.910555690526962058e-01 1.009881021827459424e+00 9.822757348418236223e-01 1.008878194540739015e+00 1.013297425210475833e+00 9.909797340631485429e-01 9.950965203344821486e-01 1.013524836301803678e+00 1.002259683981537863e+00 1.006565747410058886e+00 9.792635679244995339e-01 9.427536487579345481e-01 1.008902937918901399e+00 1.010532671958208173e+00 9.919031918048858421e-01 9.855583906173706055e-01 1.029783830046653748e+00 9.717275530099869219e-01 9.976526711136102232e-01 1.017133718729019254e+00 9.925654955208301766e-01 9.876224033534526381e-01 1.009349969029426530e+00 3.360238010160219169e+00 3.378899004043620646e+00 1.000000000000000000e+00 1.000000000000000000e+00 1.000000000000000000e+00
1.014974464476108507e+00 1.008820959925651461e+00 1.009344650059938342e+00 1.018581406772136599e+00 9.967149186879395995e-01 1.005404497310519174e+00 9.966742847114801185e-01 1.002833569794893354e+00 1.008209447562694594e+00 1.027205669879913241e+00 1.027272343635559082e+00 1.006765490025281817e+00 9.869367912411689536e-01 9.419251739978790061e-01 9.900461681187152641e-01 1.020772644877433688e+00 9.850614666938781738e-01 9.997701192274689452e-01 1.007489813119172961e+00 9.842203691601753013e-01 1.001323564257472709e+00 9.961139671504497528e-01 9.686048865318298562e-01 1.002990541793405965e+00 1.012714833021163940e+00 3.364283736146892245e+00 3.358296858778496485e+00 1.000000000000000000e+00 1.000000000000000000e+00 1.000000000000000000e+00
1.001126308180391833e+00 1.021298059821128756e+00 1.022779823839664370e+00 1.018717120587825820e+00 1.016822309792041690e+00 1.006636968255043119e+00 1.003927440941333682e+00 9.866432622075080872e-01 9.960939679294824600e-01 9.877983480691909790e-01 1.006966574490070432e+00 1.012333063036203296e+00 9.651812553405761941e-01 9.508434444665908591e-01 9.876793980598449485e-01 1.008083800226450055e+00 1.000822636578232006e+00 9.921597778797149880e-01 1.000634511187672659e+00 1.007867235690355301e+00 9.732755661010742410e-01 1.009889022260904268e+00 1.019879557192325592e+00 9.818598821759223494e-01 1.021335844695568040e+00 3.366167224424029936e+00 3.380500994357708233e+00 1.000000000000000000e+00 1.000000000000000000e+00 1.000000000000000000e+00
1.030398058891296431e+00 1.007526142895221799e+00 1.010217884927988141e+00 1.021644906699657351e+00 9.985020713880657928e-01 1.000020221850718372e+00 1.002170894481241747e+00 9.795546054840087447e-01 9.727835148572921975e-01 9.913287214934826119e-01 9.893931694328784721e-01 9.995509519707411750e-01 9.775798782706260903e-01 9.390467762947082297e-01 1.002118345908820540e+00 1.012738628685474485e+00 9.837010398507117781e-01 9.902443870902061240e-01 1.035153004527092024e+00 9.778496980667114036e-01 9.851806670427322166e-01 9.955273784697056261e-01 9.708267509937286155e-01 1.014115107059478715e+00 9.899538777768611686e-01 3.380302212381532723e+00 3.362141661466212295e+00 1.000000000000000000e+00 1.000000000000000000e+00 1.000000000000000000e+00
1.016317652165889651e+00 1.004535071551799774e+00 1.002402172982692630e+00 1.020515197515487582e+00 1.002448419295251414e+00 1.006835485994815871e+00 1.022376935184001967e+00 9.855683535337448342e-01 9.721855282783508079e-01 1.005980172008275941e+00 1.005813252180814743e+00 1.014759919047355741e+00 9.810919925570488198e-01 9.702760547399520430e-01 9.813170716166496055e-01 1.028358247876167253e+00 9.975230224430561288e-01 9.799234211444854958e-01 9.886367753148078696e-01 1.008375333994627088e+00 9.847667813301086426e-01 9.987582558766007201e-01 9.863974168896675332e-01 9.773917779326438682e-01 1.012071427702903703e+00 3.383054640467730856e+00 3.372386789164932619e+00 1.000000000000000000e+00 1.000000000000000000e+00 1.000000000000000000e+00
9.968838203698396905e-01 1.007322925329208418e+00 9.931024216115474923e-01 1.008718098700046584e+00 1.017097888886928647e+00 1.002898616716265678e+00 9.832871586084366289e-01 1.006965912133455321e+00 9.949052594602108002e-01 1.017881023883819624e+00 9.882048264145850691e-01 1.015835928916931197e+00 9.649617701768875566e-01 9.583447307348251787e-01 9.813314840197563393e-01 1.020420220494270280e+00 9.925215788185596244e-01 9.962633602321148141e-01 1.001110461819916919e+00 1.004740125685930296e+00 9.789630353450775591e-01 9.854118809103965537e-01 9.815491795539855735e-01 1.005385658517479852e+00 9.987792040221392664e-01 3.363582225388001223e+00 3.394543012192664744e+00 1.000000000000000000e+00 1.000000000000000000e+00 1.000000000000000000e+00
9.741721153259277344e-01 1.020615541934966952e+00 1.008138237148523242e+00 1.019405837357044264e+00 1.041740313172340393e+00 9.843830987811088562e-01 1.014876760542392731e+00 9.846324026584625244e-01 9.925468027591705100e-01 1.013335393369197757e+00 9.994202112779021485e-01 1.000273267831653268e+00 1.004104991257190660e+00 9.421892881393432173e-01 1.004556712880730673e+00 1.005775711312890008e+00 9.810297325253486411e-01 1.002690084651112645e+00 1.012472461163997695e+00 9.968594022095202956e-01 9.759867310523986372e-01 1.000685545010492117e+00 1.007798925787210420e+00 1.006694150716066272e+00 1.005981179699301675e+00 3.369075414620954056e+00 3.385426003285298080e+00 1.000000000000000000e+00 1.000000000000000000e+00 1.000000000000000000e+00
9.966419372707605584e-01 1.004522961378097490e+00 1.017955596745014235e+00 1.022706973552703902e+00 1.013055707514286086e+00 1.010559420287609145e+00 9.961497593671083672e-01 9.896635845303535239e-01 9.926533989608288255e-01 1.003472903370857150e+00 1.006485725194215863e+00 9.961717657744884047e-01 9.818497896194458008e-01 9.561928302049637063e-01 9.778705015778541565e-01 1.026996305584907621e+00 9.903109908103943093e-01 9.916807271540164503e-01 1.011053628474473998e+00 9.937953427433967590e-01 9.801590785384177718e-01 1.006451853364705995e+00 9.715727627277374046e-01 9.894668474793434365e-01 1.006624799966812089e+00 3.374467146779302151e+00 3.377141968349055556e+00 1.000000000000000000e+00 1.000000000000000000e+00 1.000000000000000000e+00
1.018027441203594119e+00 1.012854938209056810e+00 1.012528504431247756e+00 1.019845356047153428e+00 1.022989739477634386e+00 9.955552250146866289e-01 1.009679560363292650e+00 1.002460695244371980e+00 9.894590400159358756e-01 1.006158065050840378e+00 1.016271124780178114e+00 1.003832075744867325e+00 9.668336868286132590e-01 9.453929781913756880e-01 9.761154457926750627e-01 1.048214444518089206e+00 9.809400111436843428e-01 9.969530228525400606e-01 1.002814162150025279e+00 9.889949962496757951e-01 9.827919796109199080e-01 1.019836252927780240e+00 9.913261108100414054e-01 1.009182231873273938e+00 1.003404904156923294e+00 3.371418271001919820e+00 3.377102742977113881e+00 1.000000000000000000e+00 1.000000000000000000e+00 1.000000000000000000e+00
9.927129402756691423e-01 1.022005091607570693e+00 9.940008323639630827e-01 1.019961206614971250e+00 9.824367478489876016e-01 1.004384948685765222e+00 9.887990765273571014e-01 9.973506674170493636e-01 9.742840528488159180e-01 1.025266897678375200e+00 1.031361755728721574e+00 1.013757325708866119e+00 9.714713811874389204e-01 9.660742580890655518e-01 9.676189929246902244e-01 1.025862360000610263e+00 1.007683241367339999e+00 9.808626547455787659e-01 9.950205128639936225e-01 9.929568842053413391e-01 9.830204233527183311e-01 1.006229387968778699e+00 9.904750175774097443e-01 1.003203083574771837e+00 9.860757082700729592e-01 3.365151091214063861e+00 3.373612390249402626e+00 1.000000000000000000e+00 1.000000000000000000e+00 1.000000000000000000e+00
9.862691596150398032e-01 1.010832880437374071e+00 9.937105193734169228e-01 1.012391868978738785e+00 9.997250589774921981e-01 1.006023978069424674e+00 1.015684500336647034e+00 9.935944989323616250e-01 9.904996477067470328e-01 9.985718569718301518e-01 1.002110330201685384e+00 9.924500830471515433e-01 9.857289791107177734e-01 9.513583451509475264e-01 9.907024912536144257e-01 1.020089650154113681e+00 1.005165918171405881e+00 9.879433982074260490e-01 1.001334128528833300e+00 9.829775318503379822e-01 9.897908188402653185e-01 1.018788884580135390e+00 1.005900564417242959e+00 9.871994450688361677e-01 9.904320299625396506e-01 3.383244721796876853e+00 3.345928524929148384e+00 1.000000000000000000e+00 1.000000000000000000e+00 1.000000000000000000e+00
1.002414165996015072e+00 1.012871524691581815e+00 1.014105948805809065e+00 1.012631760537624270e+00 1.012652471661567688e+00 1.014934781193733260e+00 1.037550458312034518e+00 1.011268558353185743e+00 9.994641552679240926e-01 1.005734126642346293e+00 9.921139001846313032e-01 1.030062356591224582e+00 9.774806261062621848e-01 9.518072634935379472e-01 9.926933258771896140e-01 1.015750341117382050e+00 9.986205607652663963e-01 9.927967943251132521e-01 1.006472594290971800e+00 9.928252726793289629e-01 9.815869897603988203e-01 9.979742208495736566e-01 1.020477160811424255e+00 9.956630177795886549e-01 1.017601472139358476e+00 3.354555205313854760e+00 3.371347103464768846e+00 1.000000000000000000e+00 1.000000000000000000e+00 1.000000000000000000e+00
1.012268203496933028e+00 1.027697756886482239e+00 1.017765586078166917e+00 1.019862028956413313e+00 1.018874038755893663e+00 1.011622552573680833e+00 1.013326324522495270e+00 9.945658747106790321e-01 9.945478193461895211e-01 1.006634212285280272e+00 9.881699889898299949e-01 1.017645882070064456e+00 9.845483660697936790e-01 9.539875507354735884e-01 9.944019146263599618e-01 1.008936344832181975e+00 1.005773209407925695e+00 9.869025766849517378e-01 1.001906796172261194e+00 1.001632613502442926e+00 9.829149007797240989e-01 1.003014926239848226e+00 1.014292468130588487e+00 9.962812945246696250e-01 9.990891802124679533e-01 3.357236505841680430e+00 3.366425272289259585e+00 1.000000000000000000e+00 1.000000000000000000e+00 1.000000000000000000e+00
9.996496836887672766e-01 1.018845683336258023e+00 1.004049685597419694e+00 1.019327019155025438e+00 1.013685289025306746e+00 1.005511159077286720e+00 1.003724604845046997e+00 9.837859272956848145e-01 1.001583769358694642e+00 1.026881343126297086e+00 9.949294436722994073e-01 1.004163951054215520e+00 9.729404687881469949e-01 9.550690263509750144e-01 1.000737056182697371e+00 9.892800651490688546e-01 1.016702537238597825e+00 9.782212421298026594e-01 1.019451572000980466e+00 9.986954368650913239e-01 9.627677679061890093e-01 1.013553005456924394e+00 9.927820846438407676e-01 9.967312231659889443e-01 1.001646448858082294e+00 3.361968098499075630e+00 3.370374202833448685e+00 1.000000000000000000e+00 1.000000000000000000e+00 1.000000000000000000e+00
9.939543884247541428e-01 1.021095849573612213e+00 1.018184262514114424e+00 1.021921537816524506e+00 1.007764182239770934e+00 9.882555037736893144e-01 9.863276347517967446e-01 9.791020840406418069e-01 9.831066295504570229e-01 1.021941307187080428e+00 1.004974605888128369e+00 1.008736265450715930e+00 9.653567790985106978e-01 9.524462252855301347e-01 9.931882262229919656e-01 1.019248503446579024e+00 9.944412786513566749e-01 9.943416010588407294e-01 1.003616408631205603e+00 9.976247644051909891e-01 9.885530821979046090e-01 1.023306171596050307e+00 1.003458337485790164e+00 9.834246844053268211e-01 1.001096383202821016e+00 3.392168777320200501e+00 3.366102065387565734e+00 1.000000000000000000e+00 1.000000000000000000e+00 1.000000000000000000e+00
1.008986567705869586e+00 1.016929186880588531e+00 1.000978702213615179e+00 1.022387643158435777e+00 1.017247124016285031e+00 1.008834201842546463e+00 1.011183779686689377e+00 9.985334212891757710e-01 9.992300285026430862e-01 9.999027338461019543e-01 9.710465729236602561e-01 1.000017980752454516e+00 9.953916039317846076e-01 9.560962110757827981e-01 9.871504709124565569e-01 1.019042277336120517e+00 9.762556597590446028e-01 1.002606182172894433e+00 1.021911554038524628e+00 9.884051427245139632e-01 9.959867302328347938e-01 9.814056292176246421e-01 1.009643957763910249e+00 9.904288887977600320e-01 1.004127076268196195e+00 3.374203141475661472e+00 3.374874845993799166e+00 1.000000000000000000e+00 1.000000000000000000e+00 1.000000000000000000e+00
1.000080057617742657e+00 1.021627309918403670e+00 9.953760907053947893e-01 1.016860777139663607e+00 9.989899661391973273e-01 1.001415401604026645e+00 9.976193012669682947e-01 1.000473510799929411e+00 9.930407881736755815e-01 9.942282192409038766e-01 1.008511995524167926e+00 1.010497102141380221e+00 9.861802309751510620e-01 9.393805265426635742e-01 9.931253843009472115e-01 1.025634014606475741e+00 9.821795627474785295e-01 9.934027045965194702e-01 1.006291447579860776e+00 1.000089091353584037e+00 9.798091351985931396e-01 1.000734276417642787e+00 1.013313698768615767e+00 1.008400931209325835e+00 1.006718330085277557e+00 3.371457941707868944e+00 3.389821551838342550e+00 1.000000000000000000e+00 1.000000000000000000e+00 1.000000000000000000e+00
1.002590209618210881e+00 1.025051808357238858e+00 1.001651071012020111e+00 1.018698674440383867e+00 9.911839224398135695e-01 9.957625906914472358e-01 9.989340411499142425e-01 9.889469727873801963e-01 9.980586899444461313e-01 1.012119384855032056e+00 1.002080300264060586e+00 1.018247042596340135e+00 9.875210054218769296e-01 9.485138297080993874e-01 9.905835762619972229e-01 1.019074313342571259e+00 9.988734259270131144e-01 9.919875882565974967e-01 1.005127683281898499e+00 9.944138068705796751e-01 9.827785804867744668e-01 9.915259793400764687e-01 1.001548562012612775e+00 9.935621455311774985e-01 1.007874565571546643e+00 3.369775102741024320e+00 3.378820618473951320e+00 1.000000000000000000e+00 1.000000000000000000e+00 1.000000000000000000e+00
1.008106286078691571e+00 1.031352812051772982e+00 1.005879839882254601e+00 1.015679252147674516e+00 9.992324586492031813e-01 1.000094656361034229e+00 1.025213593244552523e+00 9.893066376447677834e-01 9.724429994821548462e-01 1.000694300094619349e+00 9.980769902467727661e-01 9.937281638383865801e-01 9.605551481246947798e-01 9.384866893291473611e-01 9.889921970665455087e-01 1.014353685081005096e+00 1.000671122316270978e+00 9.855412021279335022e-01 1.005114715173840434e+00 1.015549635887146085e+00 9.726119011640548262e-01 9.936564914882183297e-01 1.005788571015000299e+00 9.969871772453189340e-01 1.008693534135818526e+00 3.337435456703110148e+00 3.351352662423889406e+00 1.000000000000000000e+00 1.000000000000000000e+00 1.000000000000000000e+00
1.006835953891277224e+00 1.002962605655193240e+00 1.012995924055576369e+00 1.014155952632427304e+00 9.979587905108928680e-01 9.840357959270477073e-01 1.022276785969734147e+00 1.002437289990484759e+00 9.760652840137481467e-01 9.886776931583881600e-01 9.783816471695899741e-01 1.029112491011619612e+00 9.952710390090941939e-01 9.579104006290435347e-01 9.749238222837448564e-01 1.043916785717010409e+00 9.700257420539856179e-01 9.988589633256197420e-01 1.026262480020523116e+00 9.813198909163475259e-01 9.799950331449508445e-01 1.006439009308814914e+00 9.796357050538062605e-01 1.021835114061832472e+00 9.880231797695160356e-01 3.367063371120015081e+00 3.350375783789404149e+00 1.000000000000000000e+00 1.000000000000000000e+00 1.000000000000000000e+00
1.018568947911262512e+00 1.016906194388866425e+00 9.997072764206678119e-01 1.020109719038009732e+00 9.843249902129173057e-01 1.010254579782486006e+00 1.001938045583665282e+00 9.999674274789868145e-01 9.897513456642628160e-01 1.008804289996624082e+00 9.929261744022369607e-01 1.019543360173702284e+00 9.916197821497917397e-01 9.477680683135986106e-01 1.004588853195309550e+00 1.003734647855162532e+00 9.943250957876443863e-01 1.002305644936859697e+00 1.011031662672758014e+00 9.838624328374863115e-01 9.852400630712508933e-01 9.993803356774151325e-01 9.899251312017440796e-01 1.001198739930987403e+00 9.995691534597426209e-01 3.370012096885651509e+00 3.356362388324428903e+00 1.000000000000000000e+00 1.000000000000000000e+00 1.000000000000000000e+00
1.009733781963586763e+00 1.029489752650260881e+00 1.004666166380047798e+00 1.010160806775093123e+00 1.003940257430076644e+00 1.017790271341800779e+00 1.015250591933727353e+00 1.006576189398765475e+00 1.005866053700447127e+00 9.867085263133048567e-01 1.012912319600582034e+00 1.006058342382311732e+00 9.913906469941139443e-01 9.484269142150878462e-01 9.935372851788997206e-01 1.017989179491996854e+00 9.990488459356129392e-01 9.962775807827710661e-01 9.956099342554807219e-01 9.950638979673385176e-01 9.842480018734931502e-01 1.016571773588657468e+00 9.853355333209037337e-01 9.995384853333234565e-01 9.944628365337848663e-01 3.363713985811060514e+00 3.377353510946944581e+00 1.000000000000000000e+00 1.000000000000000000e+00 1.000000000000000000e+00
1.007705470174550921e+00 1.016146560013294176e+00 1.008566489815712064e+00 1.026949825882911727e+00 1.018755875527858734e+00 1.005459405854344457e+00 9.935874596238136736e-01 9.880821958184242693e-01 9.885317787528038469e-01 1.011627988517284304e+00 1.001909595541655928e+00 1.014273090660572141e+00 9.853309467434883118e-01 9.243885874748229980e-01 9.982302259653806908e-01 1.015699392557144254e+00 1.001155256107449487e+00 9.810438066720962302e-01 1.018871413171291263e+00 9.986960174515843169e-01 1.005900967493653209e+00 9.702607065439223799e-01 9.975850822404026541e-01 9.969754736870527490e-01 1.008775573968887285e+00 3.370537604845487145e+00 3.360712210377737375e+00 1.000000000000000000e+00 1.000000000000000000e+00 1.000000000000000000e+00
1.001514039561152369e+00 1.009957206249237016e+00 1.020472246408462569e+00 1.022190956771373838e+00 1.006212389841675714e+00 1.038180261850357056e+00 9.819921255111694336e-01 1.019457551836967513e+00 9.790974214673042741e-01 9.837941646575927290e-01 1.010697256773710251e+00 1.002341128326952546e+00 9.727759331464767012e-01 9.541201591491699219e-01 9.832677319645881653e-01 1.010198440402746201e+00 1.004154208302497908e+00 9.906557187438010947e-01 1.002271239086985677e+00 9.998369327164254861e-01 9.753773659467697144e-01 1.000973072182387069e+00 9.816229611635207686e-01 9.862404018640518188e-01 1.017711845040321306e+00 3.367316721982753780e+00 3.390921820194700675e+00 1.000000000000000000e+00 1.000000000000000000e+00 1.000000000000000000e+00
9.993466812651604636e-01 1.014824834465980485e+00 1.004227784276008562e+00 1.027780315279960721e+00 9.870606943964957969e-01 1.011567470431327775e+00 9.914029628038406594e-01 9.964584801346063614e-01 9.861705973744392395e-01 1.010699624568224042e+00 9.965412065386771712e-01 1.017159770429134413e+00 9.845952689647674561e-01 9.430174112319946733e-01 9.896075434982776198e-01 1.015231813490390822e+00 1.005208277329802558e+00 9.830063134431838989e-01 1.009175515174865811e+00 9.860383957624435647e-01 9.919068217277526855e-01 1.006908077001571700e+00 9.948802705854177253e-01 1.000170558516401798e+00 9.733901023864746094e-01 3.409595632394859521e+00 3.389660211715079363e+00 1.000000000000000000e+00 1.000000000000000000e+00 1.000000000000000000e+00
1.007451509684324176e+00 1.002214958332479089e+00 1.007485962659120604e+00 1.012947207689285367e+00 1.000622690189629793e+00 9.819614082574844582e-01 1.021372430026531219e+00 9.784008562564849854e-01 9.904888987541198286e-01 1.005380265042185695e+00 9.971820622682571189e-01 1.021409390866756528e+00 9.911654904484749062e-01 9.520863980054855569e-01 9.954204406589269860e-01 1.008758974075317338e+00 9.903764814138412698e-01 9.862428143620490806e-01 1.034188091754913330e+00 9.828279569745064226e-01 9.745048463344574419e-01 9.991513332352042198e-01 1.008669407665729434e+00 9.912590608000755310e-01 1.003979345783591270e+00 3.373833038913759186e+00 3.400387292539004847e+00 1.000000000000000000e+00 1.000000000000000000e+00 1.000000000000000000e+00
9.954635851085186227e-01 1.022827535867691040e+00 1.010449513792991638e+00 1.011290457844734147e+00 1.018994328379630998e+00 9.790892750024795532e-01 9.845740154385567156e-01 9.943466793745756593e-01 9.855694144964217696e-01 1.032751020789146379e+00 1.011881190538406416e+00 9.848390430212020652e-01 9.893283367156981978e-01 9.429683864116669145e-01 1.002116143703460693e+00 9.987948013469576392e-01 1.006305665522813753e+00 9.888856932520866394e-01 1.010657632350921542e+00 9.984438798390329328e-01 9.903794392943382485e-01 9.887167721986770408e-01 9.933750376105308089e-01 9.862835884094238725e-01 1.003890277072787329e+00 3.392382193235469412e+00 3.358331614285630096e+00 1.000000000000000000e+00 1.000000000000000000e+00 1.000000000000000000e+00
1.011517013609409377e+00 1.018267741799354642e+00 9.825464174151420371e-01 1.016547288000583693e+00 9.917145669460296631e-01 1.017782382667064667e+00 1.013467073440551758e+00 1.005331857502460569e+00 1.002759586647152812e+00 1.018960122764110521e+00 1.010393931716680571e+00 1.013932746648788408e+00 9.995612557977437973e-01 9.520029813051223977e-01 9.969292176887393220e-01 1.010609608888626054e+00 1.002635542675852864e+00 9.970019856467843278e-01 9.938373040407896264e-01 9.974046915769576582e-01 9.876177817583083884e-01 9.933436721563339011e-01 1.004411168396472931e+00 1.004151067882776305e+00 9.952171672135591285e-01 3.377440256582748823e+00 3.361602062428082682e+00 1.000000000000000000e+00 1.000000000000000000e+00 1.000000000000000000e+00
1.011423150449991315e+00 1.038984802365302995e+00 9.957847982645035012e-01 1.024299974739551589e+00 9.976217232644557509e-01 1.002565596252679825e+00 1.012390598654747009e+00 9.914324380457401054e-01 9.683612793684005515e-01 1.006074253469705582e+00 1.010808964818715960e+00 1.017730860412120908e+00 1.008011870086193085e+00 9.253350913524627241e-01 1.006390839070081755e+00 1.007056564837694124e+00 9.824761837720871194e-01 9.941805597394705041e-01 1.033523061871528537e+00 9.991793665103614330e-01 9.803807392716408220e-01 9.767462000250816123e-01 9.575759589672088179e-01 1.028212901949882463e+00 1.022007513046264693e+00 3.364585001184666080e+00 3.376475777226918051e+00 1.000000000000000000e+00 1.000000000000000000e+00 1.000000000000000000e+00
9.994309709873050451e-01 1.031002607941627458e+00 1.001688451506197453e+00 1.011222764849662781e+00 1.019813919067382724e+00 1.012321961671113879e+00 1.001858501508831933e+00 9.965700425207615343e-01 9.878286726772784743e-01 1.003066338784992739e+00 1.012824293971061662e+00 1.014689722657203585e+00 9.773246660828590615e-01 9.551432609558105913e-01 9.663701325654983076e-01 1.031969210505485623e+00 9.976735521107912286e-01 9.821065977215767129e-01 1.012795677781105130e+00 9.911646530032157676e-01 9.840873628854751587e-01 1.029200509190559387e+00 1.008702473342418582e+00 9.689662814140319602e-01 1.024652783572673753e+00 3.360776320970940478e+00 3.387955748528257427e+00 1.000000000000000000e+00 1.000000000000000000e+00 1.000000000000000000e+00
1.014468175172805742e+00 1.018314710259437650e+00 9.980170698836445808e-01 1.016282248497009322e+00 1.012089152634143785e+00 9.867960497736930625e-01 9.947115726768970267e-01 9.818443924188613448e-01 9.815720051527023760e-01 9.982026318088174088e-01 1.002200225368142128e+00 1.002806780487298877e+00 1.000695418613031462e+00 9.416038572788238969e-01 1.009733954071998507e+00 1.010165309906005948e+00 9.881502099335193190e-01 9.865493804216385332e-01 1.020115825533866927e+00 9.863558143377304521e-01 9.975675426423549208e-01 9.958409111946820991e-01 9.883401259779930337e-01 9.888634122908115387e-01 1.014992684125900269e+00 3.371279577708820252e+00 3.370713847893798576e+00 1.000000000000000000e+00 1.000000000000000000e+00 1.000000000000000000e+00
9.881251454353332520e-01 1.040152537822723433e+00 1.013654300570487887e+00 1.017530852556228549e+00 1.027802377939224243e+00 1.003294774144887880e+00 9.950478922575711760e-01 9.957550495862961260e-01 1.011290279030799821e+00 9.870496124029159990e-01 9.878986068069934845e-01 1.001402715407311961e+00 9.784915775060654131e-01 9.558207660913466963e-01 9.824067369103431924e-01 1.006907083094120026e+00 1.012307377159595401e+00 9.834034219384193420e-01 1.005604883283376605e+00 9.939111445099115816e-01 9.977455716580152512e-01 9.888054169714450836e-01 9.931223765015602112e-01 9.825593486428261247e-01 1.016498556733131498e+00 3.365753435816640771e+00 3.369424264740837671e+00 1.000000000000000000e+00 1.000000000000000000e+00 1.000000000000000000e+00
1.011167261004447981e+00 1.028653106093406766e+00 1.001400022115558341e+00 1.017922323942184404e+00 1.012996616959571883e+00 9.962762191891669783e-01 1.004021234065294310e+00 9.865990102291106734e-01 9.735343664884567039e-01 1.024894630908966153e+00 1.014554132521152452e+00 1.005269338190555528e+00 9.828260019421577454e-01 9.530442476272582564e-01 9.894482284784317239e-01 1.022315512597560927e+00 9.956243440508842912e-01 1.003648102283477783e+00 9.849025323987007363e-01 1.006300096213817552e+00 9.725706577301025391e-01 9.985210908576845901e-01 1.025264912843704135e+00 9.861612498760223833e-01 1.017318519949913069e+00 3.376315342679551801e+00 3.366083136691387701e+00 1.000000000000000000e+00 1.000000000000000000e+00 1.000000000000000000e+00
9.939893539994955063e-01 1.007459416985511780e+00 1.016781136393547058e+00 1.016897179186344147e+00 1.012595352530479387e+00 1.006902878731489093e+00 9.930645644664763960e-01 9.988505573943257110e-01 9.871390506625175032e-01 1.026019474864006131e+00 9.908502511680126190e-01 1.016000343859195798e+00 9.835936442017555459e-01 9.428611695766448975e-01 9.939694937318563905e-01 1.026367098093032837e+00 9.747509032487868819e-01 1.000891203898936599e+00 1.017171820998191922e+00 9.844081908464431541e-01 9.959031272679567115e-01 9.862173944711685181e-01 1.008227688819169909e+00 9.986045558005571809e-01 1.016321352124214261e+00 3.357008950131892711e+00 3.349731510891039044e+00 1.000000000000000000e+00 1.000000000000000000e+00 1.000000000000000000e+00
9.894205853343009949e-01 1.033599412441253751e+00 9.966809023171663284e-01 1.013949714601039886e+00 9.959523819386959520e-01 9.899942398071288618e-01 9.996203649556264503e-01 9.874570980668068154e-01 9.978475451469421831e-01 1.007372125983238220e+00 1.002000405453145504e+00 1.002698083408176899e+00 9.817891255021095054e-01 9.553203374147415383e-01 9.951710000634192976e-01 1.006298662722110659e+00 9.853539124131203142e-01 9.979067301377654298e-01 1.017543421685695559e+00 9.966439109295606169e-01 9.602619498968124612e-01 1.009484393894672483e+00 9.936421714723110421e-01 1.015831583738326938e+00 1.004487935826182454e+00 3.363197487965499111e+00 3.349719013735604545e+00 1.000000000000000000e+00 1.000000000000000000e+00 1.000000000000000000e+00
9.824271053075790405e-01 1.001794826611876577e+00 9.999934706582280786e-01 1.021303078532219022e+00 1.007143524289131120e+00 1.010818133503198712e+00 1.004583560675382570e+00 9.886255040764808655e-01 9.912934854626656023e-01 9.809264421463013139e-01 1.008477471023798033e+00 1.004438352957367941e+00 9.722209811210632546e-01 9.372255563735961692e-01 1.004662636667490005e+00 1.010288917273282960e+00 9.919408813118935075e-01 1.005182346329092979e+00 9.954301204532385317e-01 9.991210213862359302e-01 9.717574208974838479e-01 1.012877742946147963e+00 9.992018529213965161e-01 9.937503580003976822e-01 1.012560203671455383e+00 3.342227006106372578e+00 3.375364375621321855e+00 1.000000000000000000e+00 1.000000000000000000e+00 1.000000000000000000e+00
1.001378707122057676e+00 1.013107165694236755e+00 1.015697550773620561e+00 1.024506497383117720e+00 1.010798923671245575e+00 9.955095186829566734e-01 9.920922927558422089e-01 9.966019060462713020e-01 9.832712396979331748e-01 1.008894958347082094e+00 1.020479327440261930e+00 1.024667765200138136e+00 9.911680966615676880e-01 9.336502432823181596e-01 9.986813574098050150e-01 1.018923659622669176e+00 9.812145903706550598e-01 9.944199509918689728e-01 1.023069712519645735e+00 1.001397847104817718e+00 9.841060310602187666e-01 1.005497987195849374e+00 9.665429621934891191e-01 1.004451420158147812e+00 1.015080823004245847e+00 3.376489798308698109e+00 3.364574270993513139e+00 1.000000000000000000e+00 1.000000000000000000e+00 1.000000000000000000e+00
1.019507515430450484e+00 1.023810561001300856e+00 1.008981426805257708e+00 1.015970513224601746e+00 1.010009242594242185e+00 1.008669573813676834e+00 9.970552356913685577e-01 1.001325169950723737e+00 9.784251853823662248e-01 9.893224820494651572e-01 9.844781741499900596e-01 1.002930682711303145e+00 9.971177319064736810e-01 9.418686866760254128e-01 9.892494499683379683e-01 1.030073171854019254e+00 9.878112532198428664e-01 9.902430042624473794e-01 1.011578191816806749e+00 9.956842627376317756e-01 9.731928974390029463e-01 1.002054215222597078e+00 1.005411009117960885e+00 1.011051309853792102e+00 9.970460744574666245e-01 3.369505107845037095e+00 3.373989962119435582e+00 1.000000000000000000e+00 1.000000000000000000e+00 1.000000000000000000e+00
9.864056408405303955e-01 1.016601812839508012e+00 1.004218025133013725e+00 1.017181885242462114e+00 1.021951353549957364e+00 1.009181301295757338e+00 1.009095072001218840e+00 9.929311752319336382e-01 9.617947697639465110e-01 1.028335332870483398e+00 1.027083984017372220e+00 1.011969992518424899e+00 9.760875061154365984e-01 9.434735417366028054e-01 9.930491872131824715e-01 1.024749657511711209e+00 9.873727127909660561e-01 9.918272741138934867e-01 1.014844855666160672e+00 9.797241687774658203e-01 9.933525830507278220e-01 1.012157130241394087e+00 9.935342751443385634e-01 1.000014319442561916e+00 9.946372952312231286e-01 3.365223666133487335e+00 3.358883432130990609e+00 1.000000000000000000e+00 1.000000000000000000e+00 1.000000000000000000e+00
1.003171955049037889e+00 1.011934339255094573e+00 1.008633588999509723e+00 1.016965387761592954e+00 1.017402271926403090e+00 1.031127762794494584e+00 1.010060751438140780e+00 1.008948422968387604e+00 1.010243000835180371e+00 1.008153371512889862e+00 9.929692022502422111e-01 9.984896571375430074e-01 1.006248116493225098e+00 9.423930227756500688e-01 9.971457356587052345e-01 1.029659906029701144e+00 9.862641885876655135e-01 9.902163192629813704e-01 9.954823043197393861e-01 1.003746818378567607e+00 9.864279299974441084e-01 1.011619370430707932e+00 1.000040327574242882e+00 9.931264609098434670e-01 1.002699593827128366e+00 3.369148129308140671e+00 3.346792762155800904e+00 1.000000000000000000e+00 1.000000000000000000e+00 1.000000000000000000e+00
1.001840718090534210e+00 1.015798842906951993e+00 9.981138886883854644e-01 1.013729803264141083e+00 1.021027819812297732e+00 1.005519796535372823e+00 1.016557706892490476e+00 1.002662341669201762e+00 9.744724243879318015e-01 1.005819865316152528e+00 1.004378119111061007e+00 1.019769264757633298e+00 9.778175160288811174e-01 9.587542295455933061e-01 9.895772963762283769e-01 1.013340899348258883e+00 9.895971477031707542e-01 9.989944110624492390e-01 1.001607626862824008e+00 1.003515388071537062e+00 9.789793938398361206e-01 1.016750490665435880e+00 9.879653222858906236e-01 9.900304630398750749e-01 1.008264623582363129e+00 3.369791971322102064e+00 3.366114174383036062e+00 1.000000000000000000e+00 1.000000000000000000e+00 1.000000000000000000e+00
1.004518036544322923e+00 1.030134424567222595e+00 1.009346996247768358e+00 1.018378829956054776e+00 1.006437329947948545e+00 1.018477727472782091e+00 9.934336066246032271e-01 1.004540156573057175e+00 1.006963319331407591e+00 1.018681703507900327e+00 1.015734907984733537e+00 1.011066743731498629e+00 9.686883181333542092e-01 9.540879607200623003e-01 9.941538412123918089e-01 1.000801387149840682e+00 9.987679981626570447e-01 1.003125321492552846e+00 9.937499724328517914e-01 9.974781678989529388e-01 9.967421844601631609e-01 9.793535947799683061e-01 1.012233721464872449e+00 9.961604285985231622e-01 1.006097076088189990e+00 3.366109633917222066e+00 3.362804713363733988e+00 1.000000000000000000e+00 1.000000000000000000e+00 1.000000000000000000e+00
1.021785183250904172e+00 1.010218992829322815e+00 1.022016863524913832e+00 1.029356187582016080e+00 9.877714790403843148e-01 1.008678019791841463e+00 1.008312068134546324e+00 1.013107325136661574e+00 9.624377548694610374e-01 9.932229727506637351e-01 9.910114921629429308e-01 1.034949499368667647e+00 9.742586165666580200e-01 9.456134021282196489e-01 1.000275095016695648e+00 9.905385300517082214e-01 1.009984597563743591e+00 9.879144400358199629e-01 1.011336562782525927e+00 9.926637373864650726e-01 9.873709946870803389e-01 9.979850508272647414e-01 9.905310191214085069e-01 9.974725687876343505e-01 1.003484904393553645e+00 3.370740786330381322e+00 3.399600905910353354e+00 1.000000000000000000e+00 1.000000000000000000e+00 1.000000000000000000e+00
1.018538346886634915e+00 1.020880766212940216e+00 1.004750005528330714e+00 1.026085025072097867e+00 9.909811124205589739e-01 9.829805582761764748e-01 1.017517977952957065e+00 9.705021500587462935e-01 9.745443552732467873e-01 9.957931149750948174e-01 9.840982049703598245e-01 1.011131392419338138e+00 9.929009839892387612e-01 9.415112912654877153e-01 1.000306651019491344e+00 1.008107739686965987e+00 1.008039588481187909e+00 9.811867401003837585e-01 1.004738554731011480e+00 1.017349518835544586e+00 9.656052201986312644e-01 1.026464283466339111e+00 1.009319341182708829e+00 9.947937104851007906e-01 9.924662671983242035e-01 3.368917369791468719e+00 3.386190313506929783e+00 1.000000000000000000e+00 1.000000000000000000e+00 1.000000000000000000e+00
1.018566608428955078e+00 1.008677262812852859e+00 1.002815506234765008e+00 1.017563341557979673e+00 1.002551351673901081e+00 1.008065585792064622e+00 9.941557027399540170e-01 9.941443894058465958e-01 9.990209655836224112e-01 1.016011258959770291e+00 1.008811146020889282e+00 1.003941127657890231e+00 9.887848541140555891e-01 9.301900863647460938e-01 1.015193659067153975e+00 9.921638071537017822e-01 9.983558833599091020e-01 9.975364953279495239e-01 1.004573946818709373e+00 1.003349955752491862e+00 9.742632836103439775e-01 1.002471542917191982e+00 1.017068210244178816e+00 9.890367001295089500e-01 9.968180414289236069e-01 3.385230157440849652e+00 3.384280797308746092e+00 1.000000000000000000e+00 1.000000000000000000e+00 1.000000000000000000e+00
9.949508789926767571e-01 1.024849703907966703e+00 9.933949604630469832e-01 1.018382021784782321e+00 1.019309686124324710e+00 1.017942936718463809e+00 9.905162967741489854e-01 9.972201324999332428e-01 1.007094424217939377e+00 1.035790565609931990e+00 1.032829055190086276e+00 1.009817145019769713e+00 9.628359705209732500e-01 9.420672774314879927e-01 9.986293178983032259e-01 1.007613790780305774e+00 1.012038137018680617e+00 9.734783709049225076e-01 1.033528700470924377e+00 9.833673119544983354e-01 9.932946994900703208e-01 9.976424707099795786e-01 1.001320057734847113e+00 9.941195759922265562e-01 1.005290301889181226e+00 3.389537684979864185e+00 3.390111715583527197e+00 1.000000000000000000e+00 1.000000000000000000e+00 1.000000000000000000e+00
1.001919121854007333e+00 1.031499379873275668e+00 1.009612713754177049e+00 1.026690092682838396e+00 9.977623252198100090e-01 1.006600374728441327e+00 9.879422128200531228e-01 9.737102568149567094e-01 9.745620399713516013e-01 9.864486590027808921e-01 1.006365629285574048e+00 1.000001865373269627e+00 9.705837905406952126e-01 9.474781155586242676e-01 9.951638497412205187e-01 1.009651504456996918e+00 9.863114178180694136e-01 9.955706618726253287e-01 1.022531229257583663e+00 9.944147597998380661e-01 9.805697396397590193e-01 1.000252412236295685e+00 9.822837054729461892e-01 1.008245320618152530e+00 9.871870711445808189e-01 3.377730413398514653e+00 3.353935303330067619e+00 1.000000000000000000e+00 1.000000000000000000e+00 1.000000000000000000e+00
1.001842920854687735e+00 1.019970835745334536e+00 1.009304270148277283e+00 1.020428642630577087e+00 1.013368152081966400e+00 1.014040210843086154e+00 1.009632945805787996e+00 9.877244025468826516e-01 9.989000244066119638e-01 1.011377193778753236e+00 9.885320976376533730e-01 1.011020808666944548e+00 9.900545187294482741e-01 9.363853275775909646e-01 1.008324112743139267e+00 1.013302989304065704e+00 9.970972893759608713e-01 1.002465764246881053e+00 9.897075034677982330e-01 9.998375104856677131e-01 9.880769066512584686e-01 1.026501241326332137e+00 9.896729238331317680e-01 1.011243854463100389e+00 9.665233194828033447e-01 3.371410544081246741e+00 3.357442868839117800e+00 1.000000000000000000e+00 1.000000000000000000e+00 1.000000000000000000e+00
9.850533068180084006e-01 1.015410004556179135e+00 9.937041394412517992e-01 1.022586561739444733e+00 1.009043373912572816e+00 1.000618011550977737e+00 9.958161748945713043e-01 9.872902229428290877e-01 1.006298962980508804e+00 1.016956052184105008e+00 1.006360530853271484e+00 9.962354235351085219e-01 9.898970879614352736e-01 9.320609688758849654e-01 1.000660507613793104e+00 1.005301479622721761e+00 1.003325124830007464e+00 1.000620244676247328e+00 9.975974803790450540e-01 9.820125997066497803e-01 9.962513763457536697e-01 9.989030083641410318e-01 1.016094993054866835e+00 9.939828850328922272e-01 1.002264970541000277e+00 3.356752093582465513e+00 3.359925049126402552e+00 1.000000000000000000e+00 1.000000000000000000e+00 1.000000000000000000e+00
9.769877552986144797e-01 1.009461774677038237e+00 1.011569810658693225e+00 1.022372224926948459e+00 1.001350887771695897e+00 9.983324587345123735e-01 9.869341179728507996e-01 1.007363764941692441e+00 9.814176112413406372e-01 9.939107879996299522e-01 1.006764473766088575e+00 9.972764289006590399e-01 9.858356356620788796e-01 9.444565176963806152e-01 1.000020932716142896e+00 1.014076809585094496e+00 9.975244380533695443e-01 9.888188175857066664e-01 1.006562321633100554e+00 9.958128415048121962e-01 9.951606482267379983e-01 1.018376088142395108e+00 1.033938470482826277e+00 9.843769520521163940e-01 1.000822514295578003e+00 3.375808118482548803e+00 3.389138835658597859e+00 1.000000000000000000e+00 1.000000000000000000e+00 1.000000000000000000e+00
1.000410309480503246e+00 1.025700759887695268e+00 1.004866144433617547e+00 1.024168568849563643e+00 1.030081984400749162e+00 1.007447958737611726e+00 1.012125713378190905e+00 9.574544847011565718e-01 9.947378944605589357e-01 9.947003189474343809e-01 9.809168443083763345e-01 1.017546099424362138e+00 9.735819190740585549e-01 9.407259464263916238e-01 9.916285634040832297e-01 1.025609719753265425e+00 9.780327618122101052e-01 9.970196533948183504e-01 1.005003391951322600e+00 1.000797756947577000e+00 9.824479475617409197e-01 9.845287069678306802e-01 9.766272962093353049e-01 9.909899115562439409e-01 1.011463118344545276e+00 3.380678633047487835e+00 3.386661229786421590e+00 1.000000000000000000e+00 1.000000000000000000e+00 1.000000000000000000e+00
