3.053750000000000000e+02 6.107500000000000000e+02 9.161250000000000000e+02 1.204082210302352905e+03 1.503812500000000000e+03 1.786125000000000000e+03 2.068437500000000000e+03 2.350750000000000000e+03 2.633062500000000000e+03 2.915375000000000000e+03 3.197687500000000000e+03 3.481169757246971130e+03 3.646353266239166260e+03 3.876250000000000000e+03 4.122500000000000000e+03 4.368750000000000000e+03 4.615000000000000000e+03 4.861250000000000000e+03 5.107500000000000000e+03 5.353750000000000000e+03 5.600000000000000000e+03 5.691617261826992035e+03 5.771000000000000000e+03 5.973618531361222267e+03 6.149646233528852463e+03 6.291000000000000000e+03 6.346600000000000364e+03 6.356000000000000000e+03 6.368000000000000000e+03 6.371000000000000000e+03
3.053750000000000000e+02 6.107500000000000000e+02 9.161250000000000000e+02 1.196443802356719971e+03 1.503812500000000000e+03 1.786125000000000000e+03 2.068437500000000000e+03 2.350750000000000000e+03 2.633062500000000000e+03 2.915375000000000000e+03 3.197687500000000000e+03 3.480618056654930115e+03 3.621311318874359131e+03 3.876250000000000000e+03 4.122500000000000000e+03 4.368750000000000000e+03 4.615000000000000000e+03 4.861250000000000000e+03 5.107500000000000000e+03 5.353750000000000000e+03 5.600000000000000000e+03 5.693944490760564804e+03 5.771000000000000000e+03 5.958286384701728821e+03 6.141366755723953247e+03 6.291000000000000000e+03 6.346600000000000364e+03 6.356000000000000000e+03 6.368000000000000000e+03 6.371000000000000000e+03
3.053750000000000000e+02 6.107500000000000000e+02 9.161250000000000000e+02 1.205975349187850952e+03 1.503812500000000000e+03 1.786125000000000000e+03 2.068437500000000000e+03 2.350750000000000000e+03 2.633062500000000000e+03 2.915375000000000000e+03 3.197687500000000000e+03 3.479701718688011169e+03 3.608246240615844727e+03 3.876250000000000000e+03 4.122500000000000000e+03 4.368750000000000000e+03 4.615000000000000000e+03 4.861250000000000000e+03 5.107500000000000000e+03 5.353750000000000000e+03 5.600000000000000000e+03 5.712091807782649994e+03 5.771000000000000000e+03 5.944982699513435364e+03 6.125536905288696289e+03 6.291000000000000000e+03 6.346600000000000364e+03 6.356000000000000000e+03 6.368000000000000000e+03 6.371000000000000000e+03
3.053750000000000000e+02 6.107500000000000000e+02 9.161250000000000000e+02 1.204549565553665161e+03 1.503812500000000000e+03 1.786125000000000000e+03 2.068437500000000000e+03 2.350750000000000000e+03 2.633062500000000000e+03 2.915375000000000000e+03 3.197687500000000000e+03 3.477345386147499084e+03 3.636070459485054016e+03 3.876250000000000000e+03 4.122500000000000000e+03 4.368750000000000000e+03 4.615000000000000000e+03 4.861250000000000000e+03 5.107500000000000000e+03 5.353750000000000000e+03 5.600000000000000000e+03 5.710009793102741241e+03 5.771000000000000000e+03 5.970367970917373896e+03 6.132379626989364624e+03 6.291000000000000000e+03 6.346600000000000364e+03 6.356000000000000000e+03 6.368000000000000000e+03 6.371000000000000000e+03
3.053750000000000000e+02 6.107500000000000000e+02 9.161250000000000000e+02 1.207671286106109619e+03 1.503812500000000000e+03 1.786125000000000000e+03 2.068437500000000000e+03 2.350750000000000000e+03 2.633062500000000000e+03 2.915375000000000000e+03 3.197687500000000000e+03 3.478202033042907715e+03 3.620495135784149170e+03 3.876250000000000000e+03 4.122500000000000000e+03 4.368750000000000000e+03 4.615000000000000000e+03 4.861250000000000000e+03 5.107500000000000000e+03 5.353750000000000000e+03 5.600000000000000000e+03 5.689091175258159637e+03 5.771000000000000000e+03 5.974121959418058395e+03 6.132018688678741455e+03 6.291000000000000000e+03 6.346600000000000364e+03 6.356000000000000000e+03 6.368000000000000000e+03 6.371000000000000000e+03
3.053750000000000000e+02 6.107500000000000000e+02 9.161250000000000000e+02 1.205123529672622681e+03 1.503812500000000000e+03 1.786125000000000000e+03 2.068437500000000000e+03 2.350750000000000000e+03 2.633062500000000000e+03 2.915375000000000000e+03 3.197687500000000000e+03 3.476517421007156372e+03 3.644184415340423584e+03 3.876250000000000000e+03 4.122500000000000000e+03 4.368750000000000000e+03 4.615000000000000000e+03 4.861250000000000000e+03 5.107500000000000000e+03 5.353750000000000000e+03 5.600000000000000000e+03 5.688398859560489655e+03 5.771000000000000000e+03 5.947423831582069397e+03 6.117876122951507568e+03 6.291000000000000000e+03 6.346600000000000364e+03 6.356000000000000000e+03 6.368000000000000000e+03 6.371000000000000000e+03
3.053750000000000000e+02 6.107500000000000000e+02 9.161250000000000000e+02 1.204880156755447388e+03 1.503812500000000000e+03 1.786125000000000000e+03 2.068437500000000000e+03 2.350750000000000000e+03 2.633062500000000000e+03 2.915375000000000000e+03 3.197687500000000000e+03 3.480712857842445374e+03 3.631307536661624908e+03 3.876250000000000000e+03 4.122500000000000000e+03 4.368750000000000000e+03 4.615000000000000000e+03 4.861250000000000000e+03 5.107500000000000000e+03 5.353750000000000000e+03 5.600000000000000000e+03 5.702516816467046738e+03 5.771000000000000000e+03 5.959891262114048004e+03 6.133633546590805054e+03 6.291000000000000000e+03 6.346600000000000364e+03 6.356000000000000000e+03 6.368000000000000000e+03 6.371000000000000000e+03
3.053750000000000000e+02 6.107500000000000000e+02 9.161250000000000000e+02 1.211296856641769409e+03 1.503812500000000000e+03 1.786125000000000000e+03 2.068437500000000000e+03 2.350750000000000000e+03 2.633062500000000000e+03 2.915375000000000000e+03 3.197687500000000000e+03 3.476981645822525024e+03 3.620881573557853699e+03 3.876250000000000000e+03 4.122500000000000000e+03 4.368750000000000000e+03 4.615000000000000000e+03 4.861250000000000000e+03 5.107500000000000000e+03 5.353750000000000000e+03 5.600000000000000000e+03 5.706411699563264847e+03 5.771000000000000000e+03 5.964726109713315964e+03 6.144456134200096130e+03 6.291000000000000000e+03 6.346600000000000364e+03 6.356000000000000000e+03 6.368000000000000000e+03 6.371000000000000000e+03
3.053750000000000000e+02 6.107500000000000000e+02 9.161250000000000000e+02 1.208465082883834839e+03 1.503812500000000000e+03 1.786125000000000000e+03 2.068437500000000000e+03 2.350750000000000000e+03 2.633062500000000000e+03 2.915375000000000000e+03 3.197687500000000000e+03 3.477638101577758789e+03 3.638616510033607483e+03 3.876250000000000000e+03 4.122500000000000000e+03 4.368750000000000000e+03 4.615000000000000000e+03 4.861250000000000000e+03 5.107500000000000000e+03 5.353750000000000000e+03 5.600000000000000000e+03 5.713566985189914703e+03 5.771000000000000000e+03 5.945590178728103638e+03 6.129892207145690918e+03 6.291000000000000000e+03 6.346600000000000364e+03 6.356000000000000000e+03 6.368000000000000000e+03 6.371000000000000000e+03
3.053750000000000000e+02 6.107500000000000000e+02 9.161250000000000000e+02 1.211738593220710754e+03 1.503812500000000000e+03 1.786125000000000000e+03 2.068437500000000000e+03 2.350750000000000000e+03 2.633062500000000000e+03 2.915375000000000000e+03 3.197687500000000000e+03 3.478239896893501282e+03 3.636188907623291016e+03 3.876250000000000000e+03 4.122500000000000000e+03 4.368750000000000000e+03 4.615000000000000000e+03 4.861250000000000000e+03 5.107500000000000000e+03 5.353750000000000000e+03 5.600000000000000000e+03 5.703576913535594940e+03 5.771000000000000000e+03 5.976950745344161987e+03 6.138385159730911255e+03 6.291000000000000000e+03 6.346600000000000364e+03 6.356000000000000000e+03 6.368000000000000000e+03 6.371000000000000000e+03
3.053750000000000000e+02 6.107500000000000000e+02 9.161250000000000000e+02 1.205905052661895752e+03 1.503812500000000000e+03 1.786125000000000000e+03 2.068437500000000000e+03 2.350750000000000000e+03 2.633062500000000000e+03 2.915375000000000000e+03 3.197687500000000000e+03 3.479172593355178833e+03 3.624152212142944336e+03 3.876250000000000000e+03 4.122500000000000000e+03 4.368750000000000000e+03 4.615000000000000000e+03 4.861250000000000000e+03 5.107500000000000000e+03 5.353750000000000000e+03 5.600000000000000000e+03 5.703939935326576233e+03 5.771000000000000000e+03 5.969449695035815239e+03 6.134987851142883301e+03 6.291000000000000000e+03 6.346600000000000364e+03 6.356000000000000000e+03 6.368000000000000000e+03 6.371000000000000000e+03
3.053750000000000000e+02 6.107500000000000000e+02 9.161250000000000000e+02 1.209391553640365601e+03 1.503812500000000000e+03 1.786125000000000000e+03 2.068437500000000000e+03 2.350750000000000000e+03 2.633062500000000000e+03 2.915375000000000000e+03 3.197687500000000000e+03 3.480630108714103699e+03 3.637854555249214172e+03 3.876250000000000000e+03 4.122500000000000000e+03 4.368750000000000000e+03 4.615000000000000000e+03 4.861250000000000000e+03 5.107500000000000000e+03 5.353750000000000000e+03 5.600000000000000000e+03 5.701050103639950976e+03 5.771000000000000000e+03 5.966233392715454102e+03 6.139358736038208008e+03 6.291000000000000000e+03 6.346600000000000364e+03 6.356000000000000000e+03 6.368000000000000000e+03 6.371000000000000000e+03
3.053750000000000000e+02 6.107500000000000000e+02 9.161250000000000000e+02 1.215078546047210693e+03 1.503812500000000000e+03 1.786125000000000000e+03 2.068437500000000000e+03 2.350750000000000000e+03 2.633062500000000000e+03 2.915375000000000000e+03 3.197687500000000000e+03 3.483736905455589294e+03 3.639116743803024292e+03 3.876250000000000000e+03 4.122500000000000000e+03 4.368750000000000000e+03 4.615000000000000000e+03 4.861250000000000000e+03 5.107500000000000000e+03 5.353750000000000000e+03 5.600000000000000000e+03 5.696709373503923416e+03 5.771000000000000000e+03 5.968835085615515709e+03 6.139031735420227051e+03 6.291000000000000000e+03 6.346600000000000364e+03 6.356000000000000000e+03 6.368000000000000000e+03 6.371000000000000000e+03
3.053750000000000000e+02 6.107500000000000000e+02 9.161250000000000000e+02 1.208952379465103149e+03 1.503812500000000000e+03 1.786125000000000000e+03 2.068437500000000000e+03 2.350750000000000000e+03 2.633062500000000000e+03 2.915375000000000000e+03 3.197687500000000000e+03 3.477610364556312561e+03 3.624973214864730835e+03 3.876250000000000000e+03 4.122500000000000000e+03 4.368750000000000000e+03 4.615000000000000000e+03 4.861250000000000000e+03 5.107500000000000000e+03 5.353750000000000000e+03 5.600000000000000000e+03 5.703137411683797836e+03 5.771000000000000000e+03 5.964343360275030136e+03 6.130649188518524170e+03 6.291000000000000000e+03 6.346600000000000364e+03 6.356000000000000000e+03 6.368000000000000000e+03 6.371000000000000000e+03
3.053750000000000000e+02 6.107500000000000000e+02 9.161250000000000000e+02 1.203360985755920410e+03 1.503812500000000000e+03 1.786125000000000000e+03 2.068437500000000000e+03 2.350750000000000000e+03 2.633062500000000000e+03 2.915375000000000000e+03 3.197687500000000000e+03 3.479610601067543030e+03 3.628739993274211884e+03 3.876250000000000000e+03 4.122500000000000000e+03 4.368750000000000000e+03 4.615000000000000000e+03 4.861250000000000000e+03 5.107500000000000000e+03 5.353750000000000000e+03 5.600000000000000000e+03 5.680259570240974426e+03 5.771000000000000000e+03 5.990151873588562012e+03 6.143244611978530884e+03 6.291000000000000000e+03 6.346600000000000364e+03 6.356000000000000000e+03 6.368000000000000000e+03 6.371000000000000000e+03
3.053750000000000000e+02 6.107500000000000000e+02 9.161250000000000000e+02 1.209733933448791504e+03 1.503812500000000000e+03 1.786125000000000000e+03 2.068437500000000000e+03 2.350750000000000000e+03 2.633062500000000000e+03 2.915375000000000000e+03 3.197687500000000000e+03 3.478711166977882385e+03 3.633129714429378510e+03 3.876250000000000000e+03 4.122500000000000000e+03 4.368750000000000000e+03 4.615000000000000000e+03 4.861250000000000000e+03 5.107500000000000000e+03 5.353750000000000000e+03 5.600000000000000000e+03 5.667041592359542847e+03 5.771000000000000000e+03 5.969653256818652153e+03 6.144744502067565918e+03 6.291000000000000000e+03 6.346600000000000364e+03 6.356000000000000000e+03 6.368000000000000000e+03 6.371000000000000000e+03
3.053750000000000000e+02 6.107500000000000000e+02 9.161250000000000000e+02 1.204224282741546631e+03 1.503812500000000000e+03 1.786125000000000000e+03 2.068437500000000000e+03 2.350750000000000000e+03 2.633062500000000000e+03 2.915375000000000000e+03 3.197687500000000000e+03 3.480094015598297119e+03 3.627044254243373871e+03 3.876250000000000000e+03 4.122500000000000000e+03 4.368750000000000000e+03 4.615000000000000000e+03 4.861250000000000000e+03 5.107500000000000000e+03 5.353750000000000000e+03 5.600000000000000000e+03 5.682375479102134705e+03 5.771000000000000000e+03 5.974452840074896812e+03 6.137795161962509155e+03 6.291000000000000000e+03 6.346600000000000364e+03 6.356000000000000000e+03 6.368000000000000000e+03 6.371000000000000000e+03
3.053750000000000000e+02 6.107500000000000000e+02 9.161250000000000000e+02 1.202314720392227173e+03 1.503812500000000000e+03 1.786125000000000000e+03 2.068437500000000000e+03 2.350750000000000000e+03 2.633062500000000000e+03 2.915375000000000000e+03 3.197687500000000000e+03 3.479930725693702698e+03 3.635797310471534729e+03 3.876250000000000000e+03 4.122500000000000000e+03 4.368750000000000000e+03 4.615000000000000000e+03 4.861250000000000000e+03 5.107500000000000000e+03 5.353750000000000000e+03 5.600000000000000000e+03 5.692758952140808105e+03 5.771000000000000000e+03 5.959082355260848999e+03 6.130787008762359619e+03 6.291000000000000000e+03 6.346600000000000364e+03 6.356000000000000000e+03 6.368000000000000000e+03 6.371000000000000000e+03
3.053750000000000000e+02 6.107500000000000000e+02 9.161250000000000000e+02 1.207388473987579346e+03 1.503812500000000000e+03 1.786125000000000000e+03 2.068437500000000000e+03 2.350750000000000000e+03 2.633062500000000000e+03 2.915375000000000000e+03 3.197687500000000000e+03 3.480123341083526611e+03 3.651942420005798340e+03 3.876250000000000000e+03 4.122500000000000000e+03 4.368750000000000000e+03 4.615000000000000000e+03 4.861250000000000000e+03 5.107500000000000000e+03 5.353750000000000000e+03 5.600000000000000000e+03 5.699601738288998604e+03 5.771000000000000000e+03 5.966216477811336517e+03 6.141074694752693176e+03 6.291000000000000000e+03 6.346600000000000364e+03 6.356000000000000000e+03 6.368000000000000000e+03 6.371000000000000000e+03
3.053750000000000000e+02 6.107500000000000000e+02 9.161250000000000000e+02 1.201342126369476318e+03 1.503812500000000000e+03 1.786125000000000000e+03 2.068437500000000000e+03 2.350750000000000000e+03 2.633062500000000000e+03 2.915375000000000000e+03 3.197687500000000000e+03 3.477539443969726562e+03 3.628479793220758438e+03 3.876250000000000000e+03 4.122500000000000000e+03 4.368750000000000000e+03 4.615000000000000000e+03 4.861250000000000000e+03 5.107500000000000000e+03 5.353750000000000000e+03 5.600000000000000000e+03 5.693588329613208771e+03 5.771000000000000000e+03 5.967109061986207962e+03 6.138020540237426758e+03 6.291000000000000000e+03 6.346600000000000364e+03 6.356000000000000000e+03 6.368000000000000000e+03 6.371000000000000000e+03
3.053750000000000000e+02 6.107500000000000000e+02 9.161250000000000000e+02 1.204899636745452881e+03 1.503812500000000000e+03 1.786125000000000000e+03 2.068437500000000000e+03 2.350750000000000000e+03 2.633062500000000000e+03 2.915375000000000000e+03 3.197687500000000000e+03 3.475366404652595520e+03 3.630034177603665739e+03 3.876250000000000000e+03 4.122500000000000000e+03 4.368750000000000000e+03 4.615000000000000000e+03 4.861250000000000000e+03 5.107500000000000000e+03 5.353750000000000000e+03 5.600000000000000000e+03 5.703619107142090797e+03 5.771000000000000000e+03 5.986526735782623291e+03 6.134271996974945068e+03 6.291000000000000000e+03 6.346600000000000364e+03 6.356000000000000000e+03 6.368000000000000000e+03 6.371000000000000000e+03
3.053750000000000000e+02 6.107500000000000000e+02 9.161250000000000000e+02 1.208968740940093994e+03 1.503812500000000000e+03 1.786125000000000000e+03 2.068437500000000000e+03 2.350750000000000000e+03 2.633062500000000000e+03 2.915375000000000000e+03 3.197687500000000000e+03 3.478381025791168213e+03 3.633994871675968170e+03 3.876250000000000000e+03 4.122500000000000000e+03 4.368750000000000000e+03 4.615000000000000000e+03 4.861250000000000000e+03 5.107500000000000000e+03 5.353750000000000000e+03 5.600000000000000000e+03 5.695891052544116974e+03 5.771000000000000000e+03 5.978465582787990570e+03 6.151156397931277752e+03 6.291000000000000000e+03 6.346600000000000364e+03 6.356000000000000000e+03 6.368000000000000000e+03 6.371000000000000000e+03
3.053750000000000000e+02 6.107500000000000000e+02 9.161250000000000000e+02 1.199049738883972168e+03 1.503812500000000000e+03 1.786125000000000000e+03 2.068437500000000000e+03 2.350750000000000000e+03 2.633062500000000000e+03 2.915375000000000000e+03 3.197687500000000000e+03 3.480350929498672485e+03 3.630137518737465143e+03 3.876250000000000000e+03 4.122500000000000000e+03 4.368750000000000000e+03 4.615000000000000000e+03 4.861250000000000000e+03 5.107500000000000000e+03 5.353750000000000000e+03 5.600000000000000000e+03 5.712866245567798615e+03 5.771000000000000000e+03 5.957279684603214264e+03 6.138895516157150269e+03 6.291000000000000000e+03 6.346600000000000364e+03 6.356000000000000000e+03 6.368000000000000000e+03 6.371000000000000000e+03
3.053750000000000000e+02 6.107500000000000000e+02 9.161250000000000000e+02 1.204637588500976562e+03 1.503812500000000000e+03 1.786125000000000000e+03 2.068437500000000000e+03 2.350750000000000000e+03 2.633062500000000000e+03 2.915375000000000000e+03 3.197687500000000000e+03 3.477208030223846436e+03 3.624697681069374084e+03 3.876250000000000000e+03 4.122500000000000000e+03 4.368750000000000000e+03 4.615000000000000000e+03 4.861250000000000000e+03 5.107500000000000000e+03 5.353750000000000000e+03 5.600000000000000000e+03 5.702257168464362621e+03 5.771000000000000000e+03 5.964058445304632187e+03 6.132201057434082031e+03 6.291000000000000000e+03 6.346600000000000364e+03 6.356000000000000000e+03 6.368000000000000000e+03 6.371000000000000000e+03
3.053750000000000000e+02 6.107500000000000000e+02 9.161250000000000000e+02 1.199172216892242432e+03 1.503812500000000000e+03 1.786125000000000000e+03 2.068437500000000000e+03 2.350750000000000000e+03 2.633062500000000000e+03 2.915375000000000000e+03 3.197687500000000000e+03 3.476993724703788757e+03 3.614425598382949829e+03 3.876250000000000000e+03 4.122500000000000000e+03 4.368750000000000000e+03 4.615000000000000000e+03 4.861250000000000000e+03 5.107500000000000000e+03 5.353750000000000000e+03 5.600000000000000000e+03 5.681718425512313843e+03 5.771000000000000000e+03 5.972759952902793884e+03 6.132586036682128906e+03 6.291000000000000000e+03 6.346600000000000364e+03 6.356000000000000000e+03 6.368000000000000000e+03 6.371000000000000000e+03
3.053750000000000000e+02 6.107500000000000000e+02 9.161250000000000000e+02 1.204672295093536377e+03 1.503812500000000000e+03 1.786125000000000000e+03 2.068437500000000000e+03 2.350750000000000000e+03 2.633062500000000000e+03 2.915375000000000000e+03 3.197687500000000000e+03 3.478058639168739319e+03 3.617686295509338379e+03 3.876250000000000000e+03 4.122500000000000000e+03 4.368750000000000000e+03 4.615000000000000000e+03 4.861250000000000000e+03 5.107500000000000000e+03 5.353750000000000000e+03 5.600000000000000000e+03 5.679882841467857361e+03 5.771000000000000000e+03 5.972540152132511139e+03 6.125799339771270752e+03 6.291000000000000000e+03 6.346600000000000364e+03 6.356000000000000000e+03 6.368000000000000000e+03 6.371000000000000000e+03
3.053750000000000000e+02 6.107500000000000000e+02 9.161250000000000000e+02 1.203961317777633667e+03 1.503812500000000000e+03 1.786125000000000000e+03 2.068437500000000000e+03 2.350750000000000000e+03 2.633062500000000000e+03 2.915375000000000000e+03 3.197687500000000000e+03 3.476331371068954468e+03 3.640351927280426025e+03 3.876250000000000000e+03 4.122500000000000000e+03 4.368750000000000000e+03 4.615000000000000000e+03 4.861250000000000000e+03 5.107500000000000000e+03 5.353750000000000000e+03 5.600000000000000000e+03 5.695365185797214508e+03 5.771000000000000000e+03 5.955674968123435974e+03 6.120803826808929443e+03 6.291000000000000000e+03 6.346600000000000364e+03 6.356000000000000000e+03 6.368000000000000000e+03 6.371000000000000000e+03
3.053750000000000000e+02 6.107500000000000000e+02 9.161250000000000000e+02 1.202954098224639893e+03 1.503812500000000000e+03 1.786125000000000000e+03 2.068437500000000000e+03 2.350750000000000000e+03 2.633062500000000000e+03 2.915375000000000000e+03 3.197687500000000000e+03 3.478174394369125366e+03 3.628524423390626907e+03 3.876250000000000000e+03 4.122500000000000000e+03 4.368750000000000000e+03 4.615000000000000000e+03 4.861250000000000000e+03 5.107500000000000000e+03 5.353750000000000000e+03 5.600000000000000000e+03 5.691489589571952820e+03 5.771000000000000000e+03 5.973840799987316132e+03 6.138784764766693115e+03 6.291000000000000000e+03 6.346600000000000364e+03 6.356000000000000000e+03 6.368000000000000000e+03 6.371000000000000000e+03
3.053750000000000000e+02 6.107500000000000000e+02 9.161250000000000000e+02 1.206762373685836792e+03 1.503812500000000000e+03 1.786125000000000000e+03 2.068437500000000000e+03 2.350750000000000000e+03 2.633062500000000000e+03 2.915375000000000000e+03 3.197687500000000000e+03 3.480514851212501526e+03 3.649649506807327271e+03 3.876250000000000000e+03 4.122500000000000000e+03 4.368750000000000000e+03 4.615000000000000000e+03 4.861250000000000000e+03 5.107500000000000000e+03 5.353750000000000000e+03 5.600000000000000000e+03 5.684915060758590698e+03 5.771000000000000000e+03 5.976062682032585144e+03 6.138333784103393555e+03 6.291000000000000000e+03 6.346600000000000364e+03 6.356000000000000000e+03 6.368000000000000000e+03 6.371000000000000000e+03
3.053750000000000000e+02 6.107500000000000000e+02 9.161250000000000000e+02 1.204377422571182251e+03 1.503812500000000000e+03 1.786125000000000000e+03 2.068437500000000000e+03 2.350750000000000000e+03 2.633062500000000000e+03 2.915375000000000000e+03 3.197687500000000000e+03 3.479053032398223877e+03 3.621099913120269775e+03 3.876250000000000000e+03 4.122500000000000000e+03 4.368750000000000000e+03 4.615000000000000000e+03 4.861250000000000000e+03 5.107500000000000000e+03 5.353750000000000000e+03 5.600000000000000000e+03 5.706983619838953018e+03 5.771000000000000000e+03 5.945014469385147095e+03 6.125858305454254150e+03 6.291000000000000000e+03 6.346600000000000364e+03 6.356000000000000000e+03 6.368000000000000000e+03 6.371000000000000000e+03
3.053750000000000000e+02 6.107500000000000000e+02 9.161250000000000000e+02 1.203055650234222412e+03 1.503812500000000000e+03 1.786125000000000000e+03 2.068437500000000000e+03 2.350750000000000000e+03 2.633062500000000000e+03 2.915375000000000000e+03 3.197687500000000000e+03 3.478355222940444946e+03 3.636438565850257874e+03 3.876250000000000000e+03 4.122500000000000000e+03 4.368750000000000000e+03 4.615000000000000000e+03 4.861250000000000000e+03 5.107500000000000000e+03 5.353750000000000000e+03 5.600000000000000000e+03 5.705265739172697067e+03 5.771000000000000000e+03 5.948014459371566772e+03 6.124318908214569092e+03 6.291000000000000000e+03 6.346600000000000364e+03 6.356000000000000000e+03 6.368000000000000000e+03 6.371000000000000000e+03
3.053750000000000000e+02 6.107500000000000000e+02 9.161250000000000000e+02 1.206996784448623657e+03 1.503812500000000000e+03 1.786125000000000000e+03 2.068437500000000000e+03 2.350750000000000000e+03 2.633062500000000000e+03 2.915375000000000000e+03 3.197687500000000000e+03 3.477080076932907104e+03 3.639692701101303101e+03 3.876250000000000000e+03 4.122500000000000000e+03 4.368750000000000000e+03 4.615000000000000000e+03 4.861250000000000000e+03 5.107500000000000000e+03 5.353750000000000000e+03 5.600000000000000000e+03 5.687837474107742310e+03 5.771000000000000000e+03 5.976497140884399414e+03 6.132787650585174561e+03 6.291000000000000000e+03 6.346600000000000364e+03 6.356000000000000000e+03 6.368000000000000000e+03 6.371000000000000000e+03
3.053750000000000000e+02 6.107500000000000000e+02 9.161250000000000000e+02 1.204951727628707886e+03 1.503812500000000000e+03 1.786125000000000000e+03 2.068437500000000000e+03 2.350750000000000000e+03 2.633062500000000000e+03 2.915375000000000000e+03 3.197687500000000000e+03 3.477924880385398865e+03 3.629740545619279146e+03 3.876250000000000000e+03 4.122500000000000000e+03 4.368750000000000000e+03 4.615000000000000000e+03 4.861250000000000000e+03 5.107500000000000000e+03 5.353750000000000000e+03 5.600000000000000000e+03 5.711947359204292297e+03 5.771000000000000000e+03 5.972379542239010334e+03 6.138635277509689331e+03 6.291000000000000000e+03 6.346600000000000364e+03 6.356000000000000000e+03 6.368000000000000000e+03 6.371000000000000000e+03
3.053750000000000000e+02 6.107500000000000000e+02 9.161250000000000000e+02 1.199467932224273682e+03 1.503812500000000000e+03 1.786125000000000000e+03 2.068437500000000000e+03 2.350750000000000000e+03 2.633062500000000000e+03 2.915375000000000000e+03 3.197687500000000000e+03 3.478273075819015503e+03 3.629203500300645828e+03 3.876250000000000000e+03 4.122500000000000000e+03 4.368750000000000000e+03 4.615000000000000000e+03 4.861250000000000000e+03 5.107500000000000000e+03 5.353750000000000000e+03 5.600000000000000000e+03 5.688414519190788269e+03 5.771000000000000000e+03 5.979881258964538574e+03 6.148964354157447815e+03 6.291000000000000000e+03 6.346600000000000364e+03 6.356000000000000000e+03 6.368000000000000000e+03 6.371000000000000000e+03
3.053750000000000000e+02 6.107500000000000000e+02 9.161250000000000000e+02 1.207118408918380737e+03 1.503812500000000000e+03 1.786125000000000000e+03 2.068437500000000000e+03 2.350750000000000000e+03 2.633062500000000000e+03 2.915375000000000000e+03 3.197687500000000000e+03 3.480628588795661926e+03 3.626964913308620453e+03 3.876250000000000000e+03 4.122500000000000000e+03 4.368750000000000000e+03 4.615000000000000000e+03 4.861250000000000000e+03 5.107500000000000000e+03 5.353750000000000000e+03 5.600000000000000000e+03 5.688310801744461060e+03 5.771000000000000000e+03 5.972084138602018356e+03 6.140811786413192749e+03 6.291000000000000000e+03 6.346600000000000364e+03 6.356000000000000000e+03 6.368000000000000000e+03 6.371000000000000000e+03
3.053750000000000000e+02 6.107500000000000000e+02 9.161250000000000000e+02 1.207090902566909790e+03 1.503812500000000000e+03 1.786125000000000000e+03 2.068437500000000000e+03 2.350750000000000000e+03 2.633062500000000000e+03 2.915375000000000000e+03 3.197687500000000000e+03 3.478978857398033142e+03 3.634506230056285858e+03 3.876250000000000000e+03 4.122500000000000000e+03 4.368750000000000000e+03 4.615000000000000000e+03 4.861250000000000000e+03 5.107500000000000000e+03 5.353750000000000000e+03 5.600000000000000000e+03 5.698779427319765091e+03 5.771000000000000000e+03 5.965104555994272232e+03 6.129627903461456299e+03 6.291000000000000000e+03 6.346600000000000364e+03 6.356000000000000000e+03 6.368000000000000000e+03 6.371000000000000000e+03
3.053750000000000000e+02 6.107500000000000000e+02 9.161250000000000000e+02 1.208978413581848145e+03 1.503812500000000000e+03 1.786125000000000000e+03 2.068437500000000000e+03 2.350750000000000000e+03 2.633062500000000000e+03 2.915375000000000000e+03 3.197687500000000000e+03 3.475967076420783997e+03 3.641793806552886963e+03 3.876250000000000000e+03 4.122500000000000000e+03 4.368750000000000000e+03 4.615000000000000000e+03 4.861250000000000000e+03 5.107500000000000000e+03 5.353750000000000000e+03 5.600000000000000000e+03 5.681775309801101685e+03 5.771000000000000000e+03 5.974269732818007469e+03 6.129782453536987305e+03 6.291000000000000000e+03 6.346600000000000364e+03 6.356000000000000000e+03 6.368000000000000000e+03 6.371000000000000000e+03
3.053750000000000000e+02 6.107500000000000000e+02 9.161250000000000000e+02 1.200650168895721436e+03 1.503812500000000000e+03 1.786125000000000000e+03 2.068437500000000000e+03 2.350750000000000000e+03 2.633062500000000000e+03 2.915375000000000000e+03 3.197687500000000000e+03 3.478818452358245850e+03 3.622475389242172241e+03 3.876250000000000000e+03 4.122500000000000000e+03 4.368750000000000000e+03 4.615000000000000000e+03 4.861250000000000000e+03 5.107500000000000000e+03 5.353750000000000000e+03 5.600000000000000000e+03 5.697015609800815582e+03 5.771000000000000000e+03 5.966484796166419983e+03 6.143619410753250122e+03 6.291000000000000000e+03 6.346600000000000364e+03 6.356000000000000000e+03 6.368000000000000000e+03 6.371000000000000000e+03
3.053750000000000000e+02 6.107500000000000000e+02 9.161250000000000000e+02 1.205496154069900513e+03 1.503812500000000000e+03 1.786125000000000000e+03 2.068437500000000000e+03 2.350750000000000000e+03 2.633062500000000000e+03 2.915375000000000000e+03 3.197687500000000000e+03 3.481063559651374817e+03 3.627449188828468323e+03 3.876250000000000000e+03 4.122500000000000000e+03 4.368750000000000000e+03 4.615000000000000000e+03 4.861250000000000000e+03 5.107500000000000000e+03 5.353750000000000000e+03 5.600000000000000000e+03 5.699480347655713558e+03 5.771000000000000000e+03 5.954085401654243469e+03 6.137370056867599487e+03 6.291000000000000000e+03 6.346600000000000364e+03 6.356000000000000000e+03 6.368000000000000000e+03 6.371000000000000000e+03
3.053750000000000000e+02 6.107500000000000000e+02 9.161250000000000000e+02 1.204715123414993286e+03 1.503812500000000000e+03 1.786125000000000000e+03 2.068437500000000000e+03 2.350750000000000000e+03 2.633062500000000000e+03 2.915375000000000000e+03 3.197687500000000000e+03 3.479217028617858887e+03 3.648939154148101807e+03 3.876250000000000000e+03 4.122500000000000000e+03 4.368750000000000000e+03 4.615000000000000000e+03 4.861250000000000000e+03 5.107500000000000000e+03 5.353750000000000000e+03 5.600000000000000000e+03 5.696830808728933334e+03 5.771000000000000000e+03 5.962728007495403290e+03 6.140435518980026245e+03 6.291000000000000000e+03 6.346600000000000364e+03 6.356000000000000000e+03 6.368000000000000000e+03 6.371000000000000000e+03
3.053750000000000000e+02 6.107500000000000000e+02 9.161250000000000000e+02 1.204681636333465576e+03 1.503812500000000000e+03 1.786125000000000000e+03 2.068437500000000000e+03 2.350750000000000000e+03 2.633062500000000000e+03 2.915375000000000000e+03 3.197687500000000000e+03 3.475253465771675110e+03 3.618274385929107666e+03 3.876250000000000000e+03 4.122500000000000000e+03 4.368750000000000000e+03 4.615000000000000000e+03 4.861250000000000000e+03 5.107500000000000000e+03 5.353750000000000000e+03 5.600000000000000000e+03 5.687946716010570526e+03 5.771000000000000000e+03 5.973475743740797043e+03 6.128941753864288330e+03 6.291000000000000000e+03 6.346600000000000364e+03 6.356000000000000000e+03 6.368000000000000000e+03 6.371000000000000000e+03
3.053750000000000000e+02 6.107500000000000000e+02 9.161250000000000000e+02 1.203415079355239868e+03 1.503812500000000000e+03 1.786125000000000000e+03 2.068437500000000000e+03 2.350750000000000000e+03 2.633062500000000000e+03 2.915375000000000000e+03 3.197687500000000000e+03 3.479342555999755859e+03 3.623609783053398132e+03 3.876250000000000000e+03 4.122500000000000000e+03 4.368750000000000000e+03 4.615000000000000000e+03 4.861250000000000000e+03 5.107500000000000000e+03 5.353750000000000000e+03 5.600000000000000000e+03 5.675951531291007996e+03 5.771000000000000000e+03 5.990140799641609192e+03 6.149791947141289711e+03 6.291000000000000000e+03 6.346600000000000364e+03 6.356000000000000000e+03 6.368000000000000000e+03 6.371000000000000000e+03
3.053750000000000000e+02 6.107500000000000000e+02 9.161250000000000000e+02 1.207925081491470337e+03 1.503812500000000000e+03 1.786125000000000000e+03 2.068437500000000000e+03 2.350750000000000000e+03 2.633062500000000000e+03 2.915375000000000000e+03 3.197687500000000000e+03 3.480151510238647461e+03 3.629292607083916664e+03 3.876250000000000000e+03 4.122500000000000000e+03 4.368750000000000000e+03 4.615000000000000000e+03 4.861250000000000000e+03 5.107500000000000000e+03 5.353750000000000000e+03 5.600000000000000000e+03 5.706921673774719238e+03 5.771000000000000000e+03 5.958876437604427338e+03 6.136232328176498413e+03 6.291000000000000000e+03 6.346600000000000364e+03 6.356000000000000000e+03 6.368000000000000000e+03 6.371000000000000000e+03
3.053750000000000000e+02 6.107500000000000000e+02 9.161250000000000000e+02 1.197458487987518311e+03 1.503812500000000000e+03 1.786125000000000000e+03 2.068437500000000000e+03 2.350750000000000000e+03 2.633062500000000000e+03 2.915375000000000000e+03 3.197687500000000000e+03 3.478798869252204895e+03 3.640244879722595215e+03 3.876250000000000000e+03 4.122500000000000000e+03 4.368750000000000000e+03 4.615000000000000000e+03 4.861250000000000000e+03 5.107500000000000000e+03 5.353750000000000000e+03 5.600000000000000000e+03 5.700169638939201832e+03 5.771000000000000000e+03 5.973313319668173790e+03 6.134738448619842529e+03 6.291000000000000000e+03 6.346600000000000364e+03 6.356000000000000000e+03 6.368000000000000000e+03 6.371000000000000000e+03
3.053750000000000000e+02 6.107500000000000000e+02 9.161250000000000000e+02 1.198130892753601074e+03 1.503812500000000000e+03 1.786125000000000000e+03 2.068437500000000000e+03 2.350750000000000000e+03 2.633062500000000000e+03 2.915375000000000000e+03 3.197687500000000000e+03 3.477035480737686157e+03 3.632763793170452118e+03 3.876250000000000000e+03 4.122500000000000000e+03 4.368750000000000000e+03 4.615000000000000000e+03 4.861250000000000000e+03 5.107500000000000000e+03 5.353750000000000000e+03 5.600000000000000000e+03 5.687118710041046143e+03 5.771000000000000000e+03 5.972819693855941296e+03 6.141750375986099243e+03 6.291000000000000000e+03 6.346600000000000364e+03 6.356000000000000000e+03 6.368000000000000000e+03 6.371000000000000000e+03
3.053750000000000000e+02 6.107500000000000000e+02 9.161250000000000000e+02 1.206030872106552124e+03 1.503812500000000000e+03 1.786125000000000000e+03 2.068437500000000000e+03 2.350750000000000000e+03 2.633062500000000000e+03 2.915375000000000000e+03 3.197687500000000000e+03 3.477310779690742493e+03 3.625505225956439972e+03 3.876250000000000000e+03 4.122500000000000000e+03 4.368750000000000000e+03 4.615000000000000000e+03 4.861250000000000000e+03 5.107500000000000000e+03 5.353750000000000000e+03 5.600000000000000000e+03 5.693041422724723816e+03 5.771000000000000000e+03 5.979418330252170563e+03 6.146239314436912537e+03 6.291000000000000000e+03 6.346600000000000364e+03 6.356000000000000000e+03 6.368000000000000000e+03 6.371000000000000000e+03
3.053750000000000000e+02 6.107500000000000000e+02 9.161250000000000000e+02 1.204809320211410522e+03 1.503812500000000000e+03 1.786125000000000000e+03 2.068437500000000000e+03 2.350750000000000000e+03 2.633062500000000000e+03 2.915375000000000000e+03 3.197687500000000000e+03 3.479194054007530212e+03 3.646658009290695190e+03 3.876250000000000000e+03 4.122500000000000000e+03 4.368750000000000000e+03 4.615000000000000000e+03 4.861250000000000000e+03 5.107500000000000000e+03 5.353750000000000000e+03 5.600000000000000000e+03 5.694659903407096863e+03 5.771000000000000000e+03 5.958818555533885956e+03 6.136092765092849731e+03 6.291000000000000000e+03 6.346600000000000364e+03 6.356000000000000000e+03 6.368000000000000000e+03 6.371000000000000000e+03
3.053750000000000000e+02 6.107500000000000000e+02 9.161250000000000000e+02 1.210743201017379761e+03 1.503812500000000000e+03 1.786125000000000000e+03 2.068437500000000000e+03 2.350750000000000000e+03 2.633062500000000000e+03 2.915375000000000000e+03 3.197687500000000000e+03 3.479663696885108948e+03 3.637310773134231567e+03 3.876250000000000000e+03 4.122500000000000000e+03 4.368750000000000000e+03 4.615000000000000000e+03 4.861250000000000000e+03 5.107500000000000000e+03 5.353750000000000000e+03 5.600000000000000000e+03 5.703790175750851631e+03 5.771000000000000000e+03 5.960913796186447144e+03 6.141048170089721680e+03 6.291000000000000000e+03 6.346600000000000364e+03 6.356000000000000000e+03 6.368000000000000000e+03 6.371000000000000000e+03
3.053750000000000000e+02 6.107500000000000000e+02 9.161250000000000000e+02 1.211002062797546387e+03 1.503812500000000000e+03 1.786125000000000000e+03 2.068437500000000000e+03 2.350750000000000000e+03 2.633062500000000000e+03 2.915375000000000000e+03 3.197687500000000000e+03 3.476089596748352051e+03 3.642680896520614624e+03 3.876250000000000000e+03 4.122500000000000000e+03 4.368750000000000000e+03 4.615000000000000000e+03 4.861250000000000000e+03 5.107500000000000000e+03 5.353750000000000000e+03 5.600000000000000000e+03 5.696817612707614899e+03 5.771000000000000000e+03 5.967135261356830597e+03 6.123562785148620605e+03 6.291000000000000000e+03 6.346600000000000364e+03 6.356000000000000000e+03 6.368000000000000000e+03 6.371000000000000000e+03
3.053750000000000000e+02 6.107500000000000000e+02 9.161250000000000000e+02 1.203914731979370117e+03 1.503812500000000000e+03 1.786125000000000000e+03 2.068437500000000000e+03 2.350750000000000000e+03 2.633062500000000000e+03 2.915375000000000000e+03 3.197687500000000000e+03 3.480303576588630676e+03 3.631997611075639725e+03 3.876250000000000000e+03 4.122500000000000000e+03 4.368750000000000000e+03 4.615000000000000000e+03 4.861250000000000000e+03 5.107500000000000000e+03 5.353750000000000000e+03 5.600000000000000000e+03 5.714954986333847046e+03 5.771000000000000000e+03 5.966149186551570892e+03 6.145781166315078735e+03 6.291000000000000000e+03 6.346600000000000364e+03 6.356000000000000000e+03 6.368000000000000000e+03 6.371000000000000000e+03
3.053750000000000000e+02 6.107500000000000000e+02 9.161250000000000000e+02 1.206890288829803467e+03 1.503812500000000000e+03 1.786125000000000000e+03 2.068437500000000000e+03 2.350750000000000000e+03 2.633062500000000000e+03 2.915375000000000000e+03 3.197687500000000000e+03 3.480209320783615112e+03 3.637053701281547546e+03 3.876250000000000000e+03 4.122500000000000000e+03 4.368750000000000000e+03 4.615000000000000000e+03 4.861250000000000000e+03 5.107500000000000000e+03 5.353750000000000000e+03 5.600000000000000000e+03 5.693202911376953125e+03 5.771000000000000000e+03 5.976901125818490982e+03 6.141799578428268433e+03 6.291000000000000000e+03 6.346600000000000364e+03 6.356000000000000000e+03 6.368000000000000000e+03 6.371000000000000000e+03
3.053750000000000000e+02 6.107500000000000000e+02 9.161250000000000000e+02 1.204343102216720581e+03 1.503812500000000000e+03 1.786125000000000000e+03 2.068437500000000000e+03 2.350750000000000000e+03 2.633062500000000000e+03 2.915375000000000000e+03 3.197687500000000000e+03 3.479966869950294495e+03 3.622025704979896545e+03 3.876250000000000000e+03 4.122500000000000000e+03 4.368750000000000000e+03 4.615000000000000000e+03 4.861250000000000000e+03 5.107500000000000000e+03 5.353750000000000000e+03 5.600000000000000000e+03 5.679413701653480530e+03 5.771000000000000000e+03 5.988259841561317444e+03 6.138577097415924072e+03 6.291000000000000000e+03 6.346600000000000364e+03 6.356000000000000000e+03 6.368000000000000000e+03 6.371000000000000000e+03
3.053750000000000000e+02 6.107500000000000000e+02 9.161250000000000000e+02 1.204215941667556763e+03 1.503812500000000000e+03 1.786125000000000000e+03 2.068437500000000000e+03 2.350750000000000000e+03 2.633062500000000000e+03 2.915375000000000000e+03 3.197687500000000000e+03 3.476461839675903320e+03 3.627742690294981003e+03 3.876250000000000000e+03 4.122500000000000000e+03 4.368750000000000000e+03 4.615000000000000000e+03 4.861250000000000000e+03 5.107500000000000000e+03 5.353750000000000000e+03 5.600000000000000000e+03 5.706582320243120193e+03 5.771000000000000000e+03 5.957674121320247650e+03 6.131211645364761353e+03 6.291000000000000000e+03 6.346600000000000364e+03 6.356000000000000000e+03 6.368000000000000000e+03 6.371000000000000000e+03
3.053750000000000000e+02 6.107500000000000000e+02 9.161250000000000000e+02 1.200062293052673340e+03 1.503812500000000000e+03 1.786125000000000000e+03 2.068437500000000000e+03 2.350750000000000000e+03 2.633062500000000000e+03 2.915375000000000000e+03 3.197687500000000000e+03 3.477807527780532837e+03 3.642872848510742188e+03 3.876250000000000000e+03 4.122500000000000000e+03 4.368750000000000000e+03 4.615000000000000000e+03 4.861250000000000000e+03 5.107500000000000000e+03 5.353750000000000000e+03 5.600000000000000000e+03 5.685676087498664856e+03 5.771000000000000000e+03 5.980806922376155853e+03 6.144568953871726990e+03 6.291000000000000000e+03 6.346600000000000364e+03 6.356000000000000000e+03 6.368000000000000000e+03 6.371000000000000000e+03
3.053750000000000000e+02 6.107500000000000000e+02 9.161250000000000000e+02 1.205496090888977051e+03 1.503812500000000000e+03 1.786125000000000000e+03 2.068437500000000000e+03 2.350750000000000000e+03 2.633062500000000000e+03 2.915375000000000000e+03 3.197687500000000000e+03 3.477741515636444092e+03 3.631468065381050110e+03 3.876250000000000000e+03 4.122500000000000000e+03 4.368750000000000000e+03 4.615000000000000000e+03 4.861250000000000000e+03 5.107500000000000000e+03 5.353750000000000000e+03 5.600000000000000000e+03 5.704730220496654510e+03 5.771000000000000000e+03 5.958031205594539642e+03 6.129904774188995361e+03 6.291000000000000000e+03 6.346600000000000364e+03 6.356000000000000000e+03 6.368000000000000000e+03 6.371000000000000000e+03
3.053750000000000000e+02 6.107500000000000000e+02 9.161250000000000000e+02 1.201710301876068115e+03 1.503812500000000000e+03 1.786125000000000000e+03 2.068437500000000000e+03 2.350750000000000000e+03 2.633062500000000000e+03 2.915375000000000000e+03 3.197687500000000000e+03 3.476851189136505127e+03 3.622953287363052368e+03 3.876250000000000000e+03 4.122500000000000000e+03 4.368750000000000000e+03 4.615000000000000000e+03 4.861250000000000000e+03 5.107500000000000000e+03 5.353750000000000000e+03 5.600000000000000000e+03 5.694719100654125214e+03 5.771000000000000000e+03 5.955482544660568237e+03 6.123547578811645508e+03 6.291000000000000000e+03 6.346600000000000364e+03 6.356000000000000000e+03 6.368000000000000000e+03 6.371000000000000000e+03
3.053750000000000000e+02 6.107500000000000000e+02 9.161250000000000000e+02 1.205598422527313232e+03 1.503812500000000000e+03 1.786125000000000000e+03 2.068437500000000000e+03 2.350750000000000000e+03 2.633062500000000000e+03 2.915375000000000000e+03 3.197687500000000000e+03 3.479756346344947815e+03 3.637628611326217651e+03 3.876250000000000000e+03 4.122500000000000000e+03 4.368750000000000000e+03 4.615000000000000000e+03 4.861250000000000000e+03 5.107500000000000000e+03 5.353750000000000000e+03 5.600000000000000000e+03 5.688600149512290955e+03 5.771000000000000000e+03 5.987593566536903381e+03 6.146879288017749786e+03 6.291000000000000000e+03 6.346600000000000364e+03 6.356000000000000000e+03 6.368000000000000000e+03 6.371000000000000000e+03
3.053750000000000000e+02 6.107500000000000000e+02 9.161250000000000000e+02 1.212049056529998779e+03 1.503812500000000000e+03 1.786125000000000000e+03 2.068437500000000000e+03 2.350750000000000000e+03 2.633062500000000000e+03 2.915375000000000000e+03 3.197687500000000000e+03 3.479413437843322754e+03 3.634939685761928558e+03 3.876250000000000000e+03 4.122500000000000000e+03 4.368750000000000000e+03 4.615000000000000000e+03 4.861250000000000000e+03 5.107500000000000000e+03 5.353750000000000000e+03 5.600000000000000000e+03 5.683479195594787598e+03 5.771000000000000000e+03 5.975225860089063644e+03 6.129735249042510986e+03 6.291000000000000000e+03 6.346600000000000364e+03 6.356000000000000000e+03 6.368000000000000000e+03 6.371000000000000000e+03
3.053750000000000000e+02 6.107500000000000000e+02 9.161250000000000000e+02 1.204491338968276978e+03 1.503812500000000000e+03 1.786125000000000000e+03 2.068437500000000000e+03 2.350750000000000000e+03 2.633062500000000000e+03 2.915375000000000000e+03 3.197687500000000000e+03 3.477413517236709595e+03 3.630646946132183075e+03 3.876250000000000000e+03 4.122500000000000000e+03 4.368750000000000000e+03 4.615000000000000000e+03 4.861250000000000000e+03 5.107500000000000000e+03 5.353750000000000000e+03 5.600000000000000000e+03 5.693120011448860168e+03 5.771000000000000000e+03 5.964514443635940552e+03 6.130367914199829102e+03 6.291000000000000000e+03 6.346600000000000364e+03 6.356000000000000000e+03 6.368000000000000000e+03 6.371000000000000000e+03
3.053750000000000000e+02 6.107500000000000000e+02 9.161250000000000000e+02 1.207690544366836548e+03 1.503812500000000000e+03 1.786125000000000000e+03 2.068437500000000000e+03 2.350750000000000000e+03 2.633062500000000000e+03 2.915375000000000000e+03 3.197687500000000000e+03 3.478226375579833984e+03 3.628921856284141541e+03 3.876250000000000000e+03 4.122500000000000000e+03 4.368750000000000000e+03 4.615000000000000000e+03 4.861250000000000000e+03 5.107500000000000000e+03 5.353750000000000000e+03 5.600000000000000000e+03 5.692653378605842590e+03 5.771000000000000000e+03 5.966101477652788162e+03 6.138517976760864258e+03 6.291000000000000000e+03 6.346600000000000364e+03 6.356000000000000000e+03 6.368000000000000000e+03 6.371000000000000000e+03
3.053750000000000000e+02 6.107500000000000000e+02 9.161250000000000000e+02 1.203912956953048706e+03 1.503812500000000000e+03 1.786125000000000000e+03 2.068437500000000000e+03 2.350750000000000000e+03 2.633062500000000000e+03 2.915375000000000000e+03 3.197687500000000000e+03 3.478338128328323364e+03 3.627932120263576508e+03 3.876250000000000000e+03 4.122500000000000000e+03 4.368750000000000000e+03 4.615000000000000000e+03 4.861250000000000000e+03 5.107500000000000000e+03 5.353750000000000000e+03 5.600000000000000000e+03 5.695354544132947922e+03 5.771000000000000000e+03 5.987789800524711609e+03 6.148994930595159531e+03 6.291000000000000000e+03 6.346600000000000364e+03 6.356000000000000000e+03 6.368000000000000000e+03 6.371000000000000000e+03
3.053750000000000000e+02 6.107500000000000000e+02 9.161250000000000000e+02 1.206325870990753174e+03 1.503812500000000000e+03 1.786125000000000000e+03 2.068437500000000000e+03 2.350750000000000000e+03 2.633062500000000000e+03 2.915375000000000000e+03 3.197687500000000000e+03 3.477077463269233704e+03 3.626240810751914978e+03 3.876250000000000000e+03 4.122500000000000000e+03 4.368750000000000000e+03 4.615000000000000000e+03 4.861250000000000000e+03 5.107500000000000000e+03 5.353750000000000000e+03 5.600000000000000000e+03 5.709966239392757416e+03 5.771000000000000000e+03 5.965604048132896423e+03 6.136975549221038818e+03 6.291000000000000000e+03 6.346600000000000364e+03 6.356000000000000000e+03 6.368000000000000000e+03 6.371000000000000000e+03
3.053750000000000000e+02 6.107500000000000000e+02 9.161250000000000000e+02 1.201084019184112549e+03 1.503812500000000000e+03 1.786125000000000000e+03 2.068437500000000000e+03 2.350750000000000000e+03 2.633062500000000000e+03 2.915375000000000000e+03 3.197687500000000000e+03 3.479408562183380127e+03 3.634491564333438873e+03 3.876250000000000000e+03 4.122500000000000000e+03 4.368750000000000000e+03 4.615000000000000000e+03 4.861250000000000000e+03 5.107500000000000000e+03 5.353750000000000000e+03 5.600000000000000000e+03 5.687055560111999512e+03 5.771000000000000000e+03 5.970595908448100090e+03 6.141142783522605896e+03 6.291000000000000000e+03 6.346600000000000364e+03 6.356000000000000000e+03 6.368000000000000000e+03 6.371000000000000000e+03
3.053750000000000000e+02 6.107500000000000000e+02 9.161250000000000000e+02 1.204489103794097900e+03 1.503812500000000000e+03 1.786125000000000000e+03 2.068437500000000000e+03 2.350750000000000000e+03 2.633062500000000000e+03 2.915375000000000000e+03 3.197687500000000000e+03 3.476746389269828796e+03 3.619283432960510254e+03 3.876250000000000000e+03 4.122500000000000000e+03 4.368750000000000000e+03 4.615000000000000000e+03 4.861250000000000000e+03 5.107500000000000000e+03 5.353750000000000000e+03 5.600000000000000000e+03 5.695482666105031967e+03 5.771000000000000000e+03 5.958907961606979370e+03 6.132201481819152832e+03 6.291000000000000000e+03 6.346600000000000364e+03 6.356000000000000000e+03 6.368000000000000000e+03 6.371000000000000000e+03
3.053750000000000000e+02 6.107500000000000000e+02 9.161250000000000000e+02 1.203749823808670044e+03 1.503812500000000000e+03 1.786125000000000000e+03 2.068437500000000000e+03 2.350750000000000000e+03 2.633062500000000000e+03 2.915375000000000000e+03 3.197687500000000000e+03 3.479088339209556580e+03 3.636496011614799500e+03 3.876250000000000000e+03 4.122500000000000000e+03 4.368750000000000000e+03 4.615000000000000000e+03 4.861250000000000000e+03 5.107500000000000000e+03 5.353750000000000000e+03 5.600000000000000000e+03 5.691433817505836487e+03 5.771000000000000000e+03 5.983597649097442627e+03 6.143501704692840576e+03 6.291000000000000000e+03 6.346600000000000364e+03 6.356000000000000000e+03 6.368000000000000000e+03 6.371000000000000000e+03
3.053750000000000000e+02 6.107500000000000000e+02 9.161250000000000000e+02 1.203247300624847412e+03 1.503812500000000000e+03 1.786125000000000000e+03 2.068437500000000000e+03 2.350750000000000000e+03 2.633062500000000000e+03 2.915375000000000000e+03 3.197687500000000000e+03 3.478762999176979065e+03 3.619247652292251587e+03 3.876250000000000000e+03 4.122500000000000000e+03 4.368750000000000000e+03 4.615000000000000000e+03 4.861250000000000000e+03 5.107500000000000000e+03 5.353750000000000000e+03 5.600000000000000000e+03 5.687774147152900696e+03 5.771000000000000000e+03 5.963501299083232880e+03 6.139851974010467529e+03 6.291000000000000000e+03 6.346600000000000364e+03 6.356000000000000000e+03 6.368000000000000000e+03 6.371000000000000000e+03
3.053750000000000000e+02 6.107500000000000000e+02 9.161250000000000000e+02 1.209122338533401489e+03 1.503812500000000000e+03 1.786125000000000000e+03 2.068437500000000000e+03 2.350750000000000000e+03 2.633062500000000000e+03 2.915375000000000000e+03 3.197687500000000000e+03 3.478643506765365601e+03 3.639628624320030212e+03 3.876250000000000000e+03 4.122500000000000000e+03 4.368750000000000000e+03 4.615000000000000000e+03 4.861250000000000000e+03 5.107500000000000000e+03 5.353750000000000000e+03 5.600000000000000000e+03 5.682831034421920776e+03 5.771000000000000000e+03 5.969611529245972633e+03 6.134911138772964478e+03 6.291000000000000000e+03 6.346600000000000364e+03 6.356000000000000000e+03 6.368000000000000000e+03 6.371000000000000000e+03
3.053750000000000000e+02 6.107500000000000000e+02 9.161250000000000000e+02 1.205983306407928467e+03 1.503812500000000000e+03 1.786125000000000000e+03 2.068437500000000000e+03 2.350750000000000000e+03 2.633062500000000000e+03 2.915375000000000000e+03 3.197687500000000000e+03 3.476854255795478821e+03 3.625673646330833435e+03 3.876250000000000000e+03 4.122500000000000000e+03 4.368750000000000000e+03 4.615000000000000000e+03 4.861250000000000000e+03 5.107500000000000000e+03 5.353750000000000000e+03 5.600000000000000000e+03 5.693106592357158661e+03 5.771000000000000000e+03 5.972899191960692406e+03 6.142993902921676636e+03 6.291000000000000000e+03 6.346600000000000364e+03 6.356000000000000000e+03 6.368000000000000000e+03 6.371000000000000000e+03
3.053750000000000000e+02 6.107500000000000000e+02 9.161250000000000000e+02 1.205851402521133423e+03 1.503812500000000000e+03 1.786125000000000000e+03 2.068437500000000000e+03 2.350750000000000000e+03 2.633062500000000000e+03 2.915375000000000000e+03 3.197687500000000000e+03 3.479257020354270935e+03 3.626391311883926392e+03 3.876250000000000000e+03 4.122500000000000000e+03 4.368750000000000000e+03 4.615000000000000000e+03 4.861250000000000000e+03 5.107500000000000000e+03 5.353750000000000000e+03 5.600000000000000000e+03 5.688940016686916351e+03 5.771000000000000000e+03 5.972126437820494175e+03 6.134593796491622925e+03 6.291000000000000000e+03 6.346600000000000364e+03 6.356000000000000000e+03 6.368000000000000000e+03 6.371000000000000000e+03
3.053750000000000000e+02 6.107500000000000000e+02 9.161250000000000000e+02 1.206026910781860352e+03 1.503812500000000000e+03 1.786125000000000000e+03 2.068437500000000000e+03 2.350750000000000000e+03 2.633062500000000000e+03 2.915375000000000000e+03 3.197687500000000000e+03 3.477393689751625061e+03 3.644582319259643555e+03 3.876250000000000000e+03 4.122500000000000000e+03 4.368750000000000000e+03 4.615000000000000000e+03 4.861250000000000000e+03 5.107500000000000000e+03 5.353750000000000000e+03 5.600000000000000000e+03 5.699195698671042919e+03 5.771000000000000000e+03 5.954412629365921021e+03 6.118531936168670654e+03 6.291000000000000000e+03 6.346600000000000364e+03 6.356000000000000000e+03 6.368000000000000000e+03 6.371000000000000000e+03
3.053750000000000000e+02 6.107500000000000000e+02 9.161250000000000000e+02 1.199699079036712646e+03 1.503812500000000000e+03 1.786125000000000000e+03 2.068437500000000000e+03 2.350750000000000000e+03 2.633062500000000000e+03 2.915375000000000000e+03 3.197687500000000000e+03 3.475466161966323853e+03 3.643090661764144897e+03 3.876250000000000000e+03 4.122500000000000000e+03 4.368750000000000000e+03 4.615000000000000000e+03 4.861250000000000000e+03 5.107500000000000000e+03 5.353750000000000000e+03 5.600000000000000000e+03 5.685991179108619690e+03 5.771000000000000000e+03 5.975469906687736511e+03 6.136121916532516479e+03 6.291000000000000000e+03 6.346600000000000364e+03 6.356000000000000000e+03 6.368000000000000000e+03 6.371000000000000000e+03
3.053750000000000000e+02 6.107500000000000000e+02 9.161250000000000000e+02 1.206558232545852661e+03 1.503812500000000000e+03 1.786125000000000000e+03 2.068437500000000000e+03 2.350750000000000000e+03 2.633062500000000000e+03 2.915375000000000000e+03 3.197687500000000000e+03 3.478235998749732971e+03 3.612744220495223999e+03 3.876250000000000000e+03 4.122500000000000000e+03 4.368750000000000000e+03 4.615000000000000000e+03 4.861250000000000000e+03 5.107500000000000000e+03 5.353750000000000000e+03 5.600000000000000000e+03 5.707555992513895035e+03 5.771000000000000000e+03 5.965124103039503098e+03 6.142461468935012817e+03 6.291000000000000000e+03 6.346600000000000364e+03 6.356000000000000000e+03 6.368000000000000000e+03 6.371000000000000000e+03
3.053750000000000000e+02 6.107500000000000000e+02 9.161250000000000000e+02 1.205755697727203369e+03 1.503812500000000000e+03 1.786125000000000000e+03 2.068437500000000000e+03 2.350750000000000000e+03 2.633062500000000000e+03 2.915375000000000000e+03 3.197687500000000000e+03 3.476967823505401611e+03 3.630643164366483688e+03 3.876250000000000000e+03 4.122500000000000000e+03 4.368750000000000000e+03 4.615000000000000000e+03 4.861250000000000000e+03 5.107500000000000000e+03 5.353750000000000000e+03 5.600000000000000000e+03 5.700241365678608418e+03 5.771000000000000000e+03 5.973570120394229889e+03 6.140775869846343994e+03 6.291000000000000000e+03 6.346600000000000364e+03 6.356000000000000000e+03 6.368000000000000000e+03 6.371000000000000000e+03
3.053750000000000000e+02 6.107500000000000000e+02 9.161250000000000000e+02 1.206832351922988892e+03 1.503812500000000000e+03 1.786125000000000000e+03 2.068437500000000000e+03 2.350750000000000000e+03 2.633062500000000000e+03 2.915375000000000000e+03 3.197687500000000000e+03 3.475287982821464539e+03 3.622643275260925293e+03 3.876250000000000000e+03 4.122500000000000000e+03 4.368750000000000000e+03 4.615000000000000000e+03 4.861250000000000000e+03 5.107500000000000000e+03 5.353750000000000000e+03 5.600000000000000000e+03 5.675223839044570923e+03 5.771000000000000000e+03 5.969824647068977356e+03 6.130304597377777100e+03 6.291000000000000000e+03 6.346600000000000364e+03 6.356000000000000000e+03 6.368000000000000000e+03 6.371000000000000000e+03
3.053750000000000000e+02 6.107500000000000000e+02 9.161250000000000000e+02 1.203795043468475342e+03 1.503812500000000000e+03 1.786125000000000000e+03 2.068437500000000000e+03 2.350750000000000000e+03 2.633062500000000000e+03 2.915375000000000000e+03 3.197687500000000000e+03 3.477202767133712769e+03 3.621197693347930908e+03 3.876250000000000000e+03 4.122500000000000000e+03 4.368750000000000000e+03 4.615000000000000000e+03 4.861250000000000000e+03 5.107500000000000000e+03 5.353750000000000000e+03 5.600000000000000000e+03 5.705503026157617569e+03 5.771000000000000000e+03 5.966612205117940903e+03 6.133064423561096191e+03 6.291000000000000000e+03 6.346600000000000364e+03 6.356000000000000000e+03 6.368000000000000000e+03 6.371000000000000000e+03
3.053750000000000000e+02 6.107500000000000000e+02 9.161250000000000000e+02 1.211048922777175903e+03 1.503812500000000000e+03 1.786125000000000000e+03 2.068437500000000000e+03 2.350750000000000000e+03 2.633062500000000000e+03 2.915375000000000000e+03 3.197687500000000000e+03 3.476409402489662170e+03 3.619079469442367554e+03 3.876250000000000000e+03 4.122500000000000000e+03 4.368750000000000000e+03 4.615000000000000000e+03 4.861250000000000000e+03 5.107500000000000000e+03 5.353750000000000000e+03 5.600000000000000000e+03 5.682915590167045593e+03 5.771000000000000000e+03 5.965597971588373184e+03 6.135011207818984985e+03 6.291000000000000000e+03 6.346600000000000364e+03 6.356000000000000000e+03 6.368000000000000000e+03 6.371000000000000000e+03
3.053750000000000000e+02 6.107500000000000000e+02 9.161250000000000000e+02 1.201823984622955322e+03 1.503812500000000000e+03 1.786125000000000000e+03 2.068437500000000000e+03 2.350750000000000000e+03 2.633062500000000000e+03 2.915375000000000000e+03 3.197687500000000000e+03 3.478444325923919678e+03 3.626902253031730652e+03 3.876250000000000000e+03 4.122500000000000000e+03 4.368750000000000000e+03 4.615000000000000000e+03 4.861250000000000000e+03 5.107500000000000000e+03 5.353750000000000000e+03 5.600000000000000000e+03 5.695472332000732422e+03 5.771000000000000000e+03 5.968911489233374596e+03 6.136822180509567261e+03 6.291000000000000000e+03 6.346600000000000364e+03 6.356000000000000000e+03 6.368000000000000000e+03 6.371000000000000000e+03
3.053750000000000000e+02 6.107500000000000000e+02 9.161250000000000000e+02 1.208644445180892944e+03 1.503812500000000000e+03 1.786125000000000000e+03 2.068437500000000000e+03 2.350750000000000000e+03 2.633062500000000000e+03 2.915375000000000000e+03 3.197687500000000000e+03 3.477326989173889160e+03 3.625006240308284760e+03 3.876250000000000000e+03 4.122500000000000000e+03 4.368750000000000000e+03 4.615000000000000000e+03 4.861250000000000000e+03 5.107500000000000000e+03 5.353750000000000000e+03 5.600000000000000000e+03 5.693966327071189880e+03 5.771000000000000000e+03 5.978448597252368927e+03 6.140086436033248901e+03 6.291000000000000000e+03 6.346600000000000364e+03 6.356000000000000000e+03 6.368000000000000000e+03 6.371000000000000000e+03
3.053750000000000000e+02 6.107500000000000000e+02 9.161250000000000000e+02 1.204456385612487793e+03 1.503812500000000000e+03 1.786125000000000000e+03 2.068437500000000000e+03 2.350750000000000000e+03 2.633062500000000000e+03 2.915375000000000000e+03 3.197687500000000000e+03 3.477166512608528137e+03 3.632130358815193176e+03 3.876250000000000000e+03 4.122500000000000000e+03 4.368750000000000000e+03 4.615000000000000000e+03 4.861250000000000000e+03 5.107500000000000000e+03 5.353750000000000000e+03 5.600000000000000000e+03 5.686555380880832672e+03 5.771000000000000000e+03 5.972434926278889179e+03 6.137842985153198242e+03 6.291000000000000000e+03 6.346600000000000364e+03 6.356000000000000000e+03 6.368000000000000000e+03 6.371000000000000000e+03
3.053750000000000000e+02 6.107500000000000000e+02 9.161250000000000000e+02 1.202799117803573608e+03 1.503812500000000000e+03 1.786125000000000000e+03 2.068437500000000000e+03 2.350750000000000000e+03 2.633062500000000000e+03 2.915375000000000000e+03 3.197687500000000000e+03 3.479442256689071655e+03 3.626158041656017303e+03 3.876250000000000000e+03 4.122500000000000000e+03 4.368750000000000000e+03 4.615000000000000000e+03 4.861250000000000000e+03 5.107500000000000000e+03 5.353750000000000000e+03 5.600000000000000000e+03 5.692502102017402649e+03 5.771000000000000000e+03 5.953918945550918579e+03 6.129312957286834717e+03 6.291000000000000000e+03 6.346600000000000364e+03 6.356000000000000000e+03 6.368000000000000000e+03 6.371000000000000000e+03
3.053750000000000000e+02 6.107500000000000000e+02 9.161250000000000000e+02 1.205521410942077637e+03 1.503812500000000000e+03 1.786125000000000000e+03 2.068437500000000000e+03 2.350750000000000000e+03 2.633062500000000000e+03 2.915375000000000000e+03 3.197687500000000000e+03 3.475787287950515747e+03 3.615598007440567017e+03 3.876250000000000000e+03 4.122500000000000000e+03 4.368750000000000000e+03 4.615000000000000000e+03 4.861250000000000000e+03 5.107500000000000000e+03 5.353750000000000000e+03 5.600000000000000000e+03 5.686422455072402954e+03 5.771000000000000000e+03 5.970553147554397583e+03 6.134658016920089722e+03 6.291000000000000000e+03 6.346600000000000364e+03 6.356000000000000000e+03 6.368000000000000000e+03 6.371000000000000000e+03
3.053750000000000000e+02 6.107500000000000000e+02 9.161250000000000000e+02 1.206532390356063843e+03 1.503812500000000000e+03 1.786125000000000000e+03 2.068437500000000000e+03 2.350750000000000000e+03 2.633062500000000000e+03 2.915375000000000000e+03 3.197687500000000000e+03 3.478052121400833130e+03 3.635683543086051941e+03 3.876250000000000000e+03 4.122500000000000000e+03 4.368750000000000000e+03 4.615000000000000000e+03 4.861250000000000000e+03 5.107500000000000000e+03 5.353750000000000000e+03 5.600000000000000000e+03 5.673636657953262329e+03 5.771000000000000000e+03 5.963980174869298935e+03 6.131353266000747681e+03 6.291000000000000000e+03 6.346600000000000364e+03 6.356000000000000000e+03 6.368000000000000000e+03 6.371000000000000000e+03
3.053750000000000000e+02 6.107500000000000000e+02 9.161250000000000000e+02 1.209879340171813965e+03 1.503812500000000000e+03 1.786125000000000000e+03 2.068437500000000000e+03 2.350750000000000000e+03 2.633062500000000000e+03 2.915375000000000000e+03 3.197687500000000000e+03 3.478859049081802368e+03 3.631291430890560150e+03 3.876250000000000000e+03 4.122500000000000000e+03 4.368750000000000000e+03 4.615000000000000000e+03 4.861250000000000000e+03 5.107500000000000000e+03 5.353750000000000000e+03 5.600000000000000000e+03 5.687429524421691895e+03 5.771000000000000000e+03 5.970594961181282997e+03 6.130298579692840576e+03 6.291000000000000000e+03 6.346600000000000364e+03 6.356000000000000000e+03 6.368000000000000000e+03 6.371000000000000000e+03
3.053750000000000000e+02 6.107500000000000000e+02 9.161250000000000000e+02 1.200503815650939941e+03 1.503812500000000000e+03 1.786125000000000000e+03 2.068437500000000000e+03 2.350750000000000000e+03 2.633062500000000000e+03 2.915375000000000000e+03 3.197687500000000000e+03 3.476661473512649536e+03 3.645692403316497803e+03 3.876250000000000000e+03 4.122500000000000000e+03 4.368750000000000000e+03 4.615000000000000000e+03 4.861250000000000000e+03 5.107500000000000000e+03 5.353750000000000000e+03 5.600000000000000000e+03 5.694650162518024445e+03 5.771000000000000000e+03 5.971743975937366486e+03 6.132982021331787109e+03 6.291000000000000000e+03 6.346600000000000364e+03 6.356000000000000000e+03 6.368000000000000000e+03 6.371000000000000000e+03
3.053750000000000000e+02 6.107500000000000000e+02 9.161250000000000000e+02 1.198015965461730957e+03 1.503812500000000000e+03 1.786125000000000000e+03 2.068437500000000000e+03 2.350750000000000000e+03 2.633062500000000000e+03 2.915375000000000000e+03 3.197687500000000000e+03 3.473846182227134705e+03 3.619018346071243286e+03 3.876250000000000000e+03 4.122500000000000000e+03 4.368750000000000000e+03 4.615000000000000000e+03 4.861250000000000000e+03 5.107500000000000000e+03 5.353750000000000000e+03 5.600000000000000000e+03 5.705312909841537476e+03 5.771000000000000000e+03 5.964061443120241165e+03 6.126513560771942139e+03 6.291000000000000000e+03 6.346600000000000364e+03 6.356000000000000000e+03 6.368000000000000000e+03 6.371000000000000000e+03
3.053750000000000000e+02 6.107500000000000000e+02 9.161250000000000000e+02 1.210114404201507568e+03 1.503812500000000000e+03 1.786125000000000000e+03 2.068437500000000000e+03 2.350750000000000000e+03 2.633062500000000000e+03 2.915375000000000000e+03 3.197687500000000000e+03 3.477822962403297424e+03 3.627533287107944489e+03 3.876250000000000000e+03 4.122500000000000000e+03 4.368750000000000000e+03 4.615000000000000000e+03 4.861250000000000000e+03 5.107500000000000000e+03 5.353750000000000000e+03 5.600000000000000000e+03 5.692305281519889832e+03 5.771000000000000000e+03 5.982810545921325684e+03 6.141972820520401001e+03 6.291000000000000000e+03 6.346600000000000364e+03 6.356000000000000000e+03 6.368000000000000000e+03 6.371000000000000000e+03
3.053750000000000000e+02 6.107500000000000000e+02 9.161250000000000000e+02 1.202940781354904175e+03 1.503812500000000000e+03 1.786125000000000000e+03 2.068437500000000000e+03 2.350750000000000000e+03 2.633062500000000000e+03 2.915375000000000000e+03 3.197687500000000000e+03 3.476218011975288391e+03 3.646713734865188599e+03 3.876250000000000000e+03 4.122500000000000000e+03 4.368750000000000000e+03 4.615000000000000000e+03 4.861250000000000000e+03 5.107500000000000000e+03 5.353750000000000000e+03 5.600000000000000000e+03 5.682656880378723145e+03 5.771000000000000000e+03 5.977342817246913910e+03 6.133590384483337402e+03 6.291000000000000000e+03 6.346600000000000364e+03 6.356000000000000000e+03 6.368000000000000000e+03 6.371000000000000000e+03
3.053750000000000000e+02 6.107500000000000000e+02 9.161250000000000000e+02 1.207121767044067383e+03 1.503812500000000000e+03 1.786125000000000000e+03 2.068437500000000000e+03 2.350750000000000000e+03 2.633062500000000000e+03 2.915375000000000000e+03 3.197687500000000000e+03 3.478784978389739990e+03 3.624209590554237366e+03 3.876250000000000000e+03 4.122500000000000000e+03 4.368750000000000000e+03 4.615000000000000000e+03 4.861250000000000000e+03 5.107500000000000000e+03 5.353750000000000000e+03 5.600000000000000000e+03 5.704885626345872879e+03 5.771000000000000000e+03 5.961801182687282562e+03 6.133705590724945068e+03 6.291000000000000000e+03 6.346600000000000364e+03 6.356000000000000000e+03 6.368000000000000000e+03 6.371000000000000000e+03
3.053750000000000000e+02 6.107500000000000000e+02 9.161250000000000000e+02 1.203829832315444946e+03 1.503812500000000000e+03 1.786125000000000000e+03 2.068437500000000000e+03 2.350750000000000000e+03 2.633062500000000000e+03 2.915375000000000000e+03 3.197687500000000000e+03 3.477374225854873657e+03 3.617924947738647461e+03 3.876250000000000000e+03 4.122500000000000000e+03 4.368750000000000000e+03 4.615000000000000000e+03 4.861250000000000000e+03 5.107500000000000000e+03 5.353750000000000000e+03 5.600000000000000000e+03 5.689724754154682159e+03 5.771000000000000000e+03 5.975442655444145203e+03 6.140601914882659912e+03 6.291000000000000000e+03 6.346600000000000364e+03 6.356000000000000000e+03 6.368000000000000000e+03 6.371000000000000000e+03
3.053750000000000000e+02 6.107500000000000000e+02 9.161250000000000000e+02 1.204227622985839844e+03 1.503812500000000000e+03 1.786125000000000000e+03 2.068437500000000000e+03 2.350750000000000000e+03 2.633062500000000000e+03 2.915375000000000000e+03 3.197687500000000000e+03 3.475970315933227539e+03 3.615725749731063843e+03 3.876250000000000000e+03 4.122500000000000000e+03 4.368750000000000000e+03 4.615000000000000000e+03 4.861250000000000000e+03 5.107500000000000000e+03 5.353750000000000000e+03 5.600000000000000000e+03 5.688459630370140076e+03 5.771000000000000000e+03 5.970249285459518433e+03 6.128748756408691406e+03 6.291000000000000000e+03 6.346600000000000364e+03 6.356000000000000000e+03 6.368000000000000000e+03 6.371000000000000000e+03
3.053750000000000000e+02 6.107500000000000000e+02 9.161250000000000000e+02 1.207625825643539429e+03 1.503812500000000000e+03 1.786125000000000000e+03 2.068437500000000000e+03 2.350750000000000000e+03 2.633062500000000000e+03 2.915375000000000000e+03 3.197687500000000000e+03 3.479940593242645264e+03 3.648609135150909424e+03 3.876250000000000000e+03 4.122500000000000000e+03 4.368750000000000000e+03 4.615000000000000000e+03 4.861250000000000000e+03 5.107500000000000000e+03 5.353750000000000000e+03 5.600000000000000000e+03 5.694431086838245392e+03 5.771000000000000000e+03 5.964131794780492783e+03 6.134745564222335815e+03 6.291000000000000000e+03 6.346600000000000364e+03 6.356000000000000000e+03 6.368000000000000000e+03 6.371000000000000000e+03
3.053750000000000000e+02 6.107500000000000000e+02 9.161250000000000000e+02 1.207157701492309570e+03 1.503812500000000000e+03 1.786125000000000000e+03 2.068437500000000000e+03 2.350750000000000000e+03 2.633062500000000000e+03 2.915375000000000000e+03 3.197687500000000000e+03 3.479807016253471375e+03 3.620833749771118164e+03 3.876250000000000000e+03 4.122500000000000000e+03 4.368750000000000000e+03 4.615000000000000000e+03 4.861250000000000000e+03 5.107500000000000000e+03 5.353750000000000000e+03 5.600000000000000000e+03 5.673701549530029297e+03 5.771000000000000000e+03 5.957002892255783081e+03 6.136007605552673340e+03 6.291000000000000000e+03 6.346600000000000364e+03 6.356000000000000000e+03 6.368000000000000000e+03 6.371000000000000000e+03
3.053750000000000000e+02 6.107500000000000000e+02 9.161250000000000000e+02 1.208009829759597778e+03 1.503812500000000000e+03 1.786125000000000000e+03 2.068437500000000000e+03 2.350750000000000000e+03 2.633062500000000000e+03 2.915375000000000000e+03 3.197687500000000000e+03 3.477062675356864929e+03 3.630182206816971302e+03 3.876250000000000000e+03 4.122500000000000000e+03 4.368750000000000000e+03 4.615000000000000000e+03 4.861250000000000000e+03 5.107500000000000000e+03 5.353750000000000000e+03 5.600000000000000000e+03 5.708933023869991302e+03 5.771000000000000000e+03 5.959385870456695557e+03 6.138759239673614502e+03 6.291000000000000000e+03 6.346600000000000364e+03 6.356000000000000000e+03 6.368000000000000000e+03 6.371000000000000000e+03
3.053750000000000000e+02 6.107500000000000000e+02 9.161250000000000000e+02 1.204735909938812256e+03 1.503812500000000000e+03 1.786125000000000000e+03 2.068437500000000000e+03 2.350750000000000000e+03 2.633062500000000000e+03 2.915375000000000000e+03 3.197687500000000000e+03 3.477149847149848938e+03 3.618711217641830444e+03 3.876250000000000000e+03 4.122500000000000000e+03 4.368750000000000000e+03 4.615000000000000000e+03 4.861250000000000000e+03 5.107500000000000000e+03 5.353750000000000000e+03 5.600000000000000000e+03 5.700556612381711602e+03 5.771000000000000000e+03 5.954897640705108643e+03 6.132815333366394043e+03 6.291000000000000000e+03 6.346600000000000364e+03 6.356000000000000000e+03 6.368000000000000000e+03 6.371000000000000000e+03
3.053750000000000000e+02 6.107500000000000000e+02 9.161250000000000000e+02 1.200289803981781006e+03 1.503812500000000000e+03 1.786125000000000000e+03 2.068437500000000000e+03 2.350750000000000000e+03 2.633062500000000000e+03 2.915375000000000000e+03 3.197687500000000000e+03 3.476947250962257385e+03 3.626228911578655243e+03 3.876250000000000000e+03 4.122500000000000000e+03 4.368750000000000000e+03 4.615000000000000000e+03 4.861250000000000000e+03 5.107500000000000000e+03 5.353750000000000000e+03 5.600000000000000000e+03 5.680736994504928589e+03 5.771000000000000000e+03 5.961889633893966675e+03 6.125575636386871338e+03 6.291000000000000000e+03 6.346600000000000364e+03 6.356000000000000000e+03 6.368000000000000000e+03 6.371000000000000000e+03
3.053750000000000000e+02 6.107500000000000000e+02 9.161250000000000000e+02 1.205275702714920044e+03 1.503812500000000000e+03 1.786125000000000000e+03 2.068437500000000000e+03 2.350750000000000000e+03 2.633062500000000000e+03 2.915375000000000000e+03 3.197687500000000000e+03 3.480498659610748291e+03 3.638427272439002991e+03 3.876250000000000000e+03 4.122500000000000000e+03 4.368750000000000000e+03 4.615000000000000000e+03 4.861250000000000000e+03 5.107500000000000000e+03 5.353750000000000000e+03 5.600000000000000000e+03 5.700124971218407154e+03 5.771000000000000000e+03 5.965361408799886703e+03 6.136889794826507568e+03 6.291000000000000000e+03 6.346600000000000364e+03 6.356000000000000000e+03 6.368000000000000000e+03 6.371000000000000000e+03
3.053750000000000000e+02 6.107500000000000000e+02 9.161250000000000000e+02 1.204436544418334961e+03 1.503812500000000000e+03 1.786125000000000000e+03 2.068437500000000000e+03 2.350750000000000000e+03 2.633062500000000000e+03 2.915375000000000000e+03 3.197687500000000000e+03 3.477353841066360474e+03 3.612483261823654175e+03 3.876250000000000000e+03 4.122500000000000000e+03 4.368750000000000000e+03 4.615000000000000000e+03 4.861250000000000000e+03 5.107500000000000000e+03 5.353750000000000000e+03 5.600000000000000000e+03 5.702668741703033447e+03 5.771000000000000000e+03 5.967414585709571838e+03 6.142629589200019836e+03 6.291000000000000000e+03 6.346600000000000364e+03 6.356000000000000000e+03 6.368000000000000000e+03 6.371000000000000000e+03
3.053750000000000000e+02 6.107500000000000000e+02 9.161250000000000000e+02 1.210264240741729736e+03 1.503812500000000000e+03 1.786125000000000000e+03 2.068437500000000000e+03 2.350750000000000000e+03 2.633062500000000000e+03 2.915375000000000000e+03 3.197687500000000000e+03 3.476831093430519104e+03 3.626969215273857117e+03 3.876250000000000000e+03 4.122500000000000000e+03 4.368750000000000000e+03 4.615000000000000000e+03 4.861250000000000000e+03 5.107500000000000000e+03 5.353750000000000000e+03 5.600000000000000000e+03 5.684826692700386047e+03 5.771000000000000000e+03 5.981674110949039459e+03 6.129512194156646729e+03 6.291000000000000000e+03 6.346600000000000364e+03 6.356000000000000000e+03 6.368000000000000000e+03 6.371000000000000000e+03
3.053750000000000000e+02 6.107500000000000000e+02 9.161250000000000000e+02 1.202478204011917114e+03 1.503812500000000000e+03 1.786125000000000000e+03 2.068437500000000000e+03 2.350750000000000000e+03 2.633062500000000000e+03 2.915375000000000000e+03 3.197687500000000000e+03 3.478458362817764282e+03 3.639828649759292603e+03 3.876250000000000000e+03 4.122500000000000000e+03 4.368750000000000000e+03 4.615000000000000000e+03 4.861250000000000000e+03 5.107500000000000000e+03 5.353750000000000000e+03 5.600000000000000000e+03 5.671385315418243408e+03 5.771000000000000000e+03 5.977996033489704132e+03 6.143305217981338501e+03 6.291000000000000000e+03 6.346600000000000364e+03 6.356000000000000000e+03 6.368000000000000000e+03 6.371000000000000000e+03
3.053750000000000000e+02 6.107500000000000000e+02 9.161250000000000000e+02 1.208553933143615723e+03 1.503812500000000000e+03 1.786125000000000000e+03 2.068437500000000000e+03 2.350750000000000000e+03 2.633062500000000000e+03 2.915375000000000000e+03 3.197687500000000000e+03 3.477602347731590271e+03 3.622280315160751343e+03 3.876250000000000000e+03 4.122500000000000000e+03 4.368750000000000000e+03 4.615000000000000000e+03 4.861250000000000000e+03 5.107500000000000000e+03 5.353750000000000000e+03 5.600000000000000000e+03 5.690342126250267029e+03 5.771000000000000000e+03 5.954015925288200378e+03 6.131816085338592529e+03 6.291000000000000000e+03 6.346600000000000364e+03 6.356000000000000000e+03 6.368000000000000000e+03 6.371000000000000000e+03
3.053750000000000000e+02 6.107500000000000000e+02 9.161250000000000000e+02 1.209293229818344116e+03 1.503812500000000000e+03 1.786125000000000000e+03 2.068437500000000000e+03 2.350750000000000000e+03 2.633062500000000000e+03 2.915375000000000000e+03 3.197687500000000000e+03 3.478109127283096313e+03 3.632612054347991943e+03 3.876250000000000000e+03 4.122500000000000000e+03 4.368750000000000000e+03 4.615000000000000000e+03 4.861250000000000000e+03 5.107500000000000000e+03 5.353750000000000000e+03 5.600000000000000000e+03 5.699677901625633240e+03 5.771000000000000000e+03 5.975181540161371231e+03 6.132769373416900635e+03 6.291000000000000000e+03 6.346600000000000364e+03 6.356000000000000000e+03 6.368000000000000000e+03 6.371000000000000000e+03
3.053750000000000000e+02 6.107500000000000000e+02 9.161250000000000000e+02 1.202661825656890869e+03 1.503812500000000000e+03 1.786125000000000000e+03 2.068437500000000000e+03 2.350750000000000000e+03 2.633062500000000000e+03 2.915375000000000000e+03 3.197687500000000000e+03 3.477574664354324341e+03 3.640059709548950195e+03 3.876250000000000000e+03 4.122500000000000000e+03 4.368750000000000000e+03 4.615000000000000000e+03 4.861250000000000000e+03 5.107500000000000000e+03 5.353750000000000000e+03 5.600000000000000000e+03 5.695587053209543228e+03 5.771000000000000000e+03 5.968992032170295715e+03 6.144344956040382385e+03 6.291000000000000000e+03 6.346600000000000364e+03 6.356000000000000000e+03 6.368000000000000000e+03 6.371000000000000000e+03
3.053750000000000000e+02 6.107500000000000000e+02 9.161250000000000000e+02 1.206612971067428589e+03 1.503812500000000000e+03 1.786125000000000000e+03 2.068437500000000000e+03 2.350750000000000000e+03 2.633062500000000000e+03 2.915375000000000000e+03 3.197687500000000000e+03 3.480060374736785889e+03 3.641262261867523193e+03 3.876250000000000000e+03 4.122500000000000000e+03 4.368750000000000000e+03 4.615000000000000000e+03 4.861250000000000000e+03 5.107500000000000000e+03 5.353750000000000000e+03 5.600000000000000000e+03 5.705774577021598816e+03 5.771000000000000000e+03 5.957958684921264648e+03 6.137258587837219238e+03 6.291000000000000000e+03 6.346600000000000364e+03 6.356000000000000000e+03 6.368000000000000000e+03 6.371000000000000000e+03
3.053750000000000000e+02 6.107500000000000000e+02 9.161250000000000000e+02 1.198134926795959473e+03 1.503812500000000000e+03 1.786125000000000000e+03 2.068437500000000000e+03 2.350750000000000000e+03 2.633062500000000000e+03 2.915375000000000000e+03 3.197687500000000000e+03 3.478170874714851379e+03 3.633967720270156860e+03 3.876250000000000000e+03 4.122500000000000000e+03 4.368750000000000000e+03 4.615000000000000000e+03 4.861250000000000000e+03 5.107500000000000000e+03 5.353750000000000000e+03 5.600000000000000000e+03 5.693699546962976456e+03 5.771000000000000000e+03 5.966802550315856934e+03 6.141892461538314819e+03 6.291000000000000000e+03 6.346600000000000364e+03 6.356000000000000000e+03 6.368000000000000000e+03 6.371000000000000000e+03
3.053750000000000000e+02 6.107500000000000000e+02 9.161250000000000000e+02 1.208268603324890137e+03 1.503812500000000000e+03 1.786125000000000000e+03 2.068437500000000000e+03 2.350750000000000000e+03 2.633062500000000000e+03 2.915375000000000000e+03 3.197687500000000000e+03 3.479820728302001953e+03 3.643856652975082397e+03 3.876250000000000000e+03 4.122500000000000000e+03 4.368750000000000000e+03 4.615000000000000000e+03 4.861250000000000000e+03 5.107500000000000000e+03 5.353750000000000000e+03 5.600000000000000000e+03 5.677323300600051880e+03 5.771000000000000000e+03 5.975044633507728577e+03 6.140720107316970825e+03 6.291000000000000000e+03 6.346600000000000364e+03 6.356000000000000000e+03 6.368000000000000000e+03 6.371000000000000000e+03
3.053750000000000000e+02 6.107500000000000000e+02 9.161250000000000000e+02 1.205451206207275391e+03 1.503812500000000000e+03 1.786125000000000000e+03 2.068437500000000000e+03 2.350750000000000000e+03 2.633062500000000000e+03 2.915375000000000000e+03 3.197687500000000000e+03 3.479050567746162415e+03 3.630855243727564812e+03 3.876250000000000000e+03 4.122500000000000000e+03 4.368750000000000000e+03 4.615000000000000000e+03 4.861250000000000000e+03 5.107500000000000000e+03 5.353750000000000000e+03 5.600000000000000000e+03 5.698048763185739517e+03 5.771000000000000000e+03 5.974293208852410316e+03 6.137305500268936157e+03 6.291000000000000000e+03 6.346600000000000364e+03 6.356000000000000000e+03 6.368000000000000000e+03 6.371000000000000000e+03
3.053750000000000000e+02 6.107500000000000000e+02 9.161250000000000000e+02 1.208423948526382446e+03 1.503812500000000000e+03 1.786125000000000000e+03 2.068437500000000000e+03 2.350750000000000000e+03 2.633062500000000000e+03 2.915375000000000000e+03 3.197687500000000000e+03 3.477427497506141663e+03 3.623535059094429016e+03 3.876250000000000000e+03 4.122500000000000000e+03 4.368750000000000000e+03 4.615000000000000000e+03 4.861250000000000000e+03 5.107500000000000000e+03 5.353750000000000000e+03 5.600000000000000000e+03 5.693988772243261337e+03 5.771000000000000000e+03 5.992723797321319580e+03 6.141680322051048279e+03 6.291000000000000000e+03 6.346600000000000364e+03 6.356000000000000000e+03 6.368000000000000000e+03 6.371000000000000000e+03
3.053750000000000000e+02 6.107500000000000000e+02 9.161250000000000000e+02 1.208150414466857910e+03 1.503812500000000000e+03 1.786125000000000000e+03 2.068437500000000000e+03 2.350750000000000000e+03 2.633062500000000000e+03 2.915375000000000000e+03 3.197687500000000000e+03 3.479958778619766235e+03 3.644076479673385620e+03 3.876250000000000000e+03 4.122500000000000000e+03 4.368750000000000000e+03 4.615000000000000000e+03 4.861250000000000000e+03 5.107500000000000000e+03 5.353750000000000000e+03 5.600000000000000000e+03 5.698169218957424164e+03 5.771000000000000000e+03 5.952136844754219055e+03 6.134742691278457642e+03 6.291000000000000000e+03 6.346600000000000364e+03 6.356000000000000000e+03 6.368000000000000000e+03 6.371000000000000000e+03
3.053750000000000000e+02 6.107500000000000000e+02 9.161250000000000000e+02 1.203353401660919189e+03 1.503812500000000000e+03 1.786125000000000000e+03 2.068437500000000000e+03 2.350750000000000000e+03 2.633062500000000000e+03 2.915375000000000000e+03 3.197687500000000000e+03 3.478726458549499512e+03 3.617941637039184570e+03 3.876250000000000000e+03 4.122500000000000000e+03 4.368750000000000000e+03 4.615000000000000000e+03 4.861250000000000000e+03 5.107500000000000000e+03 5.353750000000000000e+03 5.600000000000000000e+03 5.691490504205226898e+03 5.771000000000000000e+03 5.966963699668645859e+03 6.138577936649322510e+03 6.291000000000000000e+03 6.346600000000000364e+03 6.356000000000000000e+03 6.368000000000000000e+03 6.371000000000000000e+03
3.053750000000000000e+02 6.107500000000000000e+02 9.161250000000000000e+02 1.206954355478286743e+03 1.503812500000000000e+03 1.786125000000000000e+03 2.068437500000000000e+03 2.350750000000000000e+03 2.633062500000000000e+03 2.915375000000000000e+03 3.197687500000000000e+03 3.477472522854804993e+03 3.632365134060382843e+03 3.876250000000000000e+03 4.122500000000000000e+03 4.368750000000000000e+03 4.615000000000000000e+03 4.861250000000000000e+03 5.107500000000000000e+03 5.353750000000000000e+03 5.600000000000000000e+03 5.701382405137643218e+03 5.771000000000000000e+03 5.971928577017039061e+03 6.147824608445167542e+03 6.291000000000000000e+03 6.346600000000000364e+03 6.356000000000000000e+03 6.368000000000000000e+03 6.371000000000000000e+03
3.053750000000000000e+02 6.107500000000000000e+02 9.161250000000000000e+02 1.200909213066101074e+03 1.503812500000000000e+03 1.786125000000000000e+03 2.068437500000000000e+03 2.350750000000000000e+03 2.633062500000000000e+03 2.915375000000000000e+03 3.197687500000000000e+03 3.476533150672912598e+03 3.614267449378967285e+03 3.876250000000000000e+03 4.122500000000000000e+03 4.368750000000000000e+03 4.615000000000000000e+03 4.861250000000000000e+03 5.107500000000000000e+03 5.353750000000000000e+03 5.600000000000000000e+03 5.695002741128206253e+03 5.771000000000000000e+03 5.971360176134854555e+03 6.129083574771881104e+03 6.291000000000000000e+03 6.346600000000000364e+03 6.356000000000000000e+03 6.368000000000000000e+03 6.371000000000000000e+03
3.053750000000000000e+02 6.107500000000000000e+02 9.161250000000000000e+02 1.205602221727371216e+03 1.503812500000000000e+03 1.786125000000000000e+03 2.068437500000000000e+03 2.350750000000000000e+03 2.633062500000000000e+03 2.915375000000000000e+03 3.197687500000000000e+03 3.477514103055000305e+03 3.648713996410369873e+03 3.876250000000000000e+03 4.122500000000000000e+03 4.368750000000000000e+03 4.615000000000000000e+03 4.861250000000000000e+03 5.107500000000000000e+03 5.353750000000000000e+03 5.600000000000000000e+03 5.686024171173572540e+03 5.771000000000000000e+03 5.973977423220872879e+03 6.132171873807907104e+03 6.291000000000000000e+03 6.346600000000000364e+03 6.356000000000000000e+03 6.368000000000000000e+03 6.371000000000000000e+03
3.053750000000000000e+02 6.107500000000000000e+02 9.161250000000000000e+02 1.210341608762741089e+03 1.503812500000000000e+03 1.786125000000000000e+03 2.068437500000000000e+03 2.350750000000000000e+03 2.633062500000000000e+03 2.915375000000000000e+03 3.197687500000000000e+03 3.479194408655166626e+03 3.649779644012451172e+03 3.876250000000000000e+03 4.122500000000000000e+03 4.368750000000000000e+03 4.615000000000000000e+03 4.861250000000000000e+03 5.107500000000000000e+03 5.353750000000000000e+03 5.600000000000000000e+03 5.693318397462368011e+03 5.771000000000000000e+03 5.979300144076347351e+03 6.130743056297302246e+03 6.291000000000000000e+03 6.346600000000000364e+03 6.356000000000000000e+03 6.368000000000000000e+03 6.371000000000000000e+03
3.053750000000000000e+02 6.107500000000000000e+02 9.161250000000000000e+02 1.209786262750625610e+03 1.503812500000000000e+03 1.786125000000000000e+03 2.068437500000000000e+03 2.350750000000000000e+03 2.633062500000000000e+03 2.915375000000000000e+03 3.197687500000000000e+03 3.477226528525352478e+03 3.633835402131080627e+03 3.876250000000000000e+03 4.122500000000000000e+03 4.368750000000000000e+03 4.615000000000000000e+03 4.861250000000000000e+03 5.107500000000000000e+03 5.353750000000000000e+03 5.600000000000000000e+03 5.688797350883483887e+03 5.771000000000000000e+03 5.955187163710594177e+03 6.131479617118835449e+03 6.291000000000000000e+03 6.346600000000000364e+03 6.356000000000000000e+03 6.368000000000000000e+03 6.371000000000000000e+03
3.053750000000000000e+02 6.107500000000000000e+02 9.161250000000000000e+02 1.205003202199935913e+03 1.503812500000000000e+03 1.786125000000000000e+03 2.068437500000000000e+03 2.350750000000000000e+03 2.633062500000000000e+03 2.915375000000000000e+03 3.197687500000000000e+03 3.479188418388366699e+03 3.621953116059303284e+03 3.876250000000000000e+03 4.122500000000000000e+03 4.368750000000000000e+03 4.615000000000000000e+03 4.861250000000000000e+03 5.107500000000000000e+03 5.353750000000000000e+03 5.600000000000000000e+03 5.691840265154838562e+03 5.771000000000000000e+03 5.962266286671161652e+03 6.139433899879455566e+03 6.291000000000000000e+03 6.346600000000000364e+03 6.356000000000000000e+03 6.368000000000000000e+03 6.371000000000000000e+03
3.053750000000000000e+02 6.107500000000000000e+02 9.161250000000000000e+02 1.205342636346817017e+03 1.503812500000000000e+03 1.786125000000000000e+03 2.068437500000000000e+03 2.350750000000000000e+03 2.633062500000000000e+03 2.915375000000000000e+03 3.197687500000000000e+03 3.477720043063163757e+03 3.607218682765960693e+03 3.876250000000000000e+03 4.122500000000000000e+03 4.368750000000000000e+03 4.615000000000000000e+03 4.861250000000000000e+03 5.107500000000000000e+03 5.353750000000000000e+03 5.600000000000000000e+03 5.689379895389080048e+03 5.771000000000000000e+03 5.964235613703727722e+03 6.135062076807022095e+03 6.291000000000000000e+03 6.346600000000000364e+03 6.356000000000000000e+03 6.368000000000000000e+03 6.371000000000000000e+03
3.053750000000000000e+02 6.107500000000000000e+02 9.161250000000000000e+02 1.206974194288253784e+03 1.503812500000000000e+03 1.786125000000000000e+03 2.068437500000000000e+03 2.350750000000000000e+03 2.633062500000000000e+03 2.915375000000000000e+03 3.197687500000000000e+03 3.475003135204315186e+03 3.639966928362846375e+03 3.876250000000000000e+03 4.122500000000000000e+03 4.368750000000000000e+03 4.615000000000000000e+03 4.861250000000000000e+03 5.107500000000000000e+03 5.353750000000000000e+03 5.600000000000000000e+03 5.694326206654310226e+03 5.771000000000000000e+03 5.988045363187789917e+03 6.133107167243957520e+03 6.291000000000000000e+03 6.346600000000000364e+03 6.356000000000000000e+03 6.368000000000000000e+03 6.371000000000000000e+03
3.053750000000000000e+02 6.107500000000000000e+02 9.161250000000000000e+02 1.200085700988769531e+03 1.503812500000000000e+03 1.786125000000000000e+03 2.068437500000000000e+03 2.350750000000000000e+03 2.633062500000000000e+03 2.915375000000000000e+03 3.197687500000000000e+03 3.479871633648872375e+03 3.637181367278099060e+03 3.876250000000000000e+03 4.122500000000000000e+03 4.368750000000000000e+03 4.615000000000000000e+03 4.861250000000000000e+03 5.107500000000000000e+03 5.353750000000000000e+03 5.600000000000000000e+03 5.705996512830257416e+03 5.771000000000000000e+03 5.978917237281799316e+03 6.138424687147140503e+03 6.291000000000000000e+03 6.346600000000000364e+03 6.356000000000000000e+03 6.368000000000000000e+03 6.371000000000000000e+03
3.053750000000000000e+02 6.107500000000000000e+02 9.161250000000000000e+02 1.201215414047241211e+03 1.503812500000000000e+03 1.786125000000000000e+03 2.068437500000000000e+03 2.350750000000000000e+03 2.633062500000000000e+03 2.915375000000000000e+03 3.197687500000000000e+03 3.476677009463310242e+03 3.638616384863853455e+03 3.876250000000000000e+03 4.122500000000000000e+03 4.368750000000000000e+03 4.615000000000000000e+03 4.861250000000000000e+03 5.107500000000000000e+03 5.353750000000000000e+03 5.600000000000000000e+03 5.672809153556823730e+03 5.771000000000000000e+03 5.983884487211704254e+03 6.126836458206176758e+03 6.291000000000000000e+03 6.346600000000000364e+03 6.356000000000000000e+03 6.368000000000000000e+03 6.371000000000000000e+03
3.053750000000000000e+02 6.107500000000000000e+02 9.161250000000000000e+02 1.207020365238189697e+03 1.503812500000000000e+03 1.786125000000000000e+03 2.068437500000000000e+03 2.350750000000000000e+03 2.633062500000000000e+03 2.915375000000000000e+03 3.197687500000000000e+03 3.480911469459533691e+03 3.644868191480636597e+03 3.876250000000000000e+03 4.122500000000000000e+03 4.368750000000000000e+03 4.615000000000000000e+03 4.861250000000000000e+03 5.107500000000000000e+03 5.353750000000000000e+03 5.600000000000000000e+03 5.690256215989589691e+03 5.771000000000000000e+03 5.960626366198062897e+03 6.135195921421051025e+03 6.291000000000000000e+03 6.346600000000000364e+03 6.356000000000000000e+03 6.368000000000000000e+03 6.371000000000000000e+03
3.053750000000000000e+02 6.107500000000000000e+02 9.161250000000000000e+02 1.202809032440185547e+03 1.503812500000000000e+03 1.786125000000000000e+03 2.068437500000000000e+03 2.350750000000000000e+03 2.633062500000000000e+03 2.915375000000000000e+03 3.197687500000000000e+03 3.479072937369346619e+03 3.632585635781288147e+03 3.876250000000000000e+03 4.122500000000000000e+03 4.368750000000000000e+03 4.615000000000000000e+03 4.861250000000000000e+03 5.107500000000000000e+03 5.353750000000000000e+03 5.600000000000000000e+03 5.695969385564327240e+03 5.771000000000000000e+03 5.967708486080169678e+03 6.140668498039245605e+03 6.291000000000000000e+03 6.346600000000000364e+03 6.356000000000000000e+03 6.368000000000000000e+03 6.371000000000000000e+03
3.053750000000000000e+02 6.107500000000000000e+02 9.161250000000000000e+02 1.204906467437744141e+03 1.503812500000000000e+03 1.786125000000000000e+03 2.068437500000000000e+03 2.350750000000000000e+03 2.633062500000000000e+03 2.915375000000000000e+03 3.197687500000000000e+03 3.478202208876609802e+03 3.619841221570968628e+03 3.876250000000000000e+03 4.122500000000000000e+03 4.368750000000000000e+03 4.615000000000000000e+03 4.861250000000000000e+03 5.107500000000000000e+03 5.353750000000000000e+03 5.600000000000000000e+03 5.713716144621372223e+03 5.771000000000000000e+03 5.952012345552444458e+03 6.132240150928497314e+03 6.291000000000000000e+03 6.346600000000000364e+03 6.356000000000000000e+03 6.368000000000000000e+03 6.371000000000000000e+03
3.053750000000000000e+02 6.107500000000000000e+02 9.161250000000000000e+02 1.208509781599044800e+03 1.503812500000000000e+03 1.786125000000000000e+03 2.068437500000000000e+03 2.350750000000000000e+03 2.633062500000000000e+03 2.915375000000000000e+03 3.197687500000000000e+03 3.478121230006217957e+03 3.627643339633941650e+03 3.876250000000000000e+03 4.122500000000000000e+03 4.368750000000000000e+03 4.615000000000000000e+03 4.861250000000000000e+03 5.107500000000000000e+03 5.353750000000000000e+03 5.600000000000000000e+03 5.668778440713882446e+03 5.771000000000000000e+03 5.976606810152530670e+03 6.134529448509216309e+03 6.291000000000000000e+03 6.346600000000000364e+03 6.356000000000000000e+03 6.368000000000000000e+03 6.371000000000000000e+03
3.053750000000000000e+02 6.107500000000000000e+02 9.161250000000000000e+02 1.205943147182464600e+03 1.503812500000000000e+03 1.786125000000000000e+03 2.068437500000000000e+03 2.350750000000000000e+03 2.633062500000000000e+03 2.915375000000000000e+03 3.197687500000000000e+03 3.480798080563545227e+03 3.635364823937416077e+03 3.876250000000000000e+03 4.122500000000000000e+03 4.368750000000000000e+03 4.615000000000000000e+03 4.861250000000000000e+03 5.107500000000000000e+03 5.353750000000000000e+03 5.600000000000000000e+03 5.685990102648735046e+03 5.771000000000000000e+03 5.969917376063764095e+03 6.148630479931831360e+03 6.291000000000000000e+03 6.346600000000000364e+03 6.356000000000000000e+03 6.368000000000000000e+03 6.371000000000000000e+03
3.053750000000000000e+02 6.107500000000000000e+02 9.161250000000000000e+02 1.208732909202575684e+03 1.503812500000000000e+03 1.786125000000000000e+03 2.068437500000000000e+03 2.350750000000000000e+03 2.633062500000000000e+03 2.915375000000000000e+03 3.197687500000000000e+03 3.476078894734382629e+03 3.635760793685913086e+03 3.876250000000000000e+03 4.122500000000000000e+03 4.368750000000000000e+03 4.615000000000000000e+03 4.861250000000000000e+03 5.107500000000000000e+03 5.353750000000000000e+03 5.600000000000000000e+03 5.696562556087970734e+03 5.771000000000000000e+03 5.977138951480388641e+03 6.132880180835723877e+03 6.291000000000000000e+03 6.346600000000000364e+03 6.356000000000000000e+03 6.368000000000000000e+03 6.371000000000000000e+03
3.053750000000000000e+02 6.107500000000000000e+02 9.161250000000000000e+02 1.207926969766616821e+03 1.503812500000000000e+03 1.786125000000000000e+03 2.068437500000000000e+03 2.350750000000000000e+03 2.633062500000000000e+03 2.915375000000000000e+03 3.197687500000000000e+03 3.478846645355224609e+03 3.630924221947789192e+03 3.876250000000000000e+03 4.122500000000000000e+03 4.368750000000000000e+03 4.615000000000000000e+03 4.861250000000000000e+03 5.107500000000000000e+03 5.353750000000000000e+03 5.600000000000000000e+03 5.701588549859821796e+03 5.771000000000000000e+03 5.975611627906560898e+03 6.138094556093215942e+03 6.291000000000000000e+03 6.346600000000000364e+03 6.356000000000000000e+03 6.368000000000000000e+03 6.371000000000000000e+03
3.053750000000000000e+02 6.107500000000000000e+02 9.161250000000000000e+02 1.208026558399200439e+03 1.503812500000000000e+03 1.786125000000000000e+03 2.068437500000000000e+03 2.350750000000000000e+03 2.633062500000000000e+03 2.915375000000000000e+03 3.197687500000000000e+03 3.476495802402496338e+03 3.621421989798545837e+03 3.876250000000000000e+03 4.122500000000000000e+03 4.368750000000000000e+03 4.615000000000000000e+03 4.861250000000000000e+03 5.107500000000000000e+03 5.353750000000000000e+03 5.600000000000000000e+03 5.693768709510564804e+03 5.771000000000000000e+03 5.973320862039923668e+03 6.149244583159685135e+03 6.291000000000000000e+03 6.346600000000000364e+03 6.356000000000000000e+03 6.368000000000000000e+03 6.371000000000000000e+03
3.053750000000000000e+02 6.107500000000000000e+02 9.161250000000000000e+02 1.203406927824020386e+03 1.503812500000000000e+03 1.786125000000000000e+03 2.068437500000000000e+03 2.350750000000000000e+03 2.633062500000000000e+03 2.915375000000000000e+03 3.197687500000000000e+03 3.479016315937042236e+03 3.632589128613471985e+03 3.876250000000000000e+03 4.122500000000000000e+03 4.368750000000000000e+03 4.615000000000000000e+03 4.861250000000000000e+03 5.107500000000000000e+03 5.353750000000000000e+03 5.600000000000000000e+03 5.689266230523586273e+03 5.771000000000000000e+03 5.957689983904361725e+03 6.131089904069900513e+03 6.291000000000000000e+03 6.346600000000000364e+03 6.356000000000000000e+03 6.368000000000000000e+03 6.371000000000000000e+03
3.053750000000000000e+02 6.107500000000000000e+02 9.161250000000000000e+02 1.201073328495025635e+03 1.503812500000000000e+03 1.786125000000000000e+03 2.068437500000000000e+03 2.350750000000000000e+03 2.633062500000000000e+03 2.915375000000000000e+03 3.197687500000000000e+03 3.477011033892631531e+03 3.641041191816329956e+03 3.876250000000000000e+03 4.122500000000000000e+03 4.368750000000000000e+03 4.615000000000000000e+03 4.861250000000000000e+03 5.107500000000000000e+03 5.353750000000000000e+03 5.600000000000000000e+03 5.703156484425067902e+03 5.771000000000000000e+03 5.974452247977256775e+03 6.140009587764739990e+03 6.291000000000000000e+03 6.346600000000000364e+03 6.356000000000000000e+03 6.368000000000000000e+03 6.371000000000000000e+03
3.053750000000000000e+02 6.107500000000000000e+02 9.161250000000000000e+02 1.201853622436523438e+03 1.503812500000000000e+03 1.786125000000000000e+03 2.068437500000000000e+03 2.350750000000000000e+03 2.633062500000000000e+03 2.915375000000000000e+03 3.197687500000000000e+03 3.478602254390716553e+03 3.645885595083236694e+03 3.876250000000000000e+03 4.122500000000000000e+03 4.368750000000000000e+03 4.615000000000000000e+03 4.861250000000000000e+03 5.107500000000000000e+03 5.353750000000000000e+03 5.600000000000000000e+03 5.702553085632622242e+03 5.771000000000000000e+03 5.966018775761127472e+03 6.128445094585418701e+03 6.291000000000000000e+03 6.346600000000000364e+03 6.356000000000000000e+03 6.368000000000000000e+03 6.371000000000000000e+03
3.053750000000000000e+02 6.107500000000000000e+02 9.161250000000000000e+02 1.201861107587814331e+03 1.503812500000000000e+03 1.786125000000000000e+03 2.068437500000000000e+03 2.350750000000000000e+03 2.633062500000000000e+03 2.915375000000000000e+03 3.197687500000000000e+03 3.479463684558868408e+03 3.647779837846755981e+03 3.876250000000000000e+03 4.122500000000000000e+03 4.368750000000000000e+03 4.615000000000000000e+03 4.861250000000000000e+03 5.107500000000000000e+03 5.353750000000000000e+03 5.600000000000000000e+03 5.683843503952026367e+03 5.771000000000000000e+03 5.961032987296581268e+03 6.119609297275543213e+03 6.291000000000000000e+03 6.346600000000000364e+03 6.356000000000000000e+03 6.368000000000000000e+03 6.371000000000000000e+03
3.053750000000000000e+02 6.107500000000000000e+02 9.161250000000000000e+02 1.206122011184692383e+03 1.503812500000000000e+03 1.786125000000000000e+03 2.068437500000000000e+03 2.350750000000000000e+03 2.633062500000000000e+03 2.915375000000000000e+03 3.197687500000000000e+03 3.481660854816436768e+03 3.640323907136917114e+03 3.876250000000000000e+03 4.122500000000000000e+03 4.368750000000000000e+03 4.615000000000000000e+03 4.861250000000000000e+03 5.107500000000000000e+03 5.353750000000000000e+03 5.600000000000000000e+03 5.704605659827589989e+03 5.771000000000000000e+03 5.951444663166999817e+03 6.139372510671615601e+03 6.291000000000000000e+03 6.346600000000000364e+03 6.356000000000000000e+03 6.368000000000000000e+03 6.371000000000000000e+03
3.053750000000000000e+02 6.107500000000000000e+02 9.161250000000000000e+02 1.208660409688949585e+03 1.503812500000000000e+03 1.786125000000000000e+03 2.068437500000000000e+03 2.350750000000000000e+03 2.633062500000000000e+03 2.915375000000000000e+03 3.197687500000000000e+03 3.480984702706336975e+03 3.619101302623748779e+03 3.876250000000000000e+03 4.122500000000000000e+03 4.368750000000000000e+03 4.615000000000000000e+03 4.861250000000000000e+03 5.107500000000000000e+03 5.353750000000000000e+03 5.600000000000000000e+03 5.706048275440931320e+03 5.771000000000000000e+03 5.955264291524887085e+03 6.135012331962585449e+03 6.291000000000000000e+03 6.346600000000000364e+03 6.356000000000000000e+03 6.368000000000000000e+03 6.371000000000000000e+03
3.053750000000000000e+02 6.107500000000000000e+02 9.161250000000000000e+02 1.202873192071914673e+03 1.503812500000000000e+03 1.786125000000000000e+03 2.068437500000000000e+03 2.350750000000000000e+03 2.633062500000000000e+03 2.915375000000000000e+03 3.197687500000000000e+03 3.478126701712608337e+03 3.611476652622222900e+03 3.876250000000000000e+03 4.122500000000000000e+03 4.368750000000000000e+03 4.615000000000000000e+03 4.861250000000000000e+03 5.107500000000000000e+03 5.353750000000000000e+03 5.600000000000000000e+03 5.708294169962406158e+03 5.771000000000000000e+03 5.962282729506492615e+03 6.134072040081024170e+03 6.291000000000000000e+03 6.346600000000000364e+03 6.356000000000000000e+03 6.368000000000000000e+03 6.371000000000000000e+03
3.053750000000000000e+02 6.107500000000000000e+02 9.161250000000000000e+02 1.209916211605072021e+03 1.503812500000000000e+03 1.786125000000000000e+03 2.068437500000000000e+03 2.350750000000000000e+03 2.633062500000000000e+03 2.915375000000000000e+03 3.197687500000000000e+03 3.476606306433677673e+03 3.637153703570365906e+03 3.876250000000000000e+03 4.122500000000000000e+03 4.368750000000000000e+03 4.615000000000000000e+03 4.861250000000000000e+03 5.107500000000000000e+03 5.353750000000000000e+03 5.600000000000000000e+03 5.693626100480556488e+03 5.771000000000000000e+03 5.994135869503021240e+03 6.142919058561325073e+03 6.291000000000000000e+03 6.346600000000000364e+03 6.356000000000000000e+03 6.368000000000000000e+03 6.371000000000000000e+03
3.053750000000000000e+02 6.107500000000000000e+02 9.161250000000000000e+02 1.205216523647308350e+03 1.503812500000000000e+03 1.786125000000000000e+03 2.068437500000000000e+03 2.350750000000000000e+03 2.633062500000000000e+03 2.915375000000000000e+03 3.197687500000000000e+03 3.480565801262855530e+03 3.646724512577056885e+03 3.876250000000000000e+03 4.122500000000000000e+03 4.368750000000000000e+03 4.615000000000000000e+03 4.861250000000000000e+03 5.107500000000000000e+03 5.353750000000000000e+03 5.600000000000000000e+03 5.694432212471961975e+03 5.771000000000000000e+03 5.961562230050563812e+03 6.132685427427291870e+03 6.291000000000000000e+03 6.346600000000000364e+03 6.356000000000000000e+03 6.368000000000000000e+03 6.371000000000000000e+03
3.053750000000000000e+02 6.107500000000000000e+02 9.161250000000000000e+02 1.202531258106231689e+03 1.503812500000000000e+03 1.786125000000000000e+03 2.068437500000000000e+03 2.350750000000000000e+03 2.633062500000000000e+03 2.915375000000000000e+03 3.197687500000000000e+03 3.478524482250213623e+03 3.660100374221801758e+03 3.876250000000000000e+03 4.122500000000000000e+03 4.368750000000000000e+03 4.615000000000000000e+03 4.861250000000000000e+03 5.107500000000000000e+03 5.353750000000000000e+03 5.600000000000000000e+03 5.693259199321269989e+03 5.771000000000000000e+03 5.956561817288398743e+03 6.135320272207260132e+03 6.291000000000000000e+03 6.346600000000000364e+03 6.356000000000000000e+03 6.368000000000000000e+03 6.371000000000000000e+03
3.053750000000000000e+02 6.107500000000000000e+02 9.161250000000000000e+02 1.202719205856323242e+03 1.503812500000000000e+03 1.786125000000000000e+03 2.068437500000000000e+03 2.350750000000000000e+03 2.633062500000000000e+03 2.915375000000000000e+03 3.197687500000000000e+03 3.477401018142700195e+03 3.634670946002006531e+03 3.876250000000000000e+03 4.122500000000000000e+03 4.368750000000000000e+03 4.615000000000000000e+03 4.861250000000000000e+03 5.107500000000000000e+03 5.353750000000000000e+03 5.600000000000000000e+03 5.690295229613780975e+03 5.771000000000000000e+03 5.980795464873313904e+03 6.147775406002998352e+03 6.291000000000000000e+03 6.346600000000000364e+03 6.356000000000000000e+03 6.368000000000000000e+03 6.371000000000000000e+03
3.053750000000000000e+02 6.107500000000000000e+02 9.161250000000000000e+02 1.208253442287445068e+03 1.503812500000000000e+03 1.786125000000000000e+03 2.068437500000000000e+03 2.350750000000000000e+03 2.633062500000000000e+03 2.915375000000000000e+03 3.197687500000000000e+03 3.475295576453208923e+03 3.614525228738784790e+03 3.876250000000000000e+03 4.122500000000000000e+03 4.368750000000000000e+03 4.615000000000000000e+03 4.861250000000000000e+03 5.107500000000000000e+03 5.353750000000000000e+03 5.600000000000000000e+03 5.681370194315910339e+03 5.771000000000000000e+03 5.974601163774728775e+03 6.140684861898422241e+03 6.291000000000000000e+03 6.346600000000000364e+03 6.356000000000000000e+03 6.368000000000000000e+03 6.371000000000000000e+03
3.053750000000000000e+02 6.107500000000000000e+02 9.161250000000000000e+02 1.204335099697113037e+03 1.503812500000000000e+03 1.786125000000000000e+03 2.068437500000000000e+03 2.350750000000000000e+03 2.633062500000000000e+03 2.915375000000000000e+03 3.197687500000000000e+03 3.478727340698242188e+03 3.624297385811805725e+03 3.876250000000000000e+03 4.122500000000000000e+03 4.368750000000000000e+03 4.615000000000000000e+03 4.861250000000000000e+03 5.107500000000000000e+03 5.353750000000000000e+03 5.600000000000000000e+03 5.693956467717885971e+03 5.771000000000000000e+03 5.963850754261016846e+03 6.134582234382629395e+03 6.291000000000000000e+03 6.346600000000000364e+03 6.356000000000000000e+03 6.368000000000000000e+03 6.371000000000000000e+03
3.053750000000000000e+02 6.107500000000000000e+02 9.161250000000000000e+02 1.205279194355010986e+03 1.503812500000000000e+03 1.786125000000000000e+03 2.068437500000000000e+03 2.350750000000000000e+03 2.633062500000000000e+03 2.915375000000000000e+03 3.197687500000000000e+03 3.477627381682395935e+03 3.636985659599304199e+03 3.876250000000000000e+03 4.122500000000000000e+03 4.368750000000000000e+03 4.615000000000000000e+03 4.861250000000000000e+03 5.107500000000000000e+03 5.353750000000000000e+03 5.600000000000000000e+03 5.701115490898024291e+03 5.771000000000000000e+03 5.955311961531639099e+03 6.130242424964904785e+03 6.291000000000000000e+03 6.346600000000000364e+03 6.356000000000000000e+03 6.368000000000000000e+03 6.371000000000000000e+03
3.053750000000000000e+02 6.107500000000000000e+02 9.161250000000000000e+02 1.208015183448791504e+03 1.503812500000000000e+03 1.786125000000000000e+03 2.068437500000000000e+03 2.350750000000000000e+03 2.633062500000000000e+03 2.915375000000000000e+03 3.197687500000000000e+03 3.477740618586540222e+03 3.634210560917854309e+03 3.876250000000000000e+03 4.122500000000000000e+03 4.368750000000000000e+03 4.615000000000000000e+03 4.861250000000000000e+03 5.107500000000000000e+03 5.353750000000000000e+03 5.600000000000000000e+03 5.686920334756374359e+03 5.771000000000000000e+03 5.970304917268455029e+03 6.144953444361686707e+03 6.291000000000000000e+03 6.346600000000000364e+03 6.356000000000000000e+03 6.368000000000000000e+03 6.371000000000000000e+03
3.053750000000000000e+02 6.107500000000000000e+02 9.161250000000000000e+02 1.209587823390960693e+03 1.503812500000000000e+03 1.786125000000000000e+03 2.068437500000000000e+03 2.350750000000000000e+03 2.633062500000000000e+03 2.915375000000000000e+03 3.197687500000000000e+03 3.480912557244300842e+03 3.638177793622016907e+03 3.876250000000000000e+03 4.122500000000000000e+03 4.368750000000000000e+03 4.615000000000000000e+03 4.861250000000000000e+03 5.107500000000000000e+03 5.353750000000000000e+03 5.600000000000000000e+03 5.695909580796957016e+03 5.771000000000000000e+03 5.980377120733261108e+03 6.155662755131721497e+03 6.291000000000000000e+03 6.346600000000000364e+03 6.356000000000000000e+03 6.368000000000000000e+03 6.371000000000000000e+03
3.053750000000000000e+02 6.107500000000000000e+02 9.161250000000000000e+02 1.204430183410644531e+03 1.503812500000000000e+03 1.786125000000000000e+03 2.068437500000000000e+03 2.350750000000000000e+03 2.633062500000000000e+03 2.915375000000000000e+03 3.197687500000000000e+03 3.476636096835136414e+03 3.622958380579948425e+03 3.876250000000000000e+03 4.122500000000000000e+03 4.368750000000000000e+03 4.615000000000000000e+03 4.861250000000000000e+03 5.107500000000000000e+03 5.353750000000000000e+03 5.600000000000000000e+03 5.672460824012756348e+03 5.771000000000000000e+03 5.978349578589200974e+03 6.143153446078300476e+03 6.291000000000000000e+03 6.346600000000000364e+03 6.356000000000000000e+03 6.368000000000000000e+03 6.371000000000000000e+03
3.053750000000000000e+02 6.107500000000000000e+02 9.161250000000000000e+02 1.203350372552871704e+03 1.503812500000000000e+03 1.786125000000000000e+03 2.068437500000000000e+03 2.350750000000000000e+03 2.633062500000000000e+03 2.915375000000000000e+03 3.197687500000000000e+03 3.476134407520294189e+03 3.647583496570587158e+03 3.876250000000000000e+03 4.122500000000000000e+03 4.368750000000000000e+03 4.615000000000000000e+03 4.861250000000000000e+03 5.107500000000000000e+03 5.353750000000000000e+03 5.600000000000000000e+03 5.682520513296127319e+03 5.771000000000000000e+03 5.968139382958412170e+03 6.130094004631042480e+03 6.291000000000000000e+03 6.346600000000000364e+03 6.356000000000000000e+03 6.368000000000000000e+03 6.371000000000000000e+03
3.053750000000000000e+02 6.107500000000000000e+02 9.161250000000000000e+02 1.203966681003570557e+03 1.503812500000000000e+03 1.786125000000000000e+03 2.068437500000000000e+03 2.350750000000000000e+03 2.633062500000000000e+03 2.915375000000000000e+03 3.197687500000000000e+03 3.480705159902572632e+03 3.615543700456619263e+03 3.876250000000000000e+03 4.122500000000000000e+03 4.368750000000000000e+03 4.615000000000000000e+03 4.861250000000000000e+03 5.107500000000000000e+03 5.353750000000000000e+03 5.600000000000000000e+03 5.711151233971118927e+03 5.771000000000000000e+03 5.955972680807113647e+03 6.125700760841369629e+03 6.291000000000000000e+03 6.346600000000000364e+03 6.356000000000000000e+03 6.368000000000000000e+03 6.371000000000000000e+03
3.053750000000000000e+02 6.107500000000000000e+02 9.161250000000000000e+02 1.204143462419509888e+03 1.503812500000000000e+03 1.786125000000000000e+03 2.068437500000000000e+03 2.350750000000000000e+03 2.633062500000000000e+03 2.915375000000000000e+03 3.197687500000000000e+03 3.477981978654861450e+03 3.635058482885360718e+03 3.876250000000000000e+03 4.122500000000000000e+03 4.368750000000000000e+03 4.615000000000000000e+03 4.861250000000000000e+03 5.107500000000000000e+03 5.353750000000000000e+03 5.600000000000000000e+03 5.698233224958181381e+03 5.771000000000000000e+03 5.971247251782566309e+03 6.138590990066528320e+03 6.291000000000000000e+03 6.346600000000000364e+03 6.356000000000000000e+03 6.368000000000000000e+03 6.371000000000000000e+03
3.053750000000000000e+02 6.107500000000000000e+02 9.161250000000000000e+02 1.208025936126708984e+03 1.503812500000000000e+03 1.786125000000000000e+03 2.068437500000000000e+03 2.350750000000000000e+03 2.633062500000000000e+03 2.915375000000000000e+03 3.197687500000000000e+03 3.479365494847297668e+03 3.633937632441520691e+03 3.876250000000000000e+03 4.122500000000000000e+03 4.368750000000000000e+03 4.615000000000000000e+03 4.861250000000000000e+03 5.107500000000000000e+03 5.353750000000000000e+03 5.600000000000000000e+03 5.697625572964549065e+03 5.771000000000000000e+03 5.963932800352573395e+03 6.132459479331970215e+03 6.291000000000000000e+03 6.346600000000000364e+03 6.356000000000000000e+03 6.368000000000000000e+03 6.371000000000000000e+03
3.053750000000000000e+02 6.107500000000000000e+02 9.161250000000000000e+02 1.205682193279266357e+03 1.503812500000000000e+03 1.786125000000000000e+03 2.068437500000000000e+03 2.350750000000000000e+03 2.633062500000000000e+03 2.915375000000000000e+03 3.197687500000000000e+03 3.476341474056243896e+03 3.628782648667693138e+03 3.876250000000000000e+03 4.122500000000000000e+03 4.368750000000000000e+03 4.615000000000000000e+03 4.861250000000000000e+03 5.107500000000000000e+03 5.353750000000000000e+03 5.600000000000000000e+03 5.694918368220329285e+03 5.771000000000000000e+03 5.974689452931284904e+03 6.152475888788700104e+03 6.291000000000000000e+03 6.346600000000000364e+03 6.356000000000000000e+03 6.368000000000000000e+03 6.371000000000000000e+03
3.053750000000000000e+02 6.107500000000000000e+02 9.161250000000000000e+02 1.203317976236343384e+03 1.503812500000000000e+03 1.786125000000000000e+03 2.068437500000000000e+03 2.350750000000000000e+03 2.633062500000000000e+03 2.915375000000000000e+03 3.197687500000000000e+03 3.479794189333915710e+03 3.640158271789550781e+03 3.876250000000000000e+03 4.122500000000000000e+03 4.368750000000000000e+03 4.615000000000000000e+03 4.861250000000000000e+03 5.107500000000000000e+03 5.353750000000000000e+03 5.600000000000000000e+03 5.699655422702431679e+03 5.771000000000000000e+03 5.978993960082530975e+03 6.148652558982372284e+03 6.291000000000000000e+03 6.346600000000000364e+03 6.356000000000000000e+03 6.368000000000000000e+03 6.371000000000000000e+03
3.053750000000000000e+02 6.107500000000000000e+02 9.161250000000000000e+02 1.207551343679428101e+03 1.503812500000000000e+03 1.786125000000000000e+03 2.068437500000000000e+03 2.350750000000000000e+03 2.633062500000000000e+03 2.915375000000000000e+03 3.197687500000000000e+03 3.478218910098075867e+03 3.654876701831817627e+03 3.876250000000000000e+03 4.122500000000000000e+03 4.368750000000000000e+03 4.615000000000000000e+03 4.861250000000000000e+03 5.107500000000000000e+03 5.353750000000000000e+03 5.600000000000000000e+03 5.670945200681686401e+03 5.771000000000000000e+03 5.962636595129966736e+03 6.135029432535171509e+03 6.291000000000000000e+03 6.346600000000000364e+03 6.356000000000000000e+03 6.368000000000000000e+03 6.371000000000000000e+03
3.053750000000000000e+02 6.107500000000000000e+02 9.161250000000000000e+02 1.204105617046356201e+03 1.503812500000000000e+03 1.786125000000000000e+03 2.068437500000000000e+03 2.350750000000000000e+03 2.633062500000000000e+03 2.915375000000000000e+03 3.197687500000000000e+03 3.476084971427917480e+03 3.626950185000896454e+03 3.876250000000000000e+03 4.122500000000000000e+03 4.368750000000000000e+03 4.615000000000000000e+03 4.861250000000000000e+03 5.107500000000000000e+03 5.353750000000000000e+03 5.600000000000000000e+03 5.684057338595390320e+03 5.771000000000000000e+03 5.974964117169380188e+03 6.139408685922622681e+03 6.291000000000000000e+03 6.346600000000000364e+03 6.356000000000000000e+03 6.368000000000000000e+03 6.371000000000000000e+03
3.053750000000000000e+02 6.107500000000000000e+02 9.161250000000000000e+02 1.209605037212371826e+03 1.503812500000000000e+03 1.786125000000000000e+03 2.068437500000000000e+03 2.350750000000000000e+03 2.633062500000000000e+03 2.915375000000000000e+03 3.197687500000000000e+03 3.474419614672660828e+03 3.627606677860021591e+03 3.876250000000000000e+03 4.122500000000000000e+03 4.368750000000000000e+03 4.615000000000000000e+03 4.861250000000000000e+03 5.107500000000000000e+03 5.353750000000000000e+03 5.600000000000000000e+03 5.689328337967395782e+03 5.771000000000000000e+03 5.984269219696521759e+03 6.129614993095397949e+03 6.291000000000000000e+03 6.346600000000000364e+03 6.356000000000000000e+03 6.368000000000000000e+03 6.371000000000000000e+03
3.053750000000000000e+02 6.107500000000000000e+02 9.161250000000000000e+02 1.208377368688583374e+03 1.503812500000000000e+03 1.786125000000000000e+03 2.068437500000000000e+03 2.350750000000000000e+03 2.633062500000000000e+03 2.915375000000000000e+03 3.197687500000000000e+03 3.476930850744247437e+03 3.638290185928344727e+03 3.876250000000000000e+03 4.122500000000000000e+03 4.368750000000000000e+03 4.615000000000000000e+03 4.861250000000000000e+03 5.107500000000000000e+03 5.353750000000000000e+03 5.600000000000000000e+03 5.687899037063121796e+03 5.771000000000000000e+03 5.973986060157418251e+03 6.141431872606277466e+03 6.291000000000000000e+03 6.346600000000000364e+03 6.356000000000000000e+03 6.368000000000000000e+03 6.371000000000000000e+03
3.053750000000000000e+02 6.107500000000000000e+02 9.161250000000000000e+02 1.206872774600982666e+03 1.503812500000000000e+03 1.786125000000000000e+03 2.068437500000000000e+03 2.350750000000000000e+03 2.633062500000000000e+03 2.915375000000000000e+03 3.197687500000000000e+03 3.477966010570526123e+03 3.644986833333969116e+03 3.876250000000000000e+03 4.122500000000000000e+03 4.368750000000000000e+03 4.615000000000000000e+03 4.861250000000000000e+03 5.107500000000000000e+03 5.353750000000000000e+03 5.600000000000000000e+03 5.707046479642391205e+03 5.771000000000000000e+03 5.968813735231757164e+03 6.147265929639339447e+03 6.291000000000000000e+03 6.346600000000000364e+03 6.356000000000000000e+03 6.368000000000000000e+03 6.371000000000000000e+03
3.053750000000000000e+02 6.107500000000000000e+02 9.161250000000000000e+02 1.203202342033386230e+03 1.503812500000000000e+03 1.786125000000000000e+03 2.068437500000000000e+03 2.350750000000000000e+03 2.633062500000000000e+03 2.915375000000000000e+03 3.197687500000000000e+03 3.479613208770751953e+03 3.634309548139572144e+03 3.876250000000000000e+03 4.122500000000000000e+03 4.368750000000000000e+03 4.615000000000000000e+03 4.861250000000000000e+03 5.107500000000000000e+03 5.353750000000000000e+03 5.600000000000000000e+03 5.683996972799301147e+03 5.771000000000000000e+03 5.960769435226917267e+03 6.136058126449584961e+03 6.291000000000000000e+03 6.346600000000000364e+03 6.356000000000000000e+03 6.368000000000000000e+03 6.371000000000000000e+03
3.053750000000000000e+02 6.107500000000000000e+02 9.161250000000000000e+02 1.203507788419723511e+03 1.503812500000000000e+03 1.786125000000000000e+03 2.068437500000000000e+03 2.350750000000000000e+03 2.633062500000000000e+03 2.915375000000000000e+03 3.197687500000000000e+03 3.481094884872436523e+03 3.645754770040512085e+03 3.876250000000000000e+03 4.122500000000000000e+03 4.368750000000000000e+03 4.615000000000000000e+03 4.861250000000000000e+03 5.107500000000000000e+03 5.353750000000000000e+03 5.600000000000000000e+03 5.689468238413333893e+03 5.771000000000000000e+03 5.974543095961213112e+03 6.141013000369071960e+03 6.291000000000000000e+03 6.346600000000000364e+03 6.356000000000000000e+03 6.368000000000000000e+03 6.371000000000000000e+03
3.053750000000000000e+02 6.107500000000000000e+02 9.161250000000000000e+02 1.208283781051635742e+03 1.503812500000000000e+03 1.786125000000000000e+03 2.068437500000000000e+03 2.350750000000000000e+03 2.633062500000000000e+03 2.915375000000000000e+03 3.197687500000000000e+03 3.476426360011100769e+03 3.641298856735229492e+03 3.876250000000000000e+03 4.122500000000000000e+03 4.368750000000000000e+03 4.615000000000000000e+03 4.861250000000000000e+03 5.107500000000000000e+03 5.353750000000000000e+03 5.600000000000000000e+03 5.701359090259298682e+03 5.771000000000000000e+03 5.978657112181186676e+03 6.148891270667314529e+03 6.291000000000000000e+03 6.346600000000000364e+03 6.356000000000000000e+03 6.368000000000000000e+03 6.371000000000000000e+03
3.053750000000000000e+02 6.107500000000000000e+02 9.161250000000000000e+02 1.201297341823577881e+03 1.503812500000000000e+03 1.786125000000000000e+03 2.068437500000000000e+03 2.350750000000000000e+03 2.633062500000000000e+03 2.915375000000000000e+03 3.197687500000000000e+03 3.477770456671714783e+03 3.649034773111343384e+03 3.876250000000000000e+03 4.122500000000000000e+03 4.368750000000000000e+03 4.615000000000000000e+03 4.861250000000000000e+03 5.107500000000000000e+03 5.353750000000000000e+03 5.600000000000000000e+03 5.701943568833172321e+03 5.771000000000000000e+03 5.943246562838554382e+03 6.121674591064453125e+03 6.291000000000000000e+03 6.346600000000000364e+03 6.356000000000000000e+03 6.368000000000000000e+03 6.371000000000000000e+03
3.053750000000000000e+02 6.107500000000000000e+02 9.161250000000000000e+02 1.204732274055480957e+03 1.503812500000000000e+03 1.786125000000000000e+03 2.068437500000000000e+03 2.350750000000000000e+03 2.633062500000000000e+03 2.915375000000000000e+03 3.197687500000000000e+03 3.477734866738319397e+03 3.634035405516624451e+03 3.876250000000000000e+03 4.122500000000000000e+03 4.368750000000000000e+03 4.615000000000000000e+03 4.861250000000000000e+03 5.107500000000000000e+03 5.353750000000000000e+03 5.600000000000000000e+03 5.679816505074501038e+03 5.771000000000000000e+03 5.962864012479782104e+03 6.120673788547515869e+03 6.291000000000000000e+03 6.346600000000000364e+03 6.356000000000000000e+03 6.368000000000000000e+03 6.371000000000000000e+03
3.053750000000000000e+02 6.107500000000000000e+02 9.161250000000000000e+02 1.208531112909317017e+03 1.503812500000000000e+03 1.786125000000000000e+03 2.068437500000000000e+03 2.350750000000000000e+03 2.633062500000000000e+03 2.915375000000000000e+03 3.197687500000000000e+03 3.479588723182678223e+03 3.637084262967109680e+03 3.876250000000000000e+03 4.122500000000000000e+03 4.368750000000000000e+03 4.615000000000000000e+03 4.861250000000000000e+03 5.107500000000000000e+03 5.353750000000000000e+03 5.600000000000000000e+03 5.702555579416453838e+03 5.771000000000000000e+03 5.979417890369892120e+03 6.147210503578186035e+03 6.291000000000000000e+03 6.346600000000000364e+03 6.356000000000000000e+03 6.368000000000000000e+03 6.371000000000000000e+03
3.053750000000000000e+02 6.107500000000000000e+02 9.161250000000000000e+02 1.204196657180786133e+03 1.503812500000000000e+03 1.786125000000000000e+03 2.068437500000000000e+03 2.350750000000000000e+03 2.633062500000000000e+03 2.915375000000000000e+03 3.197687500000000000e+03 3.476757758855819702e+03 3.623993873596191406e+03 3.876250000000000000e+03 4.122500000000000000e+03 4.368750000000000000e+03 4.615000000000000000e+03 4.861250000000000000e+03 5.107500000000000000e+03 5.353750000000000000e+03 5.600000000000000000e+03 5.715142190217971802e+03 5.771000000000000000e+03 5.964741915524005890e+03 6.137509734392166138e+03 6.291000000000000000e+03 6.346600000000000364e+03 6.356000000000000000e+03 6.368000000000000000e+03 6.371000000000000000e+03
3.053750000000000000e+02 6.107500000000000000e+02 9.161250000000000000e+02 1.208302372932434082e+03 1.503812500000000000e+03 1.786125000000000000e+03 2.068437500000000000e+03 2.350750000000000000e+03 2.633062500000000000e+03 2.915375000000000000e+03 3.197687500000000000e+03 3.478388157486915588e+03 3.628060885369777679e+03 3.876250000000000000e+03 4.122500000000000000e+03 4.368750000000000000e+03 4.615000000000000000e+03 4.861250000000000000e+03 5.107500000000000000e+03 5.353750000000000000e+03 5.600000000000000000e+03 5.692247172355651855e+03 5.771000000000000000e+03 5.964103918135166168e+03 6.130903545379638672e+03 6.291000000000000000e+03 6.346600000000000364e+03 6.356000000000000000e+03 6.368000000000000000e+03 6.371000000000000000e+03
3.053750000000000000e+02 6.107500000000000000e+02 9.161250000000000000e+02 1.206647038698196411e+03 1.503812500000000000e+03 1.786125000000000000e+03 2.068437500000000000e+03 2.350750000000000000e+03 2.633062500000000000e+03 2.915375000000000000e+03 3.197687500000000000e+03 3.476012799143791199e+03 3.631152767762541771e+03 3.876250000000000000e+03 4.122500000000000000e+03 4.368750000000000000e+03 4.615000000000000000e+03 4.861250000000000000e+03 5.107500000000000000e+03 5.353750000000000000e+03 5.600000000000000000e+03 5.686028376877307892e+03 5.771000000000000000e+03 5.972409861370921135e+03 6.138306666374206543e+03 6.291000000000000000e+03 6.346600000000000364e+03 6.356000000000000000e+03 6.368000000000000000e+03 6.371000000000000000e+03
3.053750000000000000e+02 6.107500000000000000e+02 9.161250000000000000e+02 1.211442027330398560e+03 1.503812500000000000e+03 1.786125000000000000e+03 2.068437500000000000e+03 2.350750000000000000e+03 2.633062500000000000e+03 2.915375000000000000e+03 3.197687500000000000e+03 3.479146569967269897e+03 3.635612236261367798e+03 3.876250000000000000e+03 4.122500000000000000e+03 4.368750000000000000e+03 4.615000000000000000e+03 4.861250000000000000e+03 5.107500000000000000e+03 5.353750000000000000e+03 5.600000000000000000e+03 5.695283677041530609e+03 5.771000000000000000e+03 5.956750607252120972e+03 6.127324923038482666e+03 6.291000000000000000e+03 6.346600000000000364e+03 6.356000000000000000e+03 6.368000000000000000e+03 6.371000000000000000e+03
3.053750000000000000e+02 6.107500000000000000e+02 9.161250000000000000e+02 1.200295564174652100e+03 1.503812500000000000e+03 1.786125000000000000e+03 2.068437500000000000e+03 2.350750000000000000e+03 2.633062500000000000e+03 2.915375000000000000e+03 3.197687500000000000e+03 3.475994813442230225e+03 3.602263069152832031e+03 3.876250000000000000e+03 4.122500000000000000e+03 4.368750000000000000e+03 4.615000000000000000e+03 4.861250000000000000e+03 5.107500000000000000e+03 5.353750000000000000e+03 5.600000000000000000e+03 5.687571608185768127e+03 5.771000000000000000e+03 5.975315247386693954e+03 6.143847152948379517e+03 6.291000000000000000e+03 6.346600000000000364e+03 6.356000000000000000e+03 6.368000000000000000e+03 6.371000000000000000e+03
3.053750000000000000e+02 6.107500000000000000e+02 9.161250000000000000e+02 1.208025063514709473e+03 1.503812500000000000e+03 1.786125000000000000e+03 2.068437500000000000e+03 2.350750000000000000e+03 2.633062500000000000e+03 2.915375000000000000e+03 3.197687500000000000e+03 3.476118683815002441e+03 3.638458191156387329e+03 3.876250000000000000e+03 4.122500000000000000e+03 4.368750000000000000e+03 4.615000000000000000e+03 4.861250000000000000e+03 5.107500000000000000e+03 5.353750000000000000e+03 5.600000000000000000e+03 5.676142331123352051e+03 5.771000000000000000e+03 5.985350269734859467e+03 6.123321910858154297e+03 6.291000000000000000e+03 6.346600000000000364e+03 6.356000000000000000e+03 6.368000000000000000e+03 6.371000000000000000e+03
3.053750000000000000e+02 6.107500000000000000e+02 9.161250000000000000e+02 1.202136544227600098e+03 1.503812500000000000e+03 1.786125000000000000e+03 2.068437500000000000e+03 2.350750000000000000e+03 2.633062500000000000e+03 2.915375000000000000e+03 3.197687500000000000e+03 3.477211117744445801e+03 3.642602763175964355e+03 3.876250000000000000e+03 4.122500000000000000e+03 4.368750000000000000e+03 4.615000000000000000e+03 4.861250000000000000e+03 5.107500000000000000e+03 5.353750000000000000e+03 5.600000000000000000e+03 5.693020730376243591e+03 5.771000000000000000e+03 5.961206806957721710e+03 6.129939197063446045e+03 6.291000000000000000e+03 6.346600000000000364e+03 6.356000000000000000e+03 6.368000000000000000e+03 6.371000000000000000e+03
3.053750000000000000e+02 6.107500000000000000e+02 9.161250000000000000e+02 1.206742255926132202e+03 1.503812500000000000e+03 1.786125000000000000e+03 2.068437500000000000e+03 2.350750000000000000e+03 2.633062500000000000e+03 2.915375000000000000e+03 3.197687500000000000e+03 3.483012136816978455e+03 3.621290486454963684e+03 3.876250000000000000e+03 4.122500000000000000e+03 4.368750000000000000e+03 4.615000000000000000e+03 4.861250000000000000e+03 5.107500000000000000e+03 5.353750000000000000e+03 5.600000000000000000e+03 5.694644486069679260e+03 5.771000000000000000e+03 5.950612153768539429e+03 6.134253664970397949e+03 6.291000000000000000e+03 6.346600000000000364e+03 6.356000000000000000e+03 6.368000000000000000e+03 6.371000000000000000e+03
3.053750000000000000e+02 6.107500000000000000e+02 9.161250000000000000e+02 1.204849953889846802e+03 1.503812500000000000e+03 1.786125000000000000e+03 2.068437500000000000e+03 2.350750000000000000e+03 2.633062500000000000e+03 2.915375000000000000e+03 3.197687500000000000e+03 3.477716910839080811e+03 3.630104261385276914e+03 3.876250000000000000e+03 4.122500000000000000e+03 4.368750000000000000e+03 4.615000000000000000e+03 4.861250000000000000e+03 5.107500000000000000e+03 5.353750000000000000e+03 5.600000000000000000e+03 5.695995162487030029e+03 5.771000000000000000e+03 5.965043381512165070e+03 6.128171089649200439e+03 6.291000000000000000e+03 6.346600000000000364e+03 6.356000000000000000e+03 6.368000000000000000e+03 6.371000000000000000e+03
3.053750000000000000e+02 6.107500000000000000e+02 9.161250000000000000e+02 1.202881376981735229e+03 1.503812500000000000e+03 1.786125000000000000e+03 2.068437500000000000e+03 2.350750000000000000e+03 2.633062500000000000e+03 2.915375000000000000e+03 3.197687500000000000e+03 3.479145875573158264e+03 3.638581105470657349e+03 3.876250000000000000e+03 4.122500000000000000e+03 4.368750000000000000e+03 4.615000000000000000e+03 4.861250000000000000e+03 5.107500000000000000e+03 5.353750000000000000e+03 5.600000000000000000e+03 5.702934817284345627e+03 5.771000000000000000e+03 5.973875595614314079e+03 6.141176774263381958e+03 6.291000000000000000e+03 6.346600000000000364e+03 6.356000000000000000e+03 6.368000000000000000e+03 6.371000000000000000e+03
3.053750000000000000e+02 6.107500000000000000e+02 9.161250000000000000e+02 1.209027216672897339e+03 1.503812500000000000e+03 1.786125000000000000e+03 2.068437500000000000e+03 2.350750000000000000e+03 2.633062500000000000e+03 2.915375000000000000e+03 3.197687500000000000e+03 3.475121638178825378e+03 3.631277031004428864e+03 3.876250000000000000e+03 4.122500000000000000e+03 4.368750000000000000e+03 4.615000000000000000e+03 4.861250000000000000e+03 5.107500000000000000e+03 5.353750000000000000e+03 5.600000000000000000e+03 5.689662323057651520e+03 5.771000000000000000e+03 5.957140033602714539e+03 6.122043939590454102e+03 6.291000000000000000e+03 6.346600000000000364e+03 6.356000000000000000e+03 6.368000000000000000e+03 6.371000000000000000e+03
3.053750000000000000e+02 6.107500000000000000e+02 9.161250000000000000e+02 1.206922809123992920e+03 1.503812500000000000e+03 1.786125000000000000e+03 2.068437500000000000e+03 2.350750000000000000e+03 2.633062500000000000e+03 2.915375000000000000e+03 3.197687500000000000e+03 3.477186834812164307e+03 3.637505195736885071e+03 3.876250000000000000e+03 4.122500000000000000e+03 4.368750000000000000e+03 4.615000000000000000e+03 4.861250000000000000e+03 5.107500000000000000e+03 5.353750000000000000e+03 5.600000000000000000e+03 5.706440936982631683e+03 5.771000000000000000e+03 5.966028795152902603e+03 6.129571994304656982e+03 6.291000000000000000e+03 6.346600000000000364e+03 6.356000000000000000e+03 6.368000000000000000e+03 6.371000000000000000e+03
3.053750000000000000e+02 6.107500000000000000e+02 9.161250000000000000e+02 1.204465545654296875e+03 1.503812500000000000e+03 1.786125000000000000e+03 2.068437500000000000e+03 2.350750000000000000e+03 2.633062500000000000e+03 2.915375000000000000e+03 3.197687500000000000e+03 3.477639549970626831e+03 3.626684901714324951e+03 3.876250000000000000e+03 4.122500000000000000e+03 4.368750000000000000e+03 4.615000000000000000e+03 4.861250000000000000e+03 5.107500000000000000e+03 5.353750000000000000e+03 5.600000000000000000e+03 5.700660147773101926e+03 5.771000000000000000e+03 5.969591396808624268e+03 6.141443165302276611e+03 6.291000000000000000e+03 6.346600000000000364e+03 6.356000000000000000e+03 6.368000000000000000e+03 6.371000000000000000e+03
3.053750000000000000e+02 6.107500000000000000e+02 9.161250000000000000e+02 1.200791782379150391e+03 1.503812500000000000e+03 1.786125000000000000e+03 2.068437500000000000e+03 2.350750000000000000e+03 2.633062500000000000e+03 2.915375000000000000e+03 3.197687500000000000e+03 3.477128475904464722e+03 3.641731811761856079e+03 3.876250000000000000e+03 4.122500000000000000e+03 4.368750000000000000e+03 4.615000000000000000e+03 4.861250000000000000e+03 5.107500000000000000e+03 5.353750000000000000e+03 5.600000000000000000e+03 5.687964741349220276e+03 5.771000000000000000e+03 5.984035394549369812e+03 6.140104909896850586e+03 6.291000000000000000e+03 6.346600000000000364e+03 6.356000000000000000e+03 6.368000000000000000e+03 6.371000000000000000e+03
3.053750000000000000e+02 6.107500000000000000e+02 9.161250000000000000e+02 1.204048922300338745e+03 1.503812500000000000e+03 1.786125000000000000e+03 2.068437500000000000e+03 2.350750000000000000e+03 2.633062500000000000e+03 2.915375000000000000e+03 3.197687500000000000e+03 3.478938055038452148e+03 3.622161409854888916e+03 3.876250000000000000e+03 4.122500000000000000e+03 4.368750000000000000e+03 4.615000000000000000e+03 4.861250000000000000e+03 5.107500000000000000e+03 5.353750000000000000e+03 5.600000000000000000e+03 5.704293350115418434e+03 5.771000000000000000e+03 5.977772241592407227e+03 6.141544456839561462e+03 6.291000000000000000e+03 6.346600000000000364e+03 6.356000000000000000e+03 6.368000000000000000e+03 6.371000000000000000e+03
3.053750000000000000e+02 6.107500000000000000e+02 9.161250000000000000e+02 1.201356338500976562e+03 1.503812500000000000e+03 1.786125000000000000e+03 2.068437500000000000e+03 2.350750000000000000e+03 2.633062500000000000e+03 2.915375000000000000e+03 3.197687500000000000e+03 3.477711191773414612e+03 3.634235648214817047e+03 3.876250000000000000e+03 4.122500000000000000e+03 4.368750000000000000e+03 4.615000000000000000e+03 4.861250000000000000e+03 5.107500000000000000e+03 5.353750000000000000e+03 5.600000000000000000e+03 5.683259283065795898e+03 5.771000000000000000e+03 5.975654014408588409e+03 6.138070698738098145e+03 6.291000000000000000e+03 6.346600000000000364e+03 6.356000000000000000e+03 6.368000000000000000e+03 6.371000000000000000e+03
3.053750000000000000e+02 6.107500000000000000e+02 9.161250000000000000e+02 1.201799247503280640e+03 1.503812500000000000e+03 1.786125000000000000e+03 2.068437500000000000e+03 2.350750000000000000e+03 2.633062500000000000e+03 2.915375000000000000e+03 3.197687500000000000e+03 3.481484586000442505e+03 3.630457427054643631e+03 3.876250000000000000e+03 4.122500000000000000e+03 4.368750000000000000e+03 4.615000000000000000e+03 4.861250000000000000e+03 5.107500000000000000e+03 5.353750000000000000e+03 5.600000000000000000e+03 5.696745575726032257e+03 5.771000000000000000e+03 5.955494019150733948e+03 6.137296043395996094e+03 6.291000000000000000e+03 6.346600000000000364e+03 6.356000000000000000e+03 6.368000000000000000e+03 6.371000000000000000e+03
3.053750000000000000e+02 6.107500000000000000e+02 9.161250000000000000e+02 1.208871015548706055e+03 1.503812500000000000e+03 1.786125000000000000e+03 2.068437500000000000e+03 2.350750000000000000e+03 2.633062500000000000e+03 2.915375000000000000e+03 3.197687500000000000e+03 3.476970455050468445e+03 3.634271484315395355e+03 3.876250000000000000e+03 4.122500000000000000e+03 4.368750000000000000e+03 4.615000000000000000e+03 4.861250000000000000e+03 5.107500000000000000e+03 5.353750000000000000e+03 5.600000000000000000e+03 5.696201493203639984e+03 5.771000000000000000e+03 5.959957138061523438e+03 6.131787490606307983e+03 6.291000000000000000e+03 6.346600000000000364e+03 6.356000000000000000e+03 6.368000000000000000e+03 6.371000000000000000e+03
3.053750000000000000e+02 6.107500000000000000e+02 9.161250000000000000e+02 1.209762231349945068e+03 1.503812500000000000e+03 1.786125000000000000e+03 2.068437500000000000e+03 2.350750000000000000e+03 2.633062500000000000e+03 2.915375000000000000e+03 3.197687500000000000e+03 3.478616553544998169e+03 3.635432377457618713e+03 3.876250000000000000e+03 4.122500000000000000e+03 4.368750000000000000e+03 4.615000000000000000e+03 4.861250000000000000e+03 5.107500000000000000e+03 5.353750000000000000e+03 5.600000000000000000e+03 5.701389478877186775e+03 5.771000000000000000e+03 5.960392442703247070e+03 6.127524040699005127e+03 6.291000000000000000e+03 6.346600000000000364e+03 6.356000000000000000e+03 6.368000000000000000e+03 6.371000000000000000e+03
3.053750000000000000e+02 6.107500000000000000e+02 9.161250000000000000e+02 1.209254228115081787e+03 1.503812500000000000e+03 1.786125000000000000e+03 2.068437500000000000e+03 2.350750000000000000e+03 2.633062500000000000e+03 2.915375000000000000e+03 3.197687500000000000e+03 3.479609361290931702e+03 3.632070209085941315e+03 3.876250000000000000e+03 4.122500000000000000e+03 4.368750000000000000e+03 4.615000000000000000e+03 4.861250000000000000e+03 5.107500000000000000e+03 5.353750000000000000e+03 5.600000000000000000e+03 5.708294403314590454e+03 5.771000000000000000e+03 5.945086926579475403e+03 6.122481249332427979e+03 6.291000000000000000e+03 6.346600000000000364e+03 6.356000000000000000e+03 6.368000000000000000e+03 6.371000000000000000e+03
3.053750000000000000e+02 6.107500000000000000e+02 9.161250000000000000e+02 1.210672650575637817e+03 1.503812500000000000e+03 1.786125000000000000e+03 2.068437500000000000e+03 2.350750000000000000e+03 2.633062500000000000e+03 2.915375000000000000e+03 3.197687500000000000e+03 3.478437298536300659e+03 3.630239962730556726e+03 3.876250000000000000e+03 4.122500000000000000e+03 4.368750000000000000e+03 4.615000000000000000e+03 4.861250000000000000e+03 5.107500000000000000e+03 5.353750000000000000e+03 5.600000000000000000e+03 5.694495773673057556e+03 5.771000000000000000e+03 5.967065649092197418e+03 6.144043980598449707e+03 6.291000000000000000e+03 6.346600000000000364e+03 6.356000000000000000e+03 6.368000000000000000e+03 6.371000000000000000e+03
3.053750000000000000e+02 6.107500000000000000e+02 9.161250000000000000e+02 1.202401665687561035e+03 1.503812500000000000e+03 1.786125000000000000e+03 2.068437500000000000e+03 2.350750000000000000e+03 2.633062500000000000e+03 2.915375000000000000e+03 3.197687500000000000e+03 3.477239570021629333e+03 3.641501361131668091e+03 3.876250000000000000e+03 4.122500000000000000e+03 4.368750000000000000e+03 4.615000000000000000e+03 4.861250000000000000e+03 5.107500000000000000e+03 5.353750000000000000e+03 5.600000000000000000e+03 5.692521740257740021e+03 5.771000000000000000e+03 5.948282217144966125e+03 6.125352488517761230e+03 6.291000000000000000e+03 6.346600000000000364e+03 6.356000000000000000e+03 6.368000000000000000e+03 6.371000000000000000e+03
3.053750000000000000e+02 6.107500000000000000e+02 9.161250000000000000e+02 1.195981053352355957e+03 1.503812500000000000e+03 1.786125000000000000e+03 2.068437500000000000e+03 2.350750000000000000e+03 2.633062500000000000e+03 2.915375000000000000e+03 3.197687500000000000e+03 3.480768498778343201e+03 3.652690968513488770e+03 3.876250000000000000e+03 4.122500000000000000e+03 4.368750000000000000e+03 4.615000000000000000e+03 4.861250000000000000e+03 5.107500000000000000e+03 5.353750000000000000e+03 5.600000000000000000e+03 5.694966554552316666e+03 5.771000000000000000e+03 5.979968596160411835e+03 6.148569339722394943e+03 6.291000000000000000e+03 6.346600000000000364e+03 6.356000000000000000e+03 6.368000000000000000e+03 6.371000000000000000e+03
3.053750000000000000e+02 6.107500000000000000e+02 9.161250000000000000e+02 1.203399921894073486e+03 1.503812500000000000e+03 1.786125000000000000e+03 2.068437500000000000e+03 2.350750000000000000e+03 2.633062500000000000e+03 2.915375000000000000e+03 3.197687500000000000e+03 3.478222015500068665e+03 3.629409307055175304e+03 3.876250000000000000e+03 4.122500000000000000e+03 4.368750000000000000e+03 4.615000000000000000e+03 4.861250000000000000e+03 5.107500000000000000e+03 5.353750000000000000e+03 5.600000000000000000e+03 5.685193837046623230e+03 5.771000000000000000e+03 5.964502948582172394e+03 6.127636064052581787e+03 6.291000000000000000e+03 6.346600000000000364e+03 6.356000000000000000e+03 6.368000000000000000e+03 6.371000000000000000e+03
3.053750000000000000e+02 6.107500000000000000e+02 9.161250000000000000e+02 1.205689084768295288e+03 1.503812500000000000e+03 1.786125000000000000e+03 2.068437500000000000e+03 2.350750000000000000e+03 2.633062500000000000e+03 2.915375000000000000e+03 3.197687500000000000e+03 3.477125927805900574e+03 3.629993243621429428e+03 3.876250000000000000e+03 4.122500000000000000e+03 4.368750000000000000e+03 4.615000000000000000e+03 4.861250000000000000e+03 5.107500000000000000e+03 5.353750000000000000e+03 5.600000000000000000e+03 5.692135908961296082e+03 5.771000000000000000e+03 5.965978298544883728e+03 6.132650179624557495e+03 6.291000000000000000e+03 6.346600000000000364e+03 6.356000000000000000e+03 6.368000000000000000e+03 6.371000000000000000e+03
3.053750000000000000e+02 6.107500000000000000e+02 9.161250000000000000e+02 1.203800113439559937e+03 1.503812500000000000e+03 1.786125000000000000e+03 2.068437500000000000e+03 2.350750000000000000e+03 2.633062500000000000e+03 2.915375000000000000e+03 3.197687500000000000e+03 3.478492036461830139e+03 3.635097840428352356e+03 3.876250000000000000e+03 4.122500000000000000e+03 4.368750000000000000e+03 4.615000000000000000e+03 4.861250000000000000e+03 5.107500000000000000e+03 5.353750000000000000e+03 5.600000000000000000e+03 5.697697489023208618e+03 5.771000000000000000e+03 5.962455043554306030e+03 6.129801245689392090e+03 6.291000000000000000e+03 6.346600000000000364e+03 6.356000000000000000e+03 6.368000000000000000e+03 6.371000000000000000e+03
3.053750000000000000e+02 6.107500000000000000e+02 9.161250000000000000e+02 1.201935453653335571e+03 1.503812500000000000e+03 1.786125000000000000e+03 2.068437500000000000e+03 2.350750000000000000e+03 2.633062500000000000e+03 2.915375000000000000e+03 3.197687500000000000e+03 3.479200100898742676e+03 3.627577104419469833e+03 3.876250000000000000e+03 4.122500000000000000e+03 4.368750000000000000e+03 4.615000000000000000e+03 4.861250000000000000e+03 5.107500000000000000e+03 5.353750000000000000e+03 5.600000000000000000e+03 5.674233612179756165e+03 5.771000000000000000e+03 5.974124660179018974e+03 6.133111425399780273e+03 6.291000000000000000e+03 6.346600000000000364e+03 6.356000000000000000e+03 6.368000000000000000e+03 6.371000000000000000e+03
3.053750000000000000e+02 6.107500000000000000e+02 9.161250000000000000e+02 1.205845306158065796e+03 1.503812500000000000e+03 1.786125000000000000e+03 2.068437500000000000e+03 2.350750000000000000e+03 2.633062500000000000e+03 2.915375000000000000e+03 3.197687500000000000e+03 3.481154820322990417e+03 3.629172296300530434e+03 3.876250000000000000e+03 4.122500000000000000e+03 4.368750000000000000e+03 4.615000000000000000e+03 4.861250000000000000e+03 5.107500000000000000e+03 5.353750000000000000e+03 5.600000000000000000e+03 5.685269993901252747e+03 5.771000000000000000e+03 5.963933052480220795e+03 6.132593586206436157e+03 6.291000000000000000e+03 6.346600000000000364e+03 6.356000000000000000e+03 6.368000000000000000e+03 6.371000000000000000e+03
3.053750000000000000e+02 6.107500000000000000e+02 9.161250000000000000e+02 1.202450481891632080e+03 1.503812500000000000e+03 1.786125000000000000e+03 2.068437500000000000e+03 2.350750000000000000e+03 2.633062500000000000e+03 2.915375000000000000e+03 3.197687500000000000e+03 3.479221966862678528e+03 3.625050884187221527e+03 3.876250000000000000e+03 4.122500000000000000e+03 4.368750000000000000e+03 4.615000000000000000e+03 4.861250000000000000e+03 5.107500000000000000e+03 5.353750000000000000e+03 5.600000000000000000e+03 5.700693941175937653e+03 5.771000000000000000e+03 5.956400363504886627e+03 6.135336221218109131e+03 6.291000000000000000e+03 6.346600000000000364e+03 6.356000000000000000e+03 6.368000000000000000e+03 6.371000000000000000e+03
3.053750000000000000e+02 6.107500000000000000e+02 9.161250000000000000e+02 1.205197723150253296e+03 1.503812500000000000e+03 1.786125000000000000e+03 2.068437500000000000e+03 2.350750000000000000e+03 2.633062500000000000e+03 2.915375000000000000e+03 3.197687500000000000e+03 3.478560999035835266e+03 3.624032434821128845e+03 3.876250000000000000e+03 4.122500000000000000e+03 4.368750000000000000e+03 4.615000000000000000e+03 4.861250000000000000e+03 5.107500000000000000e+03 5.353750000000000000e+03 5.600000000000000000e+03 5.695975522458553314e+03 5.771000000000000000e+03 5.979280445039272308e+03 6.133818310260772705e+03 6.291000000000000000e+03 6.346600000000000364e+03 6.356000000000000000e+03 6.368000000000000000e+03 6.371000000000000000e+03
3.053750000000000000e+02 6.107500000000000000e+02 9.161250000000000000e+02 1.208133952856063843e+03 1.503812500000000000e+03 1.786125000000000000e+03 2.068437500000000000e+03 2.350750000000000000e+03 2.633062500000000000e+03 2.915375000000000000e+03 3.197687500000000000e+03 3.476024580001831055e+03 3.625381828546524048e+03 3.876250000000000000e+03 4.122500000000000000e+03 4.368750000000000000e+03 4.615000000000000000e+03 4.861250000000000000e+03 5.107500000000000000e+03 5.353750000000000000e+03 5.600000000000000000e+03 5.706501495897769928e+03 5.771000000000000000e+03 5.972681149937212467e+03 6.141924957990646362e+03 6.291000000000000000e+03 6.346600000000000364e+03 6.356000000000000000e+03 6.368000000000000000e+03 6.371000000000000000e+03
3.053750000000000000e+02 6.107500000000000000e+02 9.161250000000000000e+02 1.208859219789505005e+03 1.503812500000000000e+03 1.786125000000000000e+03 2.068437500000000000e+03 2.350750000000000000e+03 2.633062500000000000e+03 2.915375000000000000e+03 3.197687500000000000e+03 3.475158336758613586e+03 3.618103715181350708e+03 3.876250000000000000e+03 4.122500000000000000e+03 4.368750000000000000e+03 4.615000000000000000e+03 4.861250000000000000e+03 5.107500000000000000e+03 5.353750000000000000e+03 5.600000000000000000e+03 5.695589365720748901e+03 5.771000000000000000e+03 5.973532329410314560e+03 6.137300076246261597e+03 6.291000000000000000e+03 6.346600000000000364e+03 6.356000000000000000e+03 6.368000000000000000e+03 6.371000000000000000e+03
3.053750000000000000e+02 6.107500000000000000e+02 9.161250000000000000e+02 1.207621758222579956e+03 1.503812500000000000e+03 1.786125000000000000e+03 2.068437500000000000e+03 2.350750000000000000e+03 2.633062500000000000e+03 2.915375000000000000e+03 3.197687500000000000e+03 3.476238498091697693e+03 3.617221124172210693e+03 3.876250000000000000e+03 4.122500000000000000e+03 4.368750000000000000e+03 4.615000000000000000e+03 4.861250000000000000e+03 5.107500000000000000e+03 5.353750000000000000e+03 5.600000000000000000e+03 5.692781293153762817e+03 5.771000000000000000e+03 5.943416169643402100e+03 6.118503993511199951e+03 6.291000000000000000e+03 6.346600000000000364e+03 6.356000000000000000e+03 6.368000000000000000e+03 6.371000000000000000e+03
3.053750000000000000e+02 6.107500000000000000e+02 9.161250000000000000e+02 1.207522105216979980e+03 1.503812500000000000e+03 1.786125000000000000e+03 2.068437500000000000e+03 2.350750000000000000e+03 2.633062500000000000e+03 2.915375000000000000e+03 3.197687500000000000e+03 3.477231600880622864e+03 3.623849320411682129e+03 3.876250000000000000e+03 4.122500000000000000e+03 4.368750000000000000e+03 4.615000000000000000e+03 4.861250000000000000e+03 5.107500000000000000e+03 5.353750000000000000e+03 5.600000000000000000e+03 5.676787198543548584e+03 5.771000000000000000e+03 5.970292990490794182e+03 6.138777466773986816e+03 6.291000000000000000e+03 6.346600000000000364e+03 6.356000000000000000e+03 6.368000000000000000e+03 6.371000000000000000e+03
3.053750000000000000e+02 6.107500000000000000e+02 9.161250000000000000e+02 1.206250572443008423e+03 1.503812500000000000e+03 1.786125000000000000e+03 2.068437500000000000e+03 2.350750000000000000e+03 2.633062500000000000e+03 2.915375000000000000e+03 3.197687500000000000e+03 3.479678189754486084e+03 3.639929477572441101e+03 3.876250000000000000e+03 4.122500000000000000e+03 4.368750000000000000e+03 4.615000000000000000e+03 4.861250000000000000e+03 5.107500000000000000e+03 5.353750000000000000e+03 5.600000000000000000e+03 5.676496318340301514e+03 5.771000000000000000e+03 5.981710946619510651e+03 6.142287108063697815e+03 6.291000000000000000e+03 6.346600000000000364e+03 6.356000000000000000e+03 6.368000000000000000e+03 6.371000000000000000e+03
3.053750000000000000e+02 6.107500000000000000e+02 9.161250000000000000e+02 1.209202535390853882e+03 1.503812500000000000e+03 1.786125000000000000e+03 2.068437500000000000e+03 2.350750000000000000e+03 2.633062500000000000e+03 2.915375000000000000e+03 3.197687500000000000e+03 3.480563843250274658e+03 3.624535074830055237e+03 3.876250000000000000e+03 4.122500000000000000e+03 4.368750000000000000e+03 4.615000000000000000e+03 4.861250000000000000e+03 5.107500000000000000e+03 5.353750000000000000e+03 5.600000000000000000e+03 5.694230003863573074e+03 5.771000000000000000e+03 5.953122765779495239e+03 6.131792787075042725e+03 6.291000000000000000e+03 6.346600000000000364e+03 6.356000000000000000e+03 6.368000000000000000e+03 6.371000000000000000e+03
3.053750000000000000e+02 6.107500000000000000e+02 9.161250000000000000e+02 1.210494345664978027e+03 1.503812500000000000e+03 1.786125000000000000e+03 2.068437500000000000e+03 2.350750000000000000e+03 2.633062500000000000e+03 2.915375000000000000e+03 3.197687500000000000e+03 3.476883640885353088e+03 3.658990106582641602e+03 3.876250000000000000e+03 4.122500000000000000e+03 4.368750000000000000e+03 4.615000000000000000e+03 4.861250000000000000e+03 5.107500000000000000e+03 5.353750000000000000e+03 5.600000000000000000e+03 5.670469813108444214e+03 5.771000000000000000e+03 5.975043739438056946e+03 6.133424453496932983e+03 6.291000000000000000e+03 6.346600000000000364e+03 6.356000000000000000e+03 6.368000000000000000e+03 6.371000000000000000e+03
3.053750000000000000e+02 6.107500000000000000e+02 9.161250000000000000e+02 1.207889433145523071e+03 1.503812500000000000e+03 1.786125000000000000e+03 2.068437500000000000e+03 2.350750000000000000e+03 2.633062500000000000e+03 2.915375000000000000e+03 3.197687500000000000e+03 3.474270577728748322e+03 3.618087551593780518e+03 3.876250000000000000e+03 4.122500000000000000e+03 4.368750000000000000e+03 4.615000000000000000e+03 4.861250000000000000e+03 5.107500000000000000e+03 5.353750000000000000e+03 5.600000000000000000e+03 5.704175306543707848e+03 5.771000000000000000e+03 5.973344183400273323e+03 6.146375718176364899e+03 6.291000000000000000e+03 6.346600000000000364e+03 6.356000000000000000e+03 6.368000000000000000e+03 6.371000000000000000e+03
3.053750000000000000e+02 6.107500000000000000e+02 9.161250000000000000e+02 1.205379377841949463e+03 1.503812500000000000e+03 1.786125000000000000e+03 2.068437500000000000e+03 2.350750000000000000e+03 2.633062500000000000e+03 2.915375000000000000e+03 3.197687500000000000e+03 3.477234852313995361e+03 3.622401964664459229e+03 3.876250000000000000e+03 4.122500000000000000e+03 4.368750000000000000e+03 4.615000000000000000e+03 4.861250000000000000e+03 5.107500000000000000e+03 5.353750000000000000e+03 5.600000000000000000e+03 5.702855806000530720e+03 5.771000000000000000e+03 5.951695465803146362e+03 6.124733758926391602e+03 6.291000000000000000e+03 6.346600000000000364e+03 6.356000000000000000e+03 6.368000000000000000e+03 6.371000000000000000e+03
3.053750000000000000e+02 6.107500000000000000e+02 9.161250000000000000e+02 1.210091021299362183e+03 1.503812500000000000e+03 1.786125000000000000e+03 2.068437500000000000e+03 2.350750000000000000e+03 2.633062500000000000e+03 2.915375000000000000e+03 3.197687500000000000e+03 3.479136544466018677e+03 3.644799432754516602e+03 3.876250000000000000e+03 4.122500000000000000e+03 4.368750000000000000e+03 4.615000000000000000e+03 4.861250000000000000e+03 5.107500000000000000e+03 5.353750000000000000e+03 5.600000000000000000e+03 5.703011869102716446e+03 5.771000000000000000e+03 5.961221215784549713e+03 6.134056215047836304e+03 6.291000000000000000e+03 6.346600000000000364e+03 6.356000000000000000e+03 6.368000000000000000e+03 6.371000000000000000e+03
3.053750000000000000e+02 6.107500000000000000e+02 9.161250000000000000e+02 1.206892810106277466e+03 1.503812500000000000e+03 1.786125000000000000e+03 2.068437500000000000e+03 2.350750000000000000e+03 2.633062500000000000e+03 2.915375000000000000e+03 3.197687500000000000e+03 3.481078362464904785e+03 3.641174416542053223e+03 3.876250000000000000e+03 4.122500000000000000e+03 4.368750000000000000e+03 4.615000000000000000e+03 4.861250000000000000e+03 5.107500000000000000e+03 5.353750000000000000e+03 5.600000000000000000e+03 5.708141435146331787e+03 5.771000000000000000e+03 5.958018499970436096e+03 6.138845011949539185e+03 6.291000000000000000e+03 6.346600000000000364e+03 6.356000000000000000e+03 6.368000000000000000e+03 6.371000000000000000e+03
3.053750000000000000e+02 6.107500000000000000e+02 9.161250000000000000e+02 1.210651006937026978e+03 1.503812500000000000e+03 1.786125000000000000e+03 2.068437500000000000e+03 2.350750000000000000e+03 2.633062500000000000e+03 2.915375000000000000e+03 3.197687500000000000e+03 3.478376877307891846e+03 3.628239500820636749e+03 3.876250000000000000e+03 4.122500000000000000e+03 4.368750000000000000e+03 4.615000000000000000e+03 4.861250000000000000e+03 5.107500000000000000e+03 5.353750000000000000e+03 5.600000000000000000e+03 5.693910173684358597e+03 5.771000000000000000e+03 5.969272168785333633e+03 6.133688708305358887e+03 6.291000000000000000e+03 6.346600000000000364e+03 6.356000000000000000e+03 6.368000000000000000e+03 6.371000000000000000e+03
3.053750000000000000e+02 6.107500000000000000e+02 9.161250000000000000e+02 1.205201616525650024e+03 1.503812500000000000e+03 1.786125000000000000e+03 2.068437500000000000e+03 2.350750000000000000e+03 2.633062500000000000e+03 2.915375000000000000e+03 3.197687500000000000e+03 3.479449379444122314e+03 3.620648757219314575e+03 3.876250000000000000e+03 4.122500000000000000e+03 4.368750000000000000e+03 4.615000000000000000e+03 4.861250000000000000e+03 5.107500000000000000e+03 5.353750000000000000e+03 5.600000000000000000e+03 5.698200909256935120e+03 5.771000000000000000e+03 5.957725513339042664e+03 6.122608643531799316e+03 6.291000000000000000e+03 6.346600000000000364e+03 6.356000000000000000e+03 6.368000000000000000e+03 6.371000000000000000e+03
3.053750000000000000e+02 6.107500000000000000e+02 9.161250000000000000e+02 1.204154860019683838e+03 1.503812500000000000e+03 1.786125000000000000e+03 2.068437500000000000e+03 2.350750000000000000e+03 2.633062500000000000e+03 2.915375000000000000e+03 3.197687500000000000e+03 3.477364775538444519e+03 3.643795899152755737e+03 3.876250000000000000e+03 4.122500000000000000e+03 4.368750000000000000e+03 4.615000000000000000e+03 4.861250000000000000e+03 5.107500000000000000e+03 5.353750000000000000e+03 5.600000000000000000e+03 5.689448817431926727e+03 5.771000000000000000e+03 5.976643165707588196e+03 6.136258076190948486e+03 6.291000000000000000e+03 6.346600000000000364e+03 6.356000000000000000e+03 6.368000000000000000e+03 6.371000000000000000e+03
3.053750000000000000e+02 6.107500000000000000e+02 9.161250000000000000e+02 1.208427592754364014e+03 1.503812500000000000e+03 1.786125000000000000e+03 2.068437500000000000e+03 2.350750000000000000e+03 2.633062500000000000e+03 2.915375000000000000e+03 3.197687500000000000e+03 3.480292266607284546e+03 3.614677370786666870e+03 3.876250000000000000e+03 4.122500000000000000e+03 4.368750000000000000e+03 4.615000000000000000e+03 4.861250000000000000e+03 5.107500000000000000e+03 5.353750000000000000e+03 5.600000000000000000e+03 5.689482218980789185e+03 5.771000000000000000e+03 5.964650198280811310e+03 6.136214205980300903e+03 6.291000000000000000e+03 6.346600000000000364e+03 6.356000000000000000e+03 6.368000000000000000e+03 6.371000000000000000e+03
3.053750000000000000e+02 6.107500000000000000e+02 9.161250000000000000e+02 1.209275150537490845e+03 1.503812500000000000e+03 1.786125000000000000e+03 2.068437500000000000e+03 2.350750000000000000e+03 2.633062500000000000e+03 2.915375000000000000e+03 3.197687500000000000e+03 3.476400789618492126e+03 3.640211709737777710e+03 3.876250000000000000e+03 4.122500000000000000e+03 4.368750000000000000e+03 4.615000000000000000e+03 4.861250000000000000e+03 5.107500000000000000e+03 5.353750000000000000e+03 5.600000000000000000e+03 5.681278609395027161e+03 5.771000000000000000e+03 5.975058949351310730e+03 6.118310483455657959e+03 6.291000000000000000e+03 6.346600000000000364e+03 6.356000000000000000e+03 6.368000000000000000e+03 6.371000000000000000e+03
3.053750000000000000e+02 6.107500000000000000e+02 9.161250000000000000e+02 1.211631766796112061e+03 1.503812500000000000e+03 1.786125000000000000e+03 2.068437500000000000e+03 2.350750000000000000e+03 2.633062500000000000e+03 2.915375000000000000e+03 3.197687500000000000e+03 3.478239968419075012e+03 3.626944254636764526e+03 3.876250000000000000e+03 4.122500000000000000e+03 4.368750000000000000e+03 4.615000000000000000e+03 4.861250000000000000e+03 5.107500000000000000e+03 5.353750000000000000e+03 5.600000000000000000e+03 5.711921459794044495e+03 5.771000000000000000e+03 5.959669096529483795e+03 6.122742422580718994e+03 6.291000000000000000e+03 6.346600000000000364e+03 6.356000000000000000e+03 6.368000000000000000e+03 6.371000000000000000e+03
3.053750000000000000e+02 6.107500000000000000e+02 9.161250000000000000e+02 1.203128473997116089e+03 1.503812500000000000e+03 1.786125000000000000e+03 2.068437500000000000e+03 2.350750000000000000e+03 2.633062500000000000e+03 2.915375000000000000e+03 3.197687500000000000e+03 3.479318702220916748e+03 3.624501754641532898e+03 3.876250000000000000e+03 4.122500000000000000e+03 4.368750000000000000e+03 4.615000000000000000e+03 4.861250000000000000e+03 5.107500000000000000e+03 5.353750000000000000e+03 5.600000000000000000e+03 5.697135528236627579e+03 5.771000000000000000e+03 5.957239859163761139e+03 6.129274741172790527e+03 6.291000000000000000e+03 6.346600000000000364e+03 6.356000000000000000e+03 6.368000000000000000e+03 6.371000000000000000e+03
3.053750000000000000e+02 6.107500000000000000e+02 9.161250000000000000e+02 1.203504140615463257e+03 1.503812500000000000e+03 1.786125000000000000e+03 2.068437500000000000e+03 2.350750000000000000e+03 2.633062500000000000e+03 2.915375000000000000e+03 3.197687500000000000e+03 3.478943875432014465e+03 3.640374443531036377e+03 3.876250000000000000e+03 4.122500000000000000e+03 4.368750000000000000e+03 4.615000000000000000e+03 4.861250000000000000e+03 5.107500000000000000e+03 5.353750000000000000e+03 5.600000000000000000e+03 5.698955595701932907e+03 5.771000000000000000e+03 5.959484661579132080e+03 6.132509081125259399e+03 6.291000000000000000e+03 6.346600000000000364e+03 6.356000000000000000e+03 6.368000000000000000e+03 6.371000000000000000e+03
3.053750000000000000e+02 6.107500000000000000e+02 9.161250000000000000e+02 1.200729969978332520e+03 1.503812500000000000e+03 1.786125000000000000e+03 2.068437500000000000e+03 2.350750000000000000e+03 2.633062500000000000e+03 2.915375000000000000e+03 3.197687500000000000e+03 3.477965918183326721e+03 3.630714223682880402e+03 3.876250000000000000e+03 4.122500000000000000e+03 4.368750000000000000e+03 4.615000000000000000e+03 4.861250000000000000e+03 5.107500000000000000e+03 5.353750000000000000e+03 5.600000000000000000e+03 5.699402081243693829e+03 5.771000000000000000e+03 5.963622694969177246e+03 6.127115009784698486e+03 6.291000000000000000e+03 6.346600000000000364e+03 6.356000000000000000e+03 6.368000000000000000e+03 6.371000000000000000e+03
3.053750000000000000e+02 6.107500000000000000e+02 9.161250000000000000e+02 1.203572672843933105e+03 1.503812500000000000e+03 1.786125000000000000e+03 2.068437500000000000e+03 2.350750000000000000e+03 2.633062500000000000e+03 2.915375000000000000e+03 3.197687500000000000e+03 3.477299138903617859e+03 3.623504850864410400e+03 3.876250000000000000e+03 4.122500000000000000e+03 4.368750000000000000e+03 4.615000000000000000e+03 4.861250000000000000e+03 5.107500000000000000e+03 5.353750000000000000e+03 5.600000000000000000e+03 5.703579617649316788e+03 5.771000000000000000e+03 5.980446864426136017e+03 6.143978008389472961e+03 6.291000000000000000e+03 6.346600000000000364e+03 6.356000000000000000e+03 6.368000000000000000e+03 6.371000000000000000e+03
3.053750000000000000e+02 6.107500000000000000e+02 9.161250000000000000e+02 1.202862087726593018e+03 1.503812500000000000e+03 1.786125000000000000e+03 2.068437500000000000e+03 2.350750000000000000e+03 2.633062500000000000e+03 2.915375000000000000e+03 3.197687500000000000e+03 3.477843496203422546e+03 3.636243169307708740e+03 3.876250000000000000e+03 4.122500000000000000e+03 4.368750000000000000e+03 4.615000000000000000e+03 4.861250000000000000e+03 5.107500000000000000e+03 5.353750000000000000e+03 5.600000000000000000e+03 5.701893457736819983e+03 5.771000000000000000e+03 5.953575072050094604e+03 6.131877587795257568e+03 6.291000000000000000e+03 6.346600000000000364e+03 6.356000000000000000e+03 6.368000000000000000e+03 6.371000000000000000e+03
3.053750000000000000e+02 6.107500000000000000e+02 9.161250000000000000e+02 1.213636960029602051e+03 1.503812500000000000e+03 1.786125000000000000e+03 2.068437500000000000e+03 2.350750000000000000e+03 2.633062500000000000e+03 2.915375000000000000e+03 3.197687500000000000e+03 3.480646464228630066e+03 3.619844141006469727e+03 3.876250000000000000e+03 4.122500000000000000e+03 4.368750000000000000e+03 4.615000000000000000e+03 4.861250000000000000e+03 5.107500000000000000e+03 5.353750000000000000e+03 5.600000000000000000e+03 5.694854085952043533e+03 5.771000000000000000e+03 5.946028791427612305e+03 6.122641373634338379e+03 6.291000000000000000e+03 6.346600000000000364e+03 6.356000000000000000e+03 6.368000000000000000e+03 6.371000000000000000e+03
3.053750000000000000e+02 6.107500000000000000e+02 9.161250000000000000e+02 1.204724680423736572e+03 1.503812500000000000e+03 1.786125000000000000e+03 2.068437500000000000e+03 2.350750000000000000e+03 2.633062500000000000e+03 2.915375000000000000e+03 3.197687500000000000e+03 3.478422340750694275e+03 3.623520301580429077e+03 3.876250000000000000e+03 4.122500000000000000e+03 4.368750000000000000e+03 4.615000000000000000e+03 4.861250000000000000e+03 5.107500000000000000e+03 5.353750000000000000e+03 5.600000000000000000e+03 5.686912815630435944e+03 5.771000000000000000e+03 5.978694831192493439e+03 6.140551621675491333e+03 6.291000000000000000e+03 6.346600000000000364e+03 6.356000000000000000e+03 6.368000000000000000e+03 6.371000000000000000e+03
3.053750000000000000e+02 6.107500000000000000e+02 9.161250000000000000e+02 1.206111366987228394e+03 1.503812500000000000e+03 1.786125000000000000e+03 2.068437500000000000e+03 2.350750000000000000e+03 2.633062500000000000e+03 2.915375000000000000e+03 3.197687500000000000e+03 3.478439918160438538e+03 3.615599063634872437e+03 3.876250000000000000e+03 4.122500000000000000e+03 4.368750000000000000e+03 4.615000000000000000e+03 4.861250000000000000e+03 5.107500000000000000e+03 5.353750000000000000e+03 5.600000000000000000e+03 5.704567270934581757e+03 5.771000000000000000e+03 5.957781034171581268e+03 6.134184711933135986e+03 6.291000000000000000e+03 6.346600000000000364e+03 6.356000000000000000e+03 6.368000000000000000e+03 6.371000000000000000e+03
3.053750000000000000e+02 6.107500000000000000e+02 9.161250000000000000e+02 1.204022324323654175e+03 1.503812500000000000e+03 1.786125000000000000e+03 2.068437500000000000e+03 2.350750000000000000e+03 2.633062500000000000e+03 2.915375000000000000e+03 3.197687500000000000e+03 3.479668086767196655e+03 3.635885046124458313e+03 3.876250000000000000e+03 4.122500000000000000e+03 4.368750000000000000e+03 4.615000000000000000e+03 4.861250000000000000e+03 5.107500000000000000e+03 5.353750000000000000e+03 5.600000000000000000e+03 5.700064836986362934e+03 5.771000000000000000e+03 5.970225710574537516e+03 6.136747112035751343e+03 6.291000000000000000e+03 6.346600000000000364e+03 6.356000000000000000e+03 6.368000000000000000e+03 6.371000000000000000e+03
3.053750000000000000e+02 6.107500000000000000e+02 9.161250000000000000e+02 1.207248316049575806e+03 1.503812500000000000e+03 1.786125000000000000e+03 2.068437500000000000e+03 2.350750000000000000e+03 2.633062500000000000e+03 2.915375000000000000e+03 3.197687500000000000e+03 3.478312453627586365e+03 3.617126604318618774e+03 3.876250000000000000e+03 4.122500000000000000e+03 4.368750000000000000e+03 4.615000000000000000e+03 4.861250000000000000e+03 5.107500000000000000e+03 5.353750000000000000e+03 5.600000000000000000e+03 5.685362310171127319e+03 5.771000000000000000e+03 5.963990213036537170e+03 6.124545391559600830e+03 6.291000000000000000e+03 6.346600000000000364e+03 6.356000000000000000e+03 6.368000000000000000e+03 6.371000000000000000e+03
3.053750000000000000e+02 6.107500000000000000e+02 9.161250000000000000e+02 1.202234171867370605e+03 1.503812500000000000e+03 1.786125000000000000e+03 2.068437500000000000e+03 2.350750000000000000e+03 2.633062500000000000e+03 2.915375000000000000e+03 3.197687500000000000e+03 3.481969100236892700e+03 3.654743227958679199e+03 3.876250000000000000e+03 4.122500000000000000e+03 4.368750000000000000e+03 4.615000000000000000e+03 4.861250000000000000e+03 5.107500000000000000e+03 5.353750000000000000e+03 5.600000000000000000e+03 5.677091817021369934e+03 5.771000000000000000e+03 5.967005853265523911e+03 6.133431244850158691e+03 6.291000000000000000e+03 6.346600000000000364e+03 6.356000000000000000e+03 6.368000000000000000e+03 6.371000000000000000e+03
3.053750000000000000e+02 6.107500000000000000e+02 9.161250000000000000e+02 1.201940204143524170e+03 1.503812500000000000e+03 1.786125000000000000e+03 2.068437500000000000e+03 2.350750000000000000e+03 2.633062500000000000e+03 2.915375000000000000e+03 3.197687500000000000e+03 3.479848110675811768e+03 3.619021525382995605e+03 3.876250000000000000e+03 4.122500000000000000e+03 4.368750000000000000e+03 4.615000000000000000e+03 4.861250000000000000e+03 5.107500000000000000e+03 5.353750000000000000e+03 5.600000000000000000e+03 5.694627725392580032e+03 5.771000000000000000e+03 5.955754660129547119e+03 6.129624544143676758e+03 6.291000000000000000e+03 6.346600000000000364e+03 6.356000000000000000e+03 6.368000000000000000e+03 6.371000000000000000e+03
3.053750000000000000e+02 6.107500000000000000e+02 9.161250000000000000e+02 1.204017203092575073e+03 1.503812500000000000e+03 1.786125000000000000e+03 2.068437500000000000e+03 2.350750000000000000e+03 2.633062500000000000e+03 2.915375000000000000e+03 3.197687500000000000e+03 3.476693546772003174e+03 3.626770530343055725e+03 3.876250000000000000e+03 4.122500000000000000e+03 4.368750000000000000e+03 4.615000000000000000e+03 4.861250000000000000e+03 5.107500000000000000e+03 5.353750000000000000e+03 5.600000000000000000e+03 5.706114664584398270e+03 5.771000000000000000e+03 5.958541047036647797e+03 6.134837541341781616e+03 6.291000000000000000e+03 6.346600000000000364e+03 6.356000000000000000e+03 6.368000000000000000e+03 6.371000000000000000e+03
3.053750000000000000e+02 6.107500000000000000e+02 9.161250000000000000e+02 1.207677815198898315e+03 1.503812500000000000e+03 1.786125000000000000e+03 2.068437500000000000e+03 2.350750000000000000e+03 2.633062500000000000e+03 2.915375000000000000e+03 3.197687500000000000e+03 3.478979882597923279e+03 3.636014434099197388e+03 3.876250000000000000e+03 4.122500000000000000e+03 4.368750000000000000e+03 4.615000000000000000e+03 4.861250000000000000e+03 5.107500000000000000e+03 5.353750000000000000e+03 5.600000000000000000e+03 5.682925333738327026e+03 5.771000000000000000e+03 5.971184625498950481e+03 6.145328730702400208e+03 6.291000000000000000e+03 6.346600000000000364e+03 6.356000000000000000e+03 6.368000000000000000e+03 6.371000000000000000e+03
3.053750000000000000e+02 6.107500000000000000e+02 9.161250000000000000e+02 1.206801115512847900e+03 1.503812500000000000e+03 1.786125000000000000e+03 2.068437500000000000e+03 2.350750000000000000e+03 2.633062500000000000e+03 2.915375000000000000e+03 3.197687500000000000e+03 3.479586154222488403e+03 3.648099509477615356e+03 3.876250000000000000e+03 4.122500000000000000e+03 4.368750000000000000e+03 4.615000000000000000e+03 4.861250000000000000e+03 5.107500000000000000e+03 5.353750000000000000e+03 5.600000000000000000e+03 5.690710766375064850e+03 5.771000000000000000e+03 5.974206264600157738e+03 6.146990236699581146e+03 6.291000000000000000e+03 6.346600000000000364e+03 6.356000000000000000e+03 6.368000000000000000e+03 6.371000000000000000e+03
3.053750000000000000e+02 6.107500000000000000e+02 9.161250000000000000e+02 1.209617333650588989e+03 1.503812500000000000e+03 1.786125000000000000e+03 2.068437500000000000e+03 2.350750000000000000e+03 2.633062500000000000e+03 2.915375000000000000e+03 3.197687500000000000e+03 3.482299163937568665e+03 3.637694541215896606e+03 3.876250000000000000e+03 4.122500000000000000e+03 4.368750000000000000e+03 4.615000000000000000e+03 4.861250000000000000e+03 5.107500000000000000e+03 5.353750000000000000e+03 5.600000000000000000e+03 5.699225672133266926e+03 5.771000000000000000e+03 5.953135320305824280e+03 6.123484431266784668e+03 6.291000000000000000e+03 6.346600000000000364e+03 6.356000000000000000e+03 6.368000000000000000e+03 6.371000000000000000e+03
3.053750000000000000e+02 6.107500000000000000e+02 9.161250000000000000e+02 1.203239912033081055e+03 1.503812500000000000e+03 1.786125000000000000e+03 2.068437500000000000e+03 2.350750000000000000e+03 2.633062500000000000e+03 2.915375000000000000e+03 3.197687500000000000e+03 3.476523378491401672e+03 3.630710854828357697e+03 3.876250000000000000e+03 4.122500000000000000e+03 4.368750000000000000e+03 4.615000000000000000e+03 4.861250000000000000e+03 5.107500000000000000e+03 5.353750000000000000e+03 5.600000000000000000e+03 5.702484531611204147e+03 5.771000000000000000e+03 5.974513996675610542e+03 6.147431953907012939e+03 6.291000000000000000e+03 6.346600000000000364e+03 6.356000000000000000e+03 6.368000000000000000e+03 6.371000000000000000e+03
3.053750000000000000e+02 6.107500000000000000e+02 9.161250000000000000e+02 1.202807253837585449e+03 1.503812500000000000e+03 1.786125000000000000e+03 2.068437500000000000e+03 2.350750000000000000e+03 2.633062500000000000e+03 2.915375000000000000e+03 3.197687500000000000e+03 3.477204087376594543e+03 3.623874740004539490e+03 3.876250000000000000e+03 4.122500000000000000e+03 4.368750000000000000e+03 4.615000000000000000e+03 4.861250000000000000e+03 5.107500000000000000e+03 5.353750000000000000e+03 5.600000000000000000e+03 5.690531222879886627e+03 5.771000000000000000e+03 5.969863617107272148e+03 6.139177917003631592e+03 6.291000000000000000e+03 6.346600000000000364e+03 6.356000000000000000e+03 6.368000000000000000e+03 6.371000000000000000e+03
3.053750000000000000e+02 6.107500000000000000e+02 9.161250000000000000e+02 1.203929269552230835e+03 1.503812500000000000e+03 1.786125000000000000e+03 2.068437500000000000e+03 2.350750000000000000e+03 2.633062500000000000e+03 2.915375000000000000e+03 3.197687500000000000e+03 3.477137619256973267e+03 3.635424013733863831e+03 3.876250000000000000e+03 4.122500000000000000e+03 4.368750000000000000e+03 4.615000000000000000e+03 4.861250000000000000e+03 5.107500000000000000e+03 5.353750000000000000e+03 5.600000000000000000e+03 5.690305219948291779e+03 5.771000000000000000e+03 5.974831612914800644e+03 6.134098226785659790e+03 6.291000000000000000e+03 6.346600000000000364e+03 6.356000000000000000e+03 6.368000000000000000e+03 6.371000000000000000e+03
3.053750000000000000e+02 6.107500000000000000e+02 9.161250000000000000e+02 1.205313301324844360e+03 1.503812500000000000e+03 1.786125000000000000e+03 2.068437500000000000e+03 2.350750000000000000e+03 2.633062500000000000e+03 2.915375000000000000e+03 3.197687500000000000e+03 3.477477744221687317e+03 3.636602375507354736e+03 3.876250000000000000e+03 4.122500000000000000e+03 4.368750000000000000e+03 4.615000000000000000e+03 4.861250000000000000e+03 5.107500000000000000e+03 5.353750000000000000e+03 5.600000000000000000e+03 5.675722046852111816e+03 5.771000000000000000e+03 5.959108354806900024e+03 6.124137118816375732e+03 6.291000000000000000e+03 6.346600000000000364e+03 6.356000000000000000e+03 6.368000000000000000e+03 6.371000000000000000e+03
3.053750000000000000e+02 6.107500000000000000e+02 9.161250000000000000e+02 1.207907120227813721e+03 1.503812500000000000e+03 1.786125000000000000e+03 2.068437500000000000e+03 2.350750000000000000e+03 2.633062500000000000e+03 2.915375000000000000e+03 3.197687500000000000e+03 3.478029072284698486e+03 3.624301739335060120e+03 3.876250000000000000e+03 4.122500000000000000e+03 4.368750000000000000e+03 4.615000000000000000e+03 4.861250000000000000e+03 5.107500000000000000e+03 5.353750000000000000e+03 5.600000000000000000e+03 5.677404644846916199e+03 5.771000000000000000e+03 5.970881529845297337e+03 6.132995340585708618e+03 6.291000000000000000e+03 6.346600000000000364e+03 6.356000000000000000e+03 6.368000000000000000e+03 6.371000000000000000e+03
3.053750000000000000e+02 6.107500000000000000e+02 9.161250000000000000e+02 1.206368363142013550e+03 1.503812500000000000e+03 1.786125000000000000e+03 2.068437500000000000e+03 2.350750000000000000e+03 2.633062500000000000e+03 2.915375000000000000e+03 3.197687500000000000e+03 3.478746277093887329e+03 3.632641044557094574e+03 3.876250000000000000e+03 4.122500000000000000e+03 4.368750000000000000e+03 4.615000000000000000e+03 4.861250000000000000e+03 5.107500000000000000e+03 5.353750000000000000e+03 5.600000000000000000e+03 5.696799512267112732e+03 5.771000000000000000e+03 5.964701918870210648e+03 6.143937375903129578e+03 6.291000000000000000e+03 6.346600000000000364e+03 6.356000000000000000e+03 6.368000000000000000e+03 6.371000000000000000e+03
3.053750000000000000e+02 6.107500000000000000e+02 9.161250000000000000e+02 1.203570740461349487e+03 1.503812500000000000e+03 1.786125000000000000e+03 2.068437500000000000e+03 2.350750000000000000e+03 2.633062500000000000e+03 2.915375000000000000e+03 3.197687500000000000e+03 3.477625873684883118e+03 3.636120148897171021e+03 3.876250000000000000e+03 4.122500000000000000e+03 4.368750000000000000e+03 4.615000000000000000e+03 4.861250000000000000e+03 5.107500000000000000e+03 5.353750000000000000e+03 5.600000000000000000e+03 5.690666437506675720e+03 5.771000000000000000e+03 5.979400368392467499e+03 6.146798124670982361e+03 6.291000000000000000e+03 6.346600000000000364e+03 6.356000000000000000e+03 6.368000000000000000e+03 6.371000000000000000e+03
3.053750000000000000e+02 6.107500000000000000e+02 9.161250000000000000e+02 1.203800853729248047e+03 1.503812500000000000e+03 1.786125000000000000e+03 2.068437500000000000e+03 2.350750000000000000e+03 2.633062500000000000e+03 2.915375000000000000e+03 3.197687500000000000e+03 3.477541702985763550e+03 3.625811414122581482e+03 3.876250000000000000e+03 4.122500000000000000e+03 4.368750000000000000e+03 4.615000000000000000e+03 4.861250000000000000e+03 5.107500000000000000e+03 5.353750000000000000e+03 5.600000000000000000e+03 5.696139847993850708e+03 5.771000000000000000e+03 5.960218897521495819e+03 6.141716388821601868e+03 6.291000000000000000e+03 6.346600000000000364e+03 6.356000000000000000e+03 6.368000000000000000e+03 6.371000000000000000e+03
3.053750000000000000e+02 6.107500000000000000e+02 9.161250000000000000e+02 1.207247095346450806e+03 1.503812500000000000e+03 1.786125000000000000e+03 2.068437500000000000e+03 2.350750000000000000e+03 2.633062500000000000e+03 2.915375000000000000e+03 3.197687500000000000e+03 3.477822893857955933e+03 3.630523066148161888e+03 3.876250000000000000e+03 4.122500000000000000e+03 4.368750000000000000e+03 4.615000000000000000e+03 4.861250000000000000e+03 5.107500000000000000e+03 5.353750000000000000e+03 5.600000000000000000e+03 5.704341001123189926e+03 5.771000000000000000e+03 5.966849738866090775e+03 6.141717499256134033e+03 6.291000000000000000e+03 6.346600000000000364e+03 6.356000000000000000e+03 6.368000000000000000e+03 6.371000000000000000e+03
3.053750000000000000e+02 6.107500000000000000e+02 9.161250000000000000e+02 1.207188247680664062e+03 1.503812500000000000e+03 1.786125000000000000e+03 2.068437500000000000e+03 2.350750000000000000e+03 2.633062500000000000e+03 2.915375000000000000e+03 3.197687500000000000e+03 3.477335959672927856e+03 3.654017481803894043e+03 3.876250000000000000e+03 4.122500000000000000e+03 4.368750000000000000e+03 4.615000000000000000e+03 4.861250000000000000e+03 5.107500000000000000e+03 5.353750000000000000e+03 5.600000000000000000e+03 5.700404469747096300e+03 5.771000000000000000e+03 5.974691262304782867e+03 6.134480808734893799e+03 6.291000000000000000e+03 6.346600000000000364e+03 6.356000000000000000e+03 6.368000000000000000e+03 6.371000000000000000e+03
3.053750000000000000e+02 6.107500000000000000e+02 9.161250000000000000e+02 1.210944494247436523e+03 1.503812500000000000e+03 1.786125000000000000e+03 2.068437500000000000e+03 2.350750000000000000e+03 2.633062500000000000e+03 2.915375000000000000e+03 3.197687500000000000e+03 3.479141154885292053e+03 3.634955092072486877e+03 3.876250000000000000e+03 4.122500000000000000e+03 4.368750000000000000e+03 4.615000000000000000e+03 4.861250000000000000e+03 5.107500000000000000e+03 5.353750000000000000e+03 5.600000000000000000e+03 5.695339727610349655e+03 5.771000000000000000e+03 5.974302501365542412e+03 6.132222581863403320e+03 6.291000000000000000e+03 6.346600000000000364e+03 6.356000000000000000e+03 6.368000000000000000e+03 6.371000000000000000e+03
3.053750000000000000e+02 6.107500000000000000e+02 9.161250000000000000e+02 1.201725113630294800e+03 1.503812500000000000e+03 1.786125000000000000e+03 2.068437500000000000e+03 2.350750000000000000e+03 2.633062500000000000e+03 2.915375000000000000e+03 3.197687500000000000e+03 3.476286810636520386e+03 3.629045487642288208e+03 3.876250000000000000e+03 4.122500000000000000e+03 4.368750000000000000e+03 4.615000000000000000e+03 4.861250000000000000e+03 5.107500000000000000e+03 5.353750000000000000e+03 5.600000000000000000e+03 5.692985873281955719e+03 5.771000000000000000e+03 5.959136988282203674e+03 6.137337515115737915e+03 6.291000000000000000e+03 6.346600000000000364e+03 6.356000000000000000e+03 6.368000000000000000e+03 6.371000000000000000e+03
3.053750000000000000e+02 6.107500000000000000e+02 9.161250000000000000e+02 1.202287898302078247e+03 1.503812500000000000e+03 1.786125000000000000e+03 2.068437500000000000e+03 2.350750000000000000e+03 2.633062500000000000e+03 2.915375000000000000e+03 3.197687500000000000e+03 3.478344780206680298e+03 3.635160897970199585e+03 3.876250000000000000e+03 4.122500000000000000e+03 4.368750000000000000e+03 4.615000000000000000e+03 4.861250000000000000e+03 5.107500000000000000e+03 5.353750000000000000e+03 5.600000000000000000e+03 5.696461894124746323e+03 5.771000000000000000e+03 5.950961050152778625e+03 6.131740989446640015e+03 6.291000000000000000e+03 6.346600000000000364e+03 6.356000000000000000e+03 6.368000000000000000e+03 6.371000000000000000e+03
3.053750000000000000e+02 6.107500000000000000e+02 9.161250000000000000e+02 1.203237145185470581e+03 1.503812500000000000e+03 1.786125000000000000e+03 2.068437500000000000e+03 2.350750000000000000e+03 2.633062500000000000e+03 2.915375000000000000e+03 3.197687500000000000e+03 3.480104050040245056e+03 3.649422774314880371e+03 3.876250000000000000e+03 4.122500000000000000e+03 4.368750000000000000e+03 4.615000000000000000e+03 4.861250000000000000e+03 5.107500000000000000e+03 5.353750000000000000e+03 5.600000000000000000e+03 5.702234267652034760e+03 5.771000000000000000e+03 5.955750854969024658e+03 6.140102288484573364e+03 6.291000000000000000e+03 6.346600000000000364e+03 6.356000000000000000e+03 6.368000000000000000e+03 6.371000000000000000e+03
3.053750000000000000e+02 6.107500000000000000e+02 9.161250000000000000e+02 1.206213127613067627e+03 1.503812500000000000e+03 1.786125000000000000e+03 2.068437500000000000e+03 2.350750000000000000e+03 2.633062500000000000e+03 2.915375000000000000e+03 3.197687500000000000e+03 3.478133860230445862e+03 3.628249865323305130e+03 3.876250000000000000e+03 4.122500000000000000e+03 4.368750000000000000e+03 4.615000000000000000e+03 4.861250000000000000e+03 5.107500000000000000e+03 5.353750000000000000e+03 5.600000000000000000e+03 5.701307101421058178e+03 5.771000000000000000e+03 5.955069244861602783e+03 6.134443481922149658e+03 6.291000000000000000e+03 6.346600000000000364e+03 6.356000000000000000e+03 6.368000000000000000e+03 6.371000000000000000e+03
3.053750000000000000e+02 6.107500000000000000e+02 9.161250000000000000e+02 1.201954889535903931e+03 1.503812500000000000e+03 1.786125000000000000e+03 2.068437500000000000e+03 2.350750000000000000e+03 2.633062500000000000e+03 2.915375000000000000e+03 3.197687500000000000e+03 3.478055134415626526e+03 3.631229628995060921e+03 3.876250000000000000e+03 4.122500000000000000e+03 4.368750000000000000e+03 4.615000000000000000e+03 4.861250000000000000e+03 5.107500000000000000e+03 5.353750000000000000e+03 5.600000000000000000e+03 5.690824116528034210e+03 5.771000000000000000e+03 5.986037415027618408e+03 6.149156857937574387e+03 6.291000000000000000e+03 6.346600000000000364e+03 6.356000000000000000e+03 6.368000000000000000e+03 6.371000000000000000e+03
3.053750000000000000e+02 6.107500000000000000e+02 9.161250000000000000e+02 1.207381114006042480e+03 1.503812500000000000e+03 1.786125000000000000e+03 2.068437500000000000e+03 2.350750000000000000e+03 2.633062500000000000e+03 2.915375000000000000e+03 3.197687500000000000e+03 3.479534915089607239e+03 3.625753685832023621e+03 3.876250000000000000e+03 4.122500000000000000e+03 4.368750000000000000e+03 4.615000000000000000e+03 4.861250000000000000e+03 5.107500000000000000e+03 5.353750000000000000e+03 5.600000000000000000e+03 5.703059020102024078e+03 5.771000000000000000e+03 5.971045298008481041e+03 6.139630326986312866e+03 6.291000000000000000e+03 6.346600000000000364e+03 6.356000000000000000e+03 6.368000000000000000e+03 6.371000000000000000e+03
3.053750000000000000e+02 6.107500000000000000e+02 9.161250000000000000e+02 1.206899336814880371e+03 1.503812500000000000e+03 1.786125000000000000e+03 2.068437500000000000e+03 2.350750000000000000e+03 2.633062500000000000e+03 2.915375000000000000e+03 3.197687500000000000e+03 3.479872837662696838e+03 3.631043644770979881e+03 3.876250000000000000e+03 4.122500000000000000e+03 4.368750000000000000e+03 4.615000000000000000e+03 4.861250000000000000e+03 5.107500000000000000e+03 5.353750000000000000e+03 5.600000000000000000e+03 5.698545382678508759e+03 5.771000000000000000e+03 5.968763095796108246e+03 6.135320365190505981e+03 6.291000000000000000e+03 6.346600000000000364e+03 6.356000000000000000e+03 6.368000000000000000e+03 6.371000000000000000e+03
3.053750000000000000e+02 6.107500000000000000e+02 9.161250000000000000e+02 1.206624796628952026e+03 1.503812500000000000e+03 1.786125000000000000e+03 2.068437500000000000e+03 2.350750000000000000e+03 2.633062500000000000e+03 2.915375000000000000e+03 3.197687500000000000e+03 3.476590132713317871e+03 3.633019336760044098e+03 3.876250000000000000e+03 4.122500000000000000e+03 4.368750000000000000e+03 4.615000000000000000e+03 4.861250000000000000e+03 5.107500000000000000e+03 5.353750000000000000e+03 5.600000000000000000e+03 5.685059147238731384e+03 5.771000000000000000e+03 5.973465269491076469e+03 6.134744183778762817e+03 6.291000000000000000e+03 6.346600000000000364e+03 6.356000000000000000e+03 6.368000000000000000e+03 6.371000000000000000e+03
3.053750000000000000e+02 6.107500000000000000e+02 9.161250000000000000e+02 1.204565346479415894e+03 1.503812500000000000e+03 1.786125000000000000e+03 2.068437500000000000e+03 2.350750000000000000e+03 2.633062500000000000e+03 2.915375000000000000e+03 3.197687500000000000e+03 3.480006954073905945e+03 3.635634944438934326e+03 3.876250000000000000e+03 4.122500000000000000e+03 4.368750000000000000e+03 4.615000000000000000e+03 4.861250000000000000e+03 5.107500000000000000e+03 5.353750000000000000e+03 5.600000000000000000e+03 5.703923568040132523e+03 5.771000000000000000e+03 5.967365400254726410e+03 6.143239650487899780e+03 6.291000000000000000e+03 6.346600000000000364e+03 6.356000000000000000e+03 6.368000000000000000e+03 6.371000000000000000e+03
3.053750000000000000e+02 6.107500000000000000e+02 9.161250000000000000e+02 1.207517947196960449e+03 1.503812500000000000e+03 1.786125000000000000e+03 2.068437500000000000e+03 2.350750000000000000e+03 2.633062500000000000e+03 2.915375000000000000e+03 3.197687500000000000e+03 3.474364046752452850e+03 3.621675049066543579e+03 3.876250000000000000e+03 4.122500000000000000e+03 4.368750000000000000e+03 4.615000000000000000e+03 4.861250000000000000e+03 5.107500000000000000e+03 5.353750000000000000e+03 5.600000000000000000e+03 5.707321668475866318e+03 5.771000000000000000e+03 5.973519316226243973e+03 6.134220362663269043e+03 6.291000000000000000e+03 6.346600000000000364e+03 6.356000000000000000e+03 6.368000000000000000e+03 6.371000000000000000e+03
3.053750000000000000e+02 6.107500000000000000e+02 9.161250000000000000e+02 1.206368830442428589e+03 1.503812500000000000e+03 1.786125000000000000e+03 2.068437500000000000e+03 2.350750000000000000e+03 2.633062500000000000e+03 2.915375000000000000e+03 3.197687500000000000e+03 3.479236042499542236e+03 3.616463425159454346e+03 3.876250000000000000e+03 4.122500000000000000e+03 4.368750000000000000e+03 4.615000000000000000e+03 4.861250000000000000e+03 5.107500000000000000e+03 5.353750000000000000e+03 5.600000000000000000e+03 5.691332264602184296e+03 5.771000000000000000e+03 5.986251364111900330e+03 6.138415485382080078e+03 6.291000000000000000e+03 6.346600000000000364e+03 6.356000000000000000e+03 6.368000000000000000e+03 6.371000000000000000e+03
3.053750000000000000e+02 6.107500000000000000e+02 9.161250000000000000e+02 1.204661563873291016e+03 1.503812500000000000e+03 1.786125000000000000e+03 2.068437500000000000e+03 2.350750000000000000e+03 2.633062500000000000e+03 2.915375000000000000e+03 3.197687500000000000e+03 3.478985702991485596e+03 3.640278141498565674e+03 3.876250000000000000e+03 4.122500000000000000e+03 4.368750000000000000e+03 4.615000000000000000e+03 4.861250000000000000e+03 5.107500000000000000e+03 5.353750000000000000e+03 5.600000000000000000e+03 5.682989583373069763e+03 5.771000000000000000e+03 5.956983755588531494e+03 6.131245691537857056e+03 6.291000000000000000e+03 6.346600000000000364e+03 6.356000000000000000e+03 6.368000000000000000e+03 6.371000000000000000e+03
3.053750000000000000e+02 6.107500000000000000e+02 9.161250000000000000e+02 1.204338797569274902e+03 1.503812500000000000e+03 1.786125000000000000e+03 2.068437500000000000e+03 2.350750000000000000e+03 2.633062500000000000e+03 2.915375000000000000e+03 3.197687500000000000e+03 3.479530549049377441e+03 3.618101681470870972e+03 3.876250000000000000e+03 4.122500000000000000e+03 4.368750000000000000e+03 4.615000000000000000e+03 4.861250000000000000e+03 5.107500000000000000e+03 5.353750000000000000e+03 5.600000000000000000e+03 5.687363357007503510e+03 5.771000000000000000e+03 5.969457520827651024e+03 6.135125405550003052e+03 6.291000000000000000e+03 6.346600000000000364e+03 6.356000000000000000e+03 6.368000000000000000e+03 6.371000000000000000e+03
3.053750000000000000e+02 6.107500000000000000e+02 9.161250000000000000e+02 1.206735519409179688e+03 1.503812500000000000e+03 1.786125000000000000e+03 2.068437500000000000e+03 2.350750000000000000e+03 2.633062500000000000e+03 2.915375000000000000e+03 3.197687500000000000e+03 3.477244421839714050e+03 3.621666444540023804e+03 3.876250000000000000e+03 4.122500000000000000e+03 4.368750000000000000e+03 4.615000000000000000e+03 4.861250000000000000e+03 5.107500000000000000e+03 5.353750000000000000e+03 5.600000000000000000e+03 5.688967046201229095e+03 5.771000000000000000e+03 5.946731313824653625e+03 6.120815332889556885e+03 6.291000000000000000e+03 6.346600000000000364e+03 6.356000000000000000e+03 6.368000000000000000e+03 6.371000000000000000e+03
3.053750000000000000e+02 6.107500000000000000e+02 9.161250000000000000e+02 1.206517942190170288e+03 1.503812500000000000e+03 1.786125000000000000e+03 2.068437500000000000e+03 2.350750000000000000e+03 2.633062500000000000e+03 2.915375000000000000e+03 3.197687500000000000e+03 3.478671064972877502e+03 3.626663343906402588e+03 3.876250000000000000e+03 4.122500000000000000e+03 4.368750000000000000e+03 4.615000000000000000e+03 4.861250000000000000e+03 5.107500000000000000e+03 5.353750000000000000e+03 5.600000000000000000e+03 5.693095512151718140e+03 5.771000000000000000e+03 5.963517185360193253e+03 6.145371482729911804e+03 6.291000000000000000e+03 6.346600000000000364e+03 6.356000000000000000e+03 6.368000000000000000e+03 6.371000000000000000e+03
3.053750000000000000e+02 6.107500000000000000e+02 9.161250000000000000e+02 1.200205286979675293e+03 1.503812500000000000e+03 1.786125000000000000e+03 2.068437500000000000e+03 2.350750000000000000e+03 2.633062500000000000e+03 2.915375000000000000e+03 3.197687500000000000e+03 3.480715799331665039e+03 3.633859011828899384e+03 3.876250000000000000e+03 4.122500000000000000e+03 4.368750000000000000e+03 4.615000000000000000e+03 4.861250000000000000e+03 5.107500000000000000e+03 5.353750000000000000e+03 5.600000000000000000e+03 5.699088329285383224e+03 5.771000000000000000e+03 5.959984166681766510e+03 6.140632389545440674e+03 6.291000000000000000e+03 6.346600000000000364e+03 6.356000000000000000e+03 6.368000000000000000e+03 6.371000000000000000e+03
3.053750000000000000e+02 6.107500000000000000e+02 9.161250000000000000e+02 1.205729451417922974e+03 1.503812500000000000e+03 1.786125000000000000e+03 2.068437500000000000e+03 2.350750000000000000e+03 2.633062500000000000e+03 2.915375000000000000e+03 3.197687500000000000e+03 3.478854727745056152e+03 3.638750481009483337e+03 3.876250000000000000e+03 4.122500000000000000e+03 4.368750000000000000e+03 4.615000000000000000e+03 4.861250000000000000e+03 5.107500000000000000e+03 5.353750000000000000e+03 5.600000000000000000e+03 5.690229102432727814e+03 5.771000000000000000e+03 5.964257471024990082e+03 6.133398583889007568e+03 6.291000000000000000e+03 6.346600000000000364e+03 6.356000000000000000e+03 6.368000000000000000e+03 6.371000000000000000e+03
3.053750000000000000e+02 6.107500000000000000e+02 9.161250000000000000e+02 1.207474349975585938e+03 1.503812500000000000e+03 1.786125000000000000e+03 2.068437500000000000e+03 2.350750000000000000e+03 2.633062500000000000e+03 2.915375000000000000e+03 3.197687500000000000e+03 3.478835704922676086e+03 3.629599358104169369e+03 3.876250000000000000e+03 4.122500000000000000e+03 4.368750000000000000e+03 4.615000000000000000e+03 4.861250000000000000e+03 5.107500000000000000e+03 5.353750000000000000e+03 5.600000000000000000e+03 5.698071599289774895e+03 5.771000000000000000e+03 5.979250106573104858e+03 6.146469815433025360e+03 6.291000000000000000e+03 6.346600000000000364e+03 6.356000000000000000e+03 6.368000000000000000e+03 6.371000000000000000e+03
3.053750000000000000e+02 6.107500000000000000e+02 9.161250000000000000e+02 1.203249465465545654e+03 1.503812500000000000e+03 1.786125000000000000e+03 2.068437500000000000e+03 2.350750000000000000e+03 2.633062500000000000e+03 2.915375000000000000e+03 3.197687500000000000e+03 3.478417095541954041e+03 3.638793295621871948e+03 3.876250000000000000e+03 4.122500000000000000e+03 4.368750000000000000e+03 4.615000000000000000e+03 4.861250000000000000e+03 5.107500000000000000e+03 5.353750000000000000e+03 5.600000000000000000e+03 5.703536603510379791e+03 5.771000000000000000e+03 5.964953489512205124e+03 6.142329274773597717e+03 6.291000000000000000e+03 6.346600000000000364e+03 6.356000000000000000e+03 6.368000000000000000e+03 6.371000000000000000e+03
3.053750000000000000e+02 6.107500000000000000e+02 9.161250000000000000e+02 1.207664569854736328e+03 1.503812500000000000e+03 1.786125000000000000e+03 2.068437500000000000e+03 2.350750000000000000e+03 2.633062500000000000e+03 2.915375000000000000e+03 3.197687500000000000e+03 3.479711505770683289e+03 3.628672628998756409e+03 3.876250000000000000e+03 4.122500000000000000e+03 4.368750000000000000e+03 4.615000000000000000e+03 4.861250000000000000e+03 5.107500000000000000e+03 5.353750000000000000e+03 5.600000000000000000e+03 5.702483290083706379e+03 5.771000000000000000e+03 5.967137557327747345e+03 6.148244627773761749e+03 6.291000000000000000e+03 6.346600000000000364e+03 6.356000000000000000e+03 6.368000000000000000e+03 6.371000000000000000e+03
3.053750000000000000e+02 6.107500000000000000e+02 9.161250000000000000e+02 1.201474634647369385e+03 1.503812500000000000e+03 1.786125000000000000e+03 2.068437500000000000e+03 2.350750000000000000e+03 2.633062500000000000e+03 2.915375000000000000e+03 3.197687500000000000e+03 3.478976222872734070e+03 3.640813288688659668e+03 3.876250000000000000e+03 4.122500000000000000e+03 4.368750000000000000e+03 4.615000000000000000e+03 4.861250000000000000e+03 5.107500000000000000e+03 5.353750000000000000e+03 5.600000000000000000e+03 5.687218257546424866e+03 5.771000000000000000e+03 5.958192303538322449e+03 6.133535336017608643e+03 6.291000000000000000e+03 6.346600000000000364e+03 6.356000000000000000e+03 6.368000000000000000e+03 6.371000000000000000e+03
