1.131186800048947383e+01 1.119057147499943916e+01 1.132101604174702381e+01 1.108778419403313542e+01 1.102870973557109480e+01 1.108478318679681429e+01 1.099903228761477969e+01 1.115058307002570182e+01 1.094495988212419313e+01 1.107949829299039202e+01 1.102067485035213501e+01 1.109004983130435740e+01 1.535889139079578491e+01 2.499511295774910025e+01 2.499297041753783333e+01 2.482652264108806150e+01 2.514081760642996599e+01 2.483289345883319399e+01 2.502323551578916039e+01 2.499921951781464813e+01 2.495810177207534153e+01 2.901786941541082854e+01 1.959177458831232954e+01 3.979401829526457135e+01 2.023927664489245615e+01 3.738472909713396408e+00 3.132643760301782265e+00 6.799999999999999822e+00 5.799999999999999822e+00 1.449999999999999956e+00
1.107727769705987697e+01 1.112723439326486918e+01 1.139904014783720854e+01 1.098531962411861507e+01 1.113027197366573162e+01 1.110767945328796635e+01 1.098564660419958372e+01 1.099239372505783585e+01 1.097830567929166357e+01 1.106104291923204208e+01 1.095021633214316203e+01 1.109856161458589163e+01 1.528396181870795267e+01 2.507466489526639464e+01 2.489982537175206900e+01 2.498164759815676561e+01 2.495257292552106776e+01 2.500857060197813908e+01 2.487503669767199810e+01 2.510914668986766785e+01 2.481239264827535607e+01 2.938841656721391615e+01 1.977096251716596953e+01 3.958870972992822601e+01 2.047881046620211265e+01 3.447575765873153397e+00 3.447291409787487382e+00 6.799999999999999822e+00 5.799999999999999822e+00 1.449999999999999956e+00
1.110780750843249187e+01 1.106164916245266028e+01 1.142049667900977106e+01 1.104932924779302539e+01 1.108806246972207177e+01 1.102615418681677184e+01 1.113816002916888159e+01 1.083411126652291401e+01 1.094672237469943887e+01 1.111473592367002183e+01 1.103279283302408764e+01 1.111329810694615361e+01 1.521432497032363962e+01 2.510152439854998008e+01 2.491331692475710824e+01 2.492663374220020955e+01 2.500179541404136785e+01 2.497304497376342169e+01 2.489388950446716109e+01 2.510470979915850620e+01 2.484537296405218498e+01 2.927634266799313068e+01 1.928446897393915549e+01 3.986809460931725368e+01 2.026792574332323937e+01 3.780472295483182421e+00 3.114664298462486602e+00 6.799999999999999822e+00 5.799999999999999822e+00 1.449999999999999956e+00
1.129080901300131146e+01 1.129877869543330604e+01 1.136866154274959229e+01 1.103207200039773639e+01 1.114484647631023506e+01 1.105223395881125192e+01 1.109956889123038692e+01 1.105860221706126367e+01 1.096545740807082936e+01 1.100541700387725363e+01 1.096416702901234963e+01 1.100410330047453833e+01 1.525243762891238930e+01 2.510311996129461320e+01 2.485508795528232895e+01 2.500236579551545191e+01 2.490775306699190494e+01 2.509433195635098102e+01 2.478168378119771731e+01 2.520480970645711594e+01 2.478673794981447287e+01 2.931695658162627183e+01 1.937078109941601411e+01 3.975849402920776043e+01 2.025285474405322006e+01 3.752778403799013951e+00 3.302638538194545337e+00 6.799999999999999822e+00 5.799999999999999822e+00 1.449999999999999956e+00
1.101794944668757559e+01 1.106012515751279324e+01 1.149418417561379613e+01 1.100556998424564981e+01 1.112434110711394730e+01 1.108272631221954363e+01 1.106276335061141403e+01 1.099192818601240340e+01 1.098166793384656259e+01 1.096636329096104312e+01 1.100800259210849674e+01 1.104043874750392895e+01 1.520511254073182705e+01 2.510393329014779695e+01 2.489173534981726377e+01 2.499041339277124152e+01 2.489766424657523203e+01 2.506310994228774547e+01 2.478359126181753780e+01 2.517947349475535646e+01 2.476549760382960130e+01 2.946733838175995501e+01 1.929799878941818747e+01 3.976433896224620668e+01 2.018572466000515320e+01 3.787744166949272628e+00 3.173948592737859453e+00 6.799999999999999822e+00 5.799999999999999822e+00 1.449999999999999956e+00
1.114549185099486373e+01 1.114006380813420094e+01 1.140626692034289213e+01 1.106422498564200652e+01 1.096563319043953655e+01 1.107855992541543699e+01 1.108432716544547603e+01 1.112738996098998712e+01 1.110217364530348938e+01 1.093482727683035627e+01 1.105253632235563543e+01 1.101431807973919419e+01 1.524641422952299941e+01 2.499305001020391259e+01 2.513080486671017511e+01 2.466726372613555185e+01 2.521909411283587943e+01 2.482749651279501890e+01 2.495816965992617398e+01 2.508708288511486728e+01 2.481482054087594946e+01 2.939019201041232776e+01 1.910031426668210131e+01 3.994755787563537552e+01 2.012995390968013965e+01 3.958157653443971746e+00 2.905229651295071935e+00 6.799999999999999822e+00 5.799999999999999822e+00 1.449999999999999956e+00
1.106611311170576073e+01 1.111090282749305125e+01 1.137389194930264580e+01 1.107504929084534950e+01 1.120008581148704607e+01 1.097006568709173280e+01 1.117503954123601062e+01 1.107132793552257333e+01 1.104839089796516838e+01 1.101194277608548688e+01 1.105612967443080485e+01 1.105040996910492623e+01 1.537131612681386095e+01 2.493350336895951358e+01 2.503344598944301680e+01 2.491318293166195019e+01 2.488568036785028781e+01 2.518891116335902680e+01 2.464445517554704779e+01 2.537439187709237842e+01 2.462357596951145666e+01 2.945926090316783785e+01 1.986131976719122960e+01 3.963139352216256839e+01 2.032143497131407628e+01 3.724386348223494014e+00 3.185694624672386066e+00 6.799999999999999822e+00 5.799999999999999822e+00 1.449999999999999956e+00
1.128019239135071494e+01 1.107821370965556085e+01 1.142703723609159638e+01 1.092342469193784105e+01 1.130705390013303280e+01 1.101444961258306421e+01 1.104665084012977694e+01 1.105519443198654628e+01 1.105260844282195087e+01 1.103155748621054677e+01 1.094917714887966476e+01 1.112475297619143078e+01 1.516805555744653056e+01 2.517827065602049785e+01 2.484589353374397547e+01 2.490942103496177040e+01 2.506165465083240917e+01 2.488772660480694299e+01 2.497963638572357326e+01 2.499381881251991189e+01 2.495527670321589397e+01 2.932266154277652959e+01 1.876142780673085753e+01 3.996069887713129987e+01 2.013548745361187287e+01 3.984778307438108236e+00 2.897967756041068377e+00 6.799999999999999822e+00 5.799999999999999822e+00 1.449999999999999956e+00
1.124965192268173197e+01 1.128331012812184397e+01 1.130915284780954089e+01 1.103740840652911359e+01 1.118579903308608081e+01 1.100293269263224971e+01 1.112884374267448528e+01 1.107806487159931130e+01 1.105194333382222815e+01 1.099107985511988872e+01 1.097801798580310084e+01 1.098866494289434392e+01 1.528470109556132606e+01 2.504202339274127453e+01 2.496816354769931579e+01 2.489565304714196614e+01 2.494239016833754619e+01 2.505552286639530024e+01 2.476444616253968789e+01 2.522147120376607887e+01 2.471541057390248497e+01 2.950599081457568928e+01 1.924900086039704306e+01 3.973569707387761696e+01 2.032905027254556174e+01 3.754196021095304925e+00 3.125202132884577821e+00 6.799999999999999822e+00 5.799999999999999822e+00 1.449999999999999956e+00
1.098655032539608456e+01 1.121901922976214649e+01 1.139059109806313330e+01 1.102078685806212377e+01 1.125294586906812278e+01 1.100140430765175381e+01 1.108360995800544302e+01 1.106590890873544630e+01 1.100543415510247236e+01 1.098847356518791862e+01 1.094434308753998053e+01 1.106982771392246434e+01 1.532043170278220501e+01 2.497538976330742599e+01 2.504269022023742863e+01 2.482558794867735941e+01 2.506336674076167981e+01 2.489486521961270071e+01 2.492527995304955724e+01 2.501644892473514048e+01 2.496331470475790226e+01 2.906173594524061699e+01 1.902430345813601065e+01 3.997001669478889596e+01 2.004789634692444267e+01 3.951862148760427296e+00 3.026842254763483897e+00 6.799999999999999822e+00 5.799999999999999822e+00 1.449999999999999956e+00
1.110448348888722947e+01 1.138716930864906196e+01 1.131876985123290247e+01 1.126313234527200891e+01 1.102114576951012737e+01 1.123978086058933457e+01 1.109961423694963401e+01 1.111310216383608207e+01 1.114066804215271134e+01 1.113377596266010272e+01 1.094551792094793186e+01 1.107913370310399515e+01 1.524962763182628400e+01 2.500417137684721069e+01 2.503391890597580982e+01 2.484290562832050853e+01 2.504367359381194902e+01 2.498369489442716684e+01 2.484243129037960784e+01 2.514554175313854500e+01 2.482474003474380098e+01 2.915603463934563777e+01 1.947816071391176607e+01 3.977236945928852663e+01 2.020445091850863761e+01 3.788529815172604565e+00 3.305475446582759602e+00 6.799999999999999822e+00 5.799999999999999822e+00 1.449999999999999956e+00
1.101492990454775445e+01 1.125491762822240993e+01 1.128827776121692850e+01 1.102640265000795594e+01 1.120281961274105598e+01 1.089691059273451401e+01 1.107517369941455243e+01 1.108932752145589795e+01 1.107914701060153995e+01 1.106134596186265107e+01 1.111350377414495405e+01 1.096766076311211435e+01 1.538661168715264971e+01 2.492087400632119198e+01 2.512328904769510984e+01 2.470852851992230370e+01 2.518511675878058753e+01 2.482740352780084692e+01 2.494122838320932090e+01 2.504956593435221990e+01 2.484859188902901295e+01 2.928386401486871549e+01 1.925440457548600648e+01 3.980774281378703705e+01 2.015602851206078228e+01 3.985931923903926588e+00 2.882509036877580755e+00 6.799999999999999822e+00 5.799999999999999822e+00 1.449999999999999956e+00
1.138770459167386129e+01 1.135203655050979066e+01 1.132615382265935011e+01 1.107007474689879167e+01 1.115052040849536930e+01 1.101880014938138252e+01 1.104299173127487776e+01 1.110083626693625902e+01 1.111535678647467940e+01 1.108857616356391240e+01 1.108372682650097651e+01 1.105261072781144271e+01 1.544590021697258742e+01 2.489071356968371518e+01 2.511593662119902248e+01 2.478774573723866581e+01 2.509653299748968891e+01 2.496463907198465648e+01 2.484243163143387534e+01 2.518206169696581043e+01 2.476115556926885120e+01 2.938540836179893034e+01 1.934754786359662759e+01 3.976112178897842853e+01 2.025976231195114607e+01 3.609824219277067314e+00 3.393095606613382831e+00 6.799999999999999822e+00 5.799999999999999822e+00 1.449999999999999956e+00
1.107938872250928952e+01 1.127861717684720233e+01 1.126295869949770179e+01 1.105938692241724475e+01 1.122507669097103111e+01 1.109766543326541388e+01 1.115121193920122522e+01 1.103766841836602808e+01 1.102095508951034297e+01 1.106485911564337599e+01 1.100991862928678522e+01 1.099027213260088587e+01 1.514593783509100788e+01 2.515507748465985927e+01 2.491531736050653834e+01 2.486835521403322602e+01 2.508450385003911265e+01 2.487114882393214543e+01 2.497205895418864685e+01 2.505640975803303405e+01 2.488794030130931390e+01 2.907799693372719219e+01 1.959260656352782348e+01 3.980671705787507619e+01 2.026376462290174629e+01 3.685360180611390035e+00 3.308992075642230191e+00 6.799999999999999822e+00 5.799999999999999822e+00 1.449999999999999956e+00
1.081345563340600080e+01 1.117793366930648702e+01 1.137646839695907808e+01 1.102325051345358276e+01 1.100779284355965260e+01 1.111633423793829856e+01 1.110475623737172945e+01 1.107961600385175238e+01 1.096166844581846611e+01 1.093709261895931206e+01 1.098399483562388035e+01 1.106409603000240160e+01 1.539122962075223633e+01 2.497247374479539062e+01 2.493979935497443634e+01 2.494560825468889931e+01 2.492855928771368568e+01 2.502110711691614497e+01 2.481701840346794441e+01 2.514895419140167476e+01 2.477116599654602425e+01 2.946176675623216212e+01 1.925755726760833753e+01 3.975745936930185565e+01 2.016190752026553668e+01 3.817766870731910345e+00 3.166693198667568598e+00 6.799999999999999822e+00 5.799999999999999822e+00 1.449999999999999956e+00
1.111008262520939560e+01 1.108238092059820445e+01 1.143468633790694788e+01 1.100506647211518008e+01 1.114670973454990133e+01 1.116942277515464710e+01 1.108894283715358320e+01 1.113180870608825579e+01 1.103125747086430231e+01 1.104496079247065765e+01 1.099512378602494600e+01 1.103219239769118332e+01 1.523910115000246179e+01 2.515268399938549493e+01 2.480211487883703825e+01 2.509106612048820040e+01 2.486644622604097421e+01 2.507354329742477006e+01 2.483752751338974463e+01 2.515376744783173990e+01 2.481800099887657041e+01 2.951204956965564463e+01 1.927230006198734813e+01 3.982851088737954370e+01 2.024987686804345444e+01 3.755769544251297276e+00 3.100405814687560824e+00 6.799999999999999822e+00 5.799999999999999822e+00 1.449999999999999956e+00
1.098400508956551391e+01 1.119928310810323246e+01 1.140436245593800990e+01 1.096279792684859089e+01 1.113814944465636536e+01 1.102558438458921586e+01 1.112924099859034399e+01 1.105453467752376540e+01 1.105413449746049892e+01 1.105229643326876143e+01 1.099158657956210483e+01 1.103031027117625307e+01 1.533707919487173044e+01 2.501371337099710956e+01 2.492770417589197507e+01 2.499080482389161872e+01 2.489544943628056117e+01 2.505056571624161421e+01 2.485397377844493860e+01 2.510282420898653299e+01 2.484306908225640598e+01 2.942009237440705860e+01 1.917192802861789502e+01 3.985238346529956743e+01 2.013053512241638643e+01 3.871642283985832655e+00 3.091134104055254017e+00 6.799999999999999822e+00 5.799999999999999822e+00 1.449999999999999956e+00
1.113906321548075340e+01 1.121642093503606041e+01 1.139401488431520981e+01 1.106643328467813348e+01 1.103476180904098669e+01 1.094346733888687950e+01 1.102170651247374167e+01 1.112730332513881315e+01 1.106762396958312955e+01 1.105722908074080202e+01 1.097938383503796622e+01 1.100792862652775739e+01 1.530372122391694312e+01 2.499354943017540620e+01 2.500863242836700806e+01 2.486817436034797169e+01 2.497414541619332695e+01 2.510481500734441340e+01 2.473730043274358437e+01 2.531103914015843870e+01 2.470010038105003503e+01 2.936123936112260324e+01 1.955924900466368044e+01 3.977799223444429089e+01 2.027798240999434753e+01 3.759955051760456524e+00 3.255121861244564929e+00 6.799999999999999822e+00 5.799999999999999822e+00 1.449999999999999956e+00
1.112682030130895505e+01 1.131768297959498426e+01 1.131068430861773422e+01 1.110785277254051451e+01 1.125716565116154300e+01 1.106040157096054877e+01 1.096750096154755028e+01 1.104246831316640787e+01 1.102784242893668498e+01 1.108495692875114891e+01 1.100212387784620027e+01 1.106769984229861770e+01 1.527921620937537917e+01 2.511985650180229968e+01 2.485334004219726367e+01 2.509274944574256949e+01 2.479011677063531138e+01 2.516699054325910723e+01 2.471831440835636329e+01 2.523088917602340331e+01 2.472365399225045124e+01 2.956479889906669101e+01 1.919162932619598649e+01 3.977858561844717400e+01 2.032184214422418833e+01 3.579163031486349844e+00 3.348984271606174623e+00 6.799999999999999822e+00 5.799999999999999822e+00 1.449999999999999956e+00
1.117548402462368173e+01 1.117723726005735685e+01 1.136922187419322228e+01 1.108295775743327205e+01 1.117004094553200666e+01 1.103866757212196070e+01 1.098086446218768764e+01 1.109578908983054113e+01 1.111745724559822435e+01 1.111174263714262089e+01 1.095614460463513140e+01 1.105520794198725198e+01 1.520336695534713733e+01 2.515411444828662724e+01 2.485157786828893478e+01 2.499389725047271327e+01 2.491538323653541198e+01 2.510399717818680188e+01 2.475853499201851093e+01 2.524104897814279980e+01 2.471648421873864621e+01 2.952504938443920679e+01 1.936137789561416866e+01 3.978475298889326695e+01 2.013868516460818014e+01 3.987816082063010192e+00 2.875672056069153548e+00 6.799999999999999822e+00 5.799999999999999822e+00 1.449999999999999956e+00
1.118937480594577494e+01 1.128703440912794065e+01 1.134053946106611122e+01 1.102398495611804208e+01 1.118823020115293154e+01 1.107098478879605885e+01 1.099870513958567564e+01 1.101822603907868903e+01 1.101233678332509491e+01 1.106827235552022515e+01 1.087578775735759962e+01 1.102593437900526041e+01 1.512247764679795026e+01 2.516218923715309685e+01 2.489064855172118129e+01 2.492172290304465321e+01 2.492680794946403822e+01 2.508255244361668090e+01 2.473243491665751037e+01 2.526580434113758855e+01 2.468370339312081185e+01 2.943311028099493143e+01 1.952738986551401723e+01 3.972854325911992390e+01 2.009983439559447760e+01 3.963289005524871733e+00 2.997564502625240213e+00 6.799999999999999822e+00 5.799999999999999822e+00 1.449999999999999956e+00
1.113400319323780963e+01 1.109547749397859207e+01 1.139878339445498945e+01 1.106101762261937260e+01 1.113538178448727933e+01 1.114019565396370126e+01 1.099892924825615026e+01 1.111125232970945298e+01 1.109411745911928371e+01 1.102941132560941639e+01 1.099572379853536219e+01 1.103301071591948634e+01 1.535309245610792672e+01 2.489587317059828919e+01 2.521176132008657333e+01 2.463554043473849120e+01 2.524176566522963228e+01 2.482162935048167185e+01 2.492827376106970760e+01 2.513730607984281207e+01 2.476772828486148015e+01 2.952398399985872857e+01 1.933132413385625625e+01 3.972390189597409460e+01 2.027674373515688799e+01 3.736339486832734647e+00 3.197780471288160786e+00 6.799999999999999822e+00 5.799999999999999822e+00 1.449999999999999956e+00
1.132871471989808754e+01 1.124103826950728724e+01 1.133106094666681507e+01 1.111557831796742057e+01 1.117727453077999833e+01 1.087702551413172891e+01 1.116554277833683173e+01 1.111402941287711421e+01 1.103058097968027873e+01 1.112539866837375513e+01 1.097480115715245574e+01 1.089245300293889684e+01 1.541888369979251294e+01 2.493463454649863564e+01 2.500355568384566141e+01 2.491571361076027102e+01 2.495603574974119354e+01 2.506390121352246325e+01 2.479567407856943362e+01 2.521993772068789497e+01 2.474029515088764342e+01 2.945421551669909732e+01 1.938229615134231665e+01 3.970559424891446554e+01 2.036025218280008886e+01 3.725299118015198196e+00 3.230210019204384775e+00 6.799999999999999822e+00 5.799999999999999822e+00 1.449999999999999956e+00
1.100082908934625081e+01 1.108245856155343922e+01 1.145014320945164066e+01 1.099282158822754951e+01 1.116233981795509145e+01 1.104234386516614208e+01 1.096060455050306004e+01 1.102497285187278031e+01 1.100583604802863036e+01 1.099510217248223576e+01 1.092800930826524208e+01 1.103153753288502514e+01 1.526704333498440036e+01 2.501183911310420172e+01 2.497231067899107870e+01 2.493591931489384805e+01 2.485861694162766256e+01 2.521891025928043106e+01 2.461049518147863679e+01 2.538836247791659062e+01 2.462018314016986054e+01 2.946240635759422943e+01 1.963009682087615815e+01 3.970535198495648643e+01 2.019652227272382561e+01 3.928203018174162509e+00 2.997529476584900987e+00 6.799999999999999822e+00 5.799999999999999822e+00 1.449999999999999956e+00
1.098762912395685554e+01 1.101539362632485464e+01 1.142604006851003007e+01 1.107073891784601471e+01 1.102825743511137979e+01 1.114857202438228079e+01 1.099059736109584584e+01 1.104538484266364762e+01 1.098729496665784922e+01 1.107905216233006307e+01 1.097414346637211224e+01 1.103651928536906190e+01 1.521765412989994104e+01 2.508852306470051730e+01 2.491307909962287326e+01 2.498447692488134919e+01 2.492251677930801534e+01 2.508930036842313882e+01 2.471846675191275722e+01 2.526910664906483817e+01 2.470955215852765363e+01 2.954251013751185440e+01 1.937941633077802450e+01 3.979966886036752527e+01 2.017869254280321911e+01 3.950303959123149244e+00 2.939385628722036348e+00 6.799999999999999822e+00 5.799999999999999822e+00 1.449999999999999956e+00
1.088409754545754637e+01 1.122487348328416701e+01 1.139180152351084097e+01 1.103842268091551837e+01 1.106581515730937504e+01 1.104297594465711185e+01 1.107319633347859167e+01 1.105894060754078190e+01 1.095784181353960740e+01 1.102936072674164159e+01 1.098168042927077437e+01 1.096807866891577810e+01 1.520993288913249053e+01 2.511832040665958488e+01 2.483638454509098281e+01 2.506999485520474735e+01 2.480347987934627341e+01 2.515930950523267029e+01 2.472112019001733785e+01 2.521065685408116508e+01 2.481249240176293469e+01 2.920258941948697284e+01 1.947198494822227488e+01 3.982119715106968982e+01 2.012662751161565566e+01 3.885565969834799294e+00 3.101763028096330199e+00 6.799999999999999822e+00 5.799999999999999822e+00 1.449999999999999956e+00
1.104593962559363085e+01 1.129904612585503365e+01 1.140416157423574184e+01 1.097730617108968687e+01 1.121188829148922927e+01 1.107282474903193936e+01 1.108274889784855155e+01 1.116917491352201175e+01 1.102826433078412371e+01 1.106737584859021872e+01 1.098944761155069116e+01 1.101789680742333566e+01 1.526760171941078070e+01 2.505157062483949204e+01 2.499034716377150644e+01 2.482204464589074178e+01 2.508063221477446803e+01 2.492516413383455998e+01 2.488681051925718890e+01 2.511157779439311710e+01 2.481474333786491115e+01 2.936960267559332038e+01 1.927835606974901239e+01 3.982316347488379904e+01 2.020656992219187487e+01 3.881778916572276472e+00 2.999948647396075252e+00 6.799999999999999822e+00 5.799999999999999822e+00 1.449999999999999956e+00
1.105121685368638573e+01 1.127944880099913938e+01 1.136618099163664475e+01 1.103808390682957352e+01 1.126392961233900003e+01 1.114286286884622967e+01 1.112070775668580680e+01 1.114477971315790228e+01 1.098129022587517944e+01 1.094369106720394136e+01 1.099159078249494037e+01 1.108274732480052016e+01 1.518398799169245628e+01 2.512807336560579685e+01 2.488143243300639895e+01 2.499369416313280112e+01 2.487598787897486119e+01 2.515601825863718233e+01 2.467313141329561432e+01 2.533540281252789583e+01 2.463169518366871813e+01 2.962132900920371981e+01 1.946133215337631484e+01 3.969608993269314112e+01 2.026515409191848960e+01 3.828915316416889425e+00 3.083774252763513246e+00 6.799999999999999822e+00 5.799999999999999822e+00 1.449999999999999956e+00
1.114584008161389050e+01 1.119462211156171705e+01 1.135756436011434545e+01 1.098116171845030919e+01 1.117839458430302813e+01 1.107718691728630667e+01 1.104005302715513537e+01 1.115307766720126281e+01 1.105273372951267952e+01 1.108241908277804555e+01 1.097938306850616641e+01 1.098656069822979831e+01 1.538421838040057743e+01 2.500360194783979395e+01 2.505829618948536108e+01 2.474236319720553468e+01 2.518096265082325758e+01 2.478715044642781251e+01 2.502424128482514831e+01 2.502492991405063094e+01 2.489265636940807980e+01 2.924453906128755065e+01 1.939419327214433153e+01 3.974272122197780988e+01 2.025880539543263481e+01 3.752921764052494780e+00 3.209558205624162497e+00 6.799999999999999822e+00 5.799999999999999822e+00 1.449999999999999956e+00
1.114718602978093642e+01 1.122454832831818727e+01 1.132937797148387205e+01 1.106829846615907265e+01 1.109201410895401274e+01 1.086532615309142891e+01 1.110176164012065314e+01 1.110161814523673129e+01 1.104328076728029018e+01 1.105074188902749910e+01 1.102611630694283384e+01 1.102776440254883283e+01 1.536098614888050484e+01 2.506348881752189328e+01 2.478343712825848399e+01 2.518584911749826816e+01 2.470153533251255951e+01 2.524718193792637067e+01 2.466267034548795323e+01 2.524493317965686856e+01 2.477723419357250378e+01 2.926312056039015275e+01 1.943573773860052611e+01 3.986718946335709290e+01 2.019084094034716159e+01 3.923155158641444817e+00 2.960278972234233752e+00 6.799999999999999822e+00 5.799999999999999822e+00 1.449999999999999956e+00
1.128401286643078194e+01 1.111449005715348726e+01 1.140792973744318317e+01 1.108882629634987005e+01 1.107114476790083835e+01 1.105167969840479536e+01 1.097268505396956151e+01 1.108047355986736804e+01 1.101200747675409275e+01 1.094676270975028842e+01 1.103605555045821518e+01 1.095387808267446772e+01 1.520494773307491698e+01 2.521028814194973577e+01 2.472232816825506418e+01 2.510375941244765841e+01 2.485150687607461606e+01 2.508262180210742542e+01 2.483434595275134882e+01 2.508728181282308256e+01 2.489178896221690707e+01 2.909442240646157529e+01 1.949035663606966295e+01 3.987474375841846097e+01 2.024497624588830291e+01 3.724767341810390153e+00 3.263896377416872330e+00 6.799999999999999822e+00 5.799999999999999822e+00 1.449999999999999956e+00
1.120885131913541066e+01 1.121617832796715497e+01 1.140589029211986372e+01 1.103014819033954907e+01 1.120202720391839968e+01 1.103178043133381614e+01 1.097339893399333377e+01 1.101898383467100828e+01 1.102647259022899107e+01 1.114006512756667178e+01 1.094080024252118832e+01 1.104932282422056922e+01 1.519629673952512761e+01 2.510533203912684996e+01 2.501079724601087406e+01 2.477179087824686832e+01 2.513173955303204465e+01 2.491394544635272013e+01 2.484663565481716319e+01 2.515593508590375649e+01 2.478273482823226459e+01 2.935070031618750264e+01 1.938028452249519873e+01 3.981961186645383322e+01 2.016302435226108969e+01 3.840605938668543828e+00 3.105648434975723848e+00 6.799999999999999822e+00 5.799999999999999822e+00 1.449999999999999956e+00
1.125661761819757878e+01 1.124982866676655924e+01 1.129272723557481761e+01 1.114128390205653929e+01 1.106963483172594032e+01 1.117120255524836914e+01 1.101051049925968073e+01 1.117526575861806393e+01 1.096178860781454922e+01 1.099705326171127240e+01 1.098047633123775135e+01 1.098209014055395905e+01 1.532947483914829512e+01 2.499158894274732035e+01 2.499066404025129273e+01 2.495595515268647091e+01 2.484969405886306859e+01 2.521910758621462634e+01 2.458603850303277127e+01 2.544901824064800167e+01 2.456083479264380287e+01 2.960846399705550169e+01 1.974110642446554920e+01 3.956624612460846890e+01 2.042919746690756710e+01 3.541509498926587174e+00 3.398790953995421305e+00 6.799999999999999822e+00 5.799999999999999822e+00 1.449999999999999956e+00
1.084628477010122616e+01 1.120237272449917043e+01 1.139280919460203023e+01 1.099245624135828336e+01 1.117562494188733169e+01 1.095647433352057654e+01 1.105284144349734277e+01 1.106794642568289611e+01 1.097431480485753852e+01 1.102159926062880757e+01 1.098853887510985139e+01 1.096995106177269541e+01 1.523437304408403214e+01 2.511441142514225078e+01 2.486368816927204861e+01 2.496618806577759386e+01 2.493102922625646656e+01 2.507766566596676583e+01 2.478348770697167325e+01 2.518170344249558568e+01 2.481697561643241556e+01 2.924028829392865347e+01 1.944682647056419000e+01 3.985406210171628771e+01 2.011258690670782912e+01 3.912347978790329250e+00 3.060261845302730155e+00 6.799999999999999822e+00 5.799999999999999822e+00 1.449999999999999956e+00
1.076103099591862211e+01 1.113091598011206784e+01 1.144842281447530219e+01 1.106243777191126121e+01 1.118333732770657996e+01 1.101575017743963691e+01 1.098975933122867410e+01 1.114053941473722809e+01 1.104731106112192585e+01 1.095108556551031853e+01 1.095835133925448268e+01 1.105315899229085375e+01 1.532629033023593834e+01 2.495475940940272253e+01 2.513986235473796782e+01 2.468064655114160999e+01 2.521948431064659246e+01 2.485648811303208916e+01 2.494787975929015289e+01 2.513171116621384016e+01 2.479664961575776516e+01 2.931597354482713769e+01 1.951402768069990756e+01 3.976219875902502565e+01 2.023250816052049217e+01 3.750032979816044776e+00 3.213645916192231500e+00 6.799999999999999822e+00 5.799999999999999822e+00 1.449999999999999956e+00
1.115533949481778464e+01 1.114635858204588104e+01 1.131519170417161746e+01 1.110340205428780891e+01 1.108054435937757987e+01 1.097893018386782238e+01 1.104628594269218489e+01 1.105394954814729758e+01 1.113601291421965200e+01 1.101420798627917108e+01 1.100779509584788407e+01 1.099713345413801768e+01 1.533518749935474368e+01 2.492831119219069791e+01 2.518694168459069260e+01 2.459527590429270205e+01 2.532947939060627007e+01 2.470481771436926621e+01 2.510109881994210212e+01 2.495336753398198937e+01 2.490694416468556582e+01 2.933799435912030162e+01 1.916020068408026944e+01 3.978061041110284179e+01 2.029576009256685154e+01 3.696479307956868077e+00 3.350720745080515872e+00 6.799999999999999822e+00 5.799999999999999822e+00 1.449999999999999956e+00
1.102001874888461685e+01 1.111494079301796845e+01 1.137981251633784652e+01 1.101297839035736814e+01 1.106363397330916065e+01 1.108280583550882703e+01 1.086826698796696000e+01 1.107945600067076342e+01 1.102824617632262871e+01 1.104151347988729270e+01 1.093779858194518617e+01 1.099005413699627809e+01 1.509533341337953871e+01 2.527791714288725444e+01 2.484115925623163434e+01 2.491932369177812134e+01 2.501334768873310566e+01 2.492080571227920771e+01 2.493779656951430468e+01 2.501541940897551797e+01 2.495121746064076618e+01 2.904378798134085571e+01 1.926421926265841478e+01 3.995058143913663429e+01 2.004108720056177617e+01 4.013619334596714161e+00 3.006424264655891854e+00 6.799999999999999822e+00 5.799999999999999822e+00 1.449999999999999956e+00
1.119434384062971155e+01 1.134049431056740787e+01 1.134319484317996363e+01 1.110350832890600437e+01 1.105060198439770325e+01 1.100214367872383647e+01 1.105509972001034313e+01 1.097740373990371765e+01 1.100797968807331273e+01 1.116162810722722831e+01 1.092588106520299363e+01 1.106407395807882565e+01 1.532585833781000062e+01 2.499314271785612007e+01 2.507272142178170071e+01 2.474242390995669538e+01 2.515106141804827899e+01 2.489371224071452815e+01 2.491731367701745725e+01 2.510447050425887028e+01 2.485470578398241059e+01 2.922306971989415558e+01 1.943952303257490044e+01 3.981334492075348663e+01 2.022050449363978331e+01 3.815638353853104014e+00 3.032450438803218074e+00 6.799999999999999822e+00 5.799999999999999822e+00 1.449999999999999956e+00
1.100504340626062039e+01 1.119380648412383294e+01 1.134096244788549335e+01 1.112437538734778286e+01 1.110906172446285467e+01 1.120749046469553356e+01 1.096733430331659775e+01 1.112285978478364434e+01 1.112181223096463079e+01 1.106957870583669745e+01 1.107227030718006766e+01 1.100204056877165470e+01 1.532505655386629151e+01 2.502080619831422226e+01 2.495594370823479125e+01 2.491857116176692344e+01 2.502012037077566120e+01 2.494925979256709425e+01 2.491210588604823073e+01 2.509102196894290060e+01 2.482995658552924567e+01 2.936237907977415773e+01 1.956111053285005141e+01 3.968439285907030012e+01 2.039985929167779943e+01 3.635556332520951006e+00 3.246866380587650980e+00 6.799999999999999822e+00 5.799999999999999822e+00 1.449999999999999956e+00
1.123364999847445311e+01 1.121722493724686487e+01 1.135505026768302983e+01 1.110027880262966349e+01 1.107887176800542406e+01 1.107489594344123063e+01 1.097565929244452576e+01 1.121953557735690232e+01 1.098022672467951466e+01 1.103343550359737435e+01 1.088899821836524850e+01 1.094488687847822206e+01 1.531132972330576614e+01 2.506684549040957322e+01 2.490781206439998741e+01 2.494691943726683192e+01 2.493157293023552512e+01 2.508632471033518030e+01 2.477859582200562727e+01 2.519182674347899464e+01 2.477750390803428715e+01 2.941199629197843635e+01 1.940459766439641243e+01 3.971832798858167735e+01 2.029448512771593016e+01 3.761550262703249103e+00 3.140442404970621215e+00 6.799999999999999822e+00 5.799999999999999822e+00 1.449999999999999956e+00
1.119542824255449354e+01 1.116029526737444399e+01 1.135836204424215090e+01 1.099484396035588496e+01 1.103901393944745735e+01 1.117687402088126447e+01 1.100864737461527021e+01 1.103529129816669752e+01 1.108916766452440505e+01 1.101753648988270484e+01 1.089438519598188115e+01 1.093669519760035591e+01 1.529987465729489493e+01 2.502755228756825190e+01 2.494300656046291209e+01 2.492095281404815665e+01 2.496139445697657777e+01 2.501385245753825259e+01 2.480929232163533982e+01 2.517627194807469238e+01 2.478124392390734343e+01 2.949388387015953938e+01 1.917922169728194248e+01 3.981532607737106133e+01 2.017573032003339861e+01 3.853448059296654460e+00 3.143400516606870809e+00 6.799999999999999822e+00 5.799999999999999822e+00 1.449999999999999956e+00
1.112248425382794892e+01 1.117805299207626923e+01 1.138285297442612709e+01 1.108645216927313371e+01 1.120383245657095728e+01 1.104192153540059351e+01 1.110303673329885932e+01 1.104246322995880725e+01 1.109713760433270480e+01 1.109785914950487751e+01 1.105315394195533507e+01 1.105312966765592364e+01 1.532772227281009236e+01 2.503445639246440280e+01 2.480994899547967592e+01 2.516110595738732059e+01 2.470030242906650031e+01 2.525245060209889303e+01 2.468545912496207251e+01 2.522526758312900341e+01 2.474908178179618545e+01 2.967707097987645071e+01 1.908794789585785168e+01 3.981228056649491265e+01 2.007412701327836402e+01 3.982976700454157193e+00 3.082898273043493731e+00 6.799999999999999822e+00 5.799999999999999822e+00 1.449999999999999956e+00
1.117783263102946556e+01 1.123692744447173730e+01 1.126471102700034344e+01 1.108645079852048276e+01 1.113030777656011061e+01 1.102553570994423282e+01 1.101341947173600211e+01 1.101536044152224569e+01 1.102536982872009297e+01 1.102519185466576523e+01 1.101822144514997603e+01 1.105863133072245041e+01 1.539813395217669978e+01 2.497510383132102163e+01 2.495061764634181500e+01 2.498698720059328338e+01 2.484263029612878881e+01 2.521938347150316773e+01 2.465999813144841468e+01 2.533064913166377607e+01 2.466082528724678014e+01 2.962973856099461756e+01 1.927594096168254012e+01 3.970895181302312693e+01 2.033306122986186537e+01 3.692679844863083538e+00 3.184909698047847293e+00 6.799999999999999822e+00 5.799999999999999822e+00 1.449999999999999956e+00
1.113829307168361993e+01 1.120303871321885580e+01 1.139990605484011787e+01 1.105752955257490910e+01 1.115711666701749927e+01 1.089359792698051876e+01 1.119416017949423825e+01 1.108441880552713243e+01 1.093146012168611314e+01 1.103399586652139952e+01 1.099705192531122755e+01 1.104972603510086770e+01 1.533733769937619229e+01 2.500041078706117403e+01 2.493343719461766383e+01 2.499460351188155016e+01 2.484798159118287941e+01 2.513776840255220435e+01 2.473427953559069437e+01 2.520316005015460448e+01 2.473663686157386721e+01 2.947213267739206088e+01 1.942420661750372801e+01 3.970609652395817335e+01 2.029183068043318627e+01 3.728012435746172581e+00 3.212974504618135718e+00 6.799999999999999822e+00 5.799999999999999822e+00 1.449999999999999956e+00
1.100738698809298732e+01 1.108468608725234361e+01 1.146320473149036623e+01 1.112009098433090415e+01 1.103674877975082325e+01 1.129540451002884183e+01 1.089378522698827112e+01 1.114497949311313008e+01 1.094867214671904954e+01 1.102727512273826349e+01 1.101193243174972025e+01 1.103942725009353332e+01 1.529606820053732896e+01 2.503319305377590709e+01 2.497180432354173263e+01 2.489868112216677432e+01 2.500091971658522638e+01 2.497497369336504391e+01 2.488325164938472156e+01 2.509873393975196620e+01 2.488020356240463116e+01 2.921042989625537700e+01 1.939484069537143185e+01 3.984971896487594023e+01 2.015354330323630450e+01 3.913273964011386052e+00 2.974924824292620507e+00 6.799999999999999822e+00 5.799999999999999822e+00 1.449999999999999956e+00
1.107076388705750603e+01 1.120019613394417490e+01 1.135319114647975169e+01 1.103061282594302028e+01 1.120100471672660980e+01 1.105645004320620117e+01 1.109111125500336570e+01 1.096651934906853043e+01 1.110348142433954166e+01 1.095383147002228696e+01 1.098113113777979422e+01 1.110089029449602904e+01 1.518900127568553060e+01 2.503730947115420946e+01 2.505837603035746497e+01 2.476341495250531821e+01 2.508027350250276655e+01 2.497580379899395453e+01 2.479843026375976933e+01 2.524052100035608959e+01 2.468620135027063256e+01 2.950958939311433227e+01 1.962024380203663299e+01 3.966460606633528130e+01 2.020676122221982141e+01 3.925662397139498605e+00 2.934631218111887652e+00 6.799999999999999822e+00 5.799999999999999822e+00 1.449999999999999956e+00
1.112309566640178637e+01 1.112045473987466515e+01 1.139330249334637024e+01 1.101750426879459788e+01 1.112222690716823514e+01 1.116090572183338026e+01 1.096190617825986990e+01 1.110276747197054448e+01 1.101636088757917165e+01 1.110723292720978783e+01 1.095894089315305209e+01 1.106282678078329340e+01 1.522216284608633252e+01 2.516848193383522059e+01 2.484628018463238774e+01 2.502627885894250426e+01 2.485699565357530005e+01 2.519349863201957618e+01 2.467162809993345718e+01 2.533982948082921993e+01 2.469052078390634719e+01 2.954562472371148374e+01 1.943212451866018498e+01 3.974687376376144954e+01 2.031989551485194312e+01 3.766215870467783056e+00 3.102463147144572719e+00 6.799999999999999822e+00 5.799999999999999822e+00 1.449999999999999956e+00
1.093300038478195724e+01 1.122113910811724047e+01 1.133616490744336325e+01 1.103943645984915811e+01 1.104391257595055720e+01 1.103030792133395543e+01 1.106334152879846577e+01 1.109300455728961587e+01 1.107280948701051848e+01 1.106630047972014985e+01 1.103545300124722495e+01 1.104015786028796242e+01 1.522020261679326758e+01 2.517973810832939918e+01 2.483471365032061584e+01 2.499961242975327735e+01 2.495296570325250229e+01 2.503877881964885077e+01 2.485020345941394027e+01 2.514148955235973659e+01 2.486576871817701573e+01 2.915639805216590119e+01 1.950967180943687396e+01 3.983274793805481551e+01 2.023672443811913624e+01 3.788968983803642665e+00 3.093341402019704311e+00 6.799999999999999822e+00 5.799999999999999822e+00 1.449999999999999956e+00
1.099651074111383942e+01 1.129688104130474713e+01 1.140415518224256353e+01 1.097478913892029517e+01 1.119306666858569521e+01 1.094797950160071309e+01 1.106019488649586968e+01 1.109155957320807673e+01 1.111957111981387136e+01 1.114438144069046110e+01 1.085732308463947504e+01 1.108381500367308803e+01 1.510207532026499422e+01 2.521504720366121077e+01 2.492308605994018578e+01 2.478717790012980515e+01 2.520499386098359551e+01 2.479409781837751225e+01 2.500335714534780251e+01 2.502495091178188957e+01 2.487030393683508933e+01 2.916740550903172746e+01 1.948087189948798326e+01 3.980264229129273446e+01 2.026835581056059965e+01 3.676420847820938143e+00 3.344460342568039479e+00 6.799999999999999822e+00 5.799999999999999822e+00 1.449999999999999956e+00
1.117338259535454981e+01 1.112725352740976348e+01 1.147988543668720673e+01 1.108822795456008770e+01 1.100422486088839236e+01 1.113599538798237987e+01 1.109071757707331862e+01 1.114222842157345994e+01 1.102116799723903284e+01 1.099548698030535476e+01 1.103998919839831849e+01 1.097736146549689096e+01 1.539062019894724287e+01 2.494527874058713124e+01 2.500815706923645720e+01 2.493536238574924724e+01 2.486361903428941389e+01 2.520935532518826605e+01 2.463752664014477389e+01 2.539118926102544904e+01 2.460037531278690537e+01 2.957299115414598489e+01 1.946846576945016594e+01 3.971964773439522389e+01 2.025933169821663071e+01 3.818866213420744504e+00 3.032654824331621590e+00 6.799999999999999822e+00 5.799999999999999822e+00 1.449999999999999956e+00
1.123141007258506896e+01 1.117786290559965678e+01 1.134880203609129090e+01 1.108136760178245339e+01 1.106014341114427246e+01 1.110474656293983742e+01 1.109738506703799388e+01 1.095133094787825101e+01 1.108970118560648643e+01 1.110020085509189691e+01 1.103025962893834411e+01 1.107380570862222591e+01 1.530055286101110212e+01 2.503575555992933133e+01 2.497565475815880731e+01 2.495227457785546932e+01 2.489647976607497171e+01 2.513468159941866631e+01 2.475603116903618073e+01 2.523707000602660599e+01 2.473359345531359921e+01 2.951139223409905554e+01 1.924588933030708304e+01 3.980391863822056564e+01 2.011681283908954398e+01 3.921543853840167237e+00 3.035126333324032810e+00 6.799999999999999822e+00 5.799999999999999822e+00 1.449999999999999956e+00
1.090342143408406628e+01 1.122889625736894814e+01 1.136032801493555588e+01 1.106969509795969309e+01 1.103586758407431390e+01 1.114811060882605176e+01 1.096222900027935410e+01 1.108735395935721257e+01 1.110121920033908438e+01 1.108702873198692096e+01 1.092947797020177525e+01 1.103177530804941142e+01 1.528611566740027783e+01 2.505202293352411402e+01 2.490992813864863464e+01 2.498534237375223555e+01 2.490434751025361848e+01 2.509966481676613270e+01 2.478579436468671560e+01 2.518312700421386197e+01 2.477616073371414984e+01 2.951411119008745487e+01 1.933489103319528724e+01 3.975670094520792475e+01 2.020719644214464239e+01 3.752112816846182142e+00 3.310339683369446728e+00 6.799999999999999822e+00 5.799999999999999822e+00 1.449999999999999956e+00
1.113481468281518971e+01 1.112165507908239093e+01 1.142835443612326074e+01 1.101955526157768617e+01 1.109718291648597344e+01 1.107496074270210684e+01 1.105800764645090517e+01 1.094630139735719077e+01 1.112921790764619168e+01 1.113781443363571455e+01 1.105994711809885267e+01 1.103169738932095356e+01 1.515075054934952625e+01 2.512907955581697195e+01 2.493413878271127970e+01 2.486677509852415113e+01 2.503571512802846399e+01 2.496642863904010312e+01 2.484259934935766267e+01 2.515293166585675522e+01 2.481874363433148645e+01 2.922915627507143199e+01 1.918332272915268888e+01 3.994273043051451566e+01 2.010372909865288094e+01 4.072030409927648087e+00 2.786381511844683523e+00 6.799999999999999822e+00 5.799999999999999822e+00 1.449999999999999956e+00
1.099164792708627836e+01 1.111318239271152031e+01 1.141655724700595620e+01 1.096097145674372975e+01 1.122604855816636515e+01 1.097927489758704134e+01 1.103744124490705047e+01 1.115226216595663722e+01 1.105232715276344813e+01 1.101906854254327506e+01 1.090909005620564898e+01 1.095350205463210003e+01 1.527876737693000386e+01 2.512909891454800970e+01 2.479791450878327552e+01 2.506872371215982298e+01 2.484327929109339905e+01 2.510280816495312450e+01 2.482793746228180964e+01 2.510646631184004107e+01 2.484359675668101985e+01 2.942838841760002566e+01 1.923449036900738562e+01 3.982353505673256677e+01 2.014337481283780207e+01 3.868396393503623187e+00 3.044303886363018741e+00 6.799999999999999822e+00 5.799999999999999822e+00 1.449999999999999956e+00
1.089296025545513125e+01 1.137267687137087613e+01 1.113609622842270674e+01 1.111274604571844193e+01 1.108647927461066551e+01 1.107939835468221546e+01 1.104186908663886868e+01 1.103452213958110306e+01 1.104502280875056641e+01 1.112977008984520744e+01 1.089661106141606695e+01 1.098332418969997448e+01 1.529885573405810817e+01 2.511863189065855906e+01 2.475679325219856963e+01 2.516054971036776777e+01 2.474707685096973009e+01 2.519278362378245717e+01 2.467371294672280513e+01 2.529912900756326621e+01 2.468197174858546816e+01 2.962817102725085405e+01 1.926828718229905135e+01 3.968151130493000522e+01 2.040869657599955644e+01 3.618180959821352349e+00 3.438345497941767359e+00 6.799999999999999822e+00 5.799999999999999822e+00 1.449999999999999956e+00
1.127556157483765453e+01 1.125220278369250337e+01 1.138161037261692776e+01 1.106489511853750685e+01 1.108275966155389192e+01 1.108054402396312277e+01 1.106666053623780499e+01 1.101239068229443951e+01 1.114685644443367352e+01 1.101251798003598203e+01 1.101260765532097707e+01 1.101009249120017053e+01 1.528138867394373968e+01 2.502126196535548530e+01 2.492462932034236189e+01 2.494410386049299078e+01 2.488491504449048719e+01 2.511677748490118844e+01 2.473877972870518960e+01 2.522085465499766599e+01 2.472609635516056414e+01 2.945419422266168041e+01 1.928085016935339269e+01 3.982031056048672468e+01 2.020778063459156471e+01 3.813909214490656119e+00 3.094232210282348738e+00 6.799999999999999822e+00 5.799999999999999822e+00 1.449999999999999956e+00
1.130368880863014347e+01 1.126120212809389365e+01 1.131755802753668760e+01 1.112974247026288843e+01 1.111042182498903585e+01 1.109545434366639505e+01 1.113379091421524336e+01 1.118599839816254793e+01 1.101893365661597990e+01 1.095799887896984082e+01 1.092348645883631519e+01 1.106953343500470410e+01 1.531693729668788073e+01 2.498394337324563708e+01 2.509262774475154245e+01 2.473041889545082839e+01 2.518102156107891432e+01 2.482253311263379558e+01 2.502636522271616926e+01 2.499298510288995701e+01 2.490760857134340611e+01 2.931725399105803831e+01 1.927318907058447905e+01 3.979328678077943948e+01 2.025931657846200906e+01 3.621313254184031383e+00 3.457127554650663903e+00 6.799999999999999822e+00 5.799999999999999822e+00 1.449999999999999956e+00
1.134982168199645258e+01 1.137911503842175875e+01 1.129995031270944494e+01 1.110327558171187334e+01 1.113273015079933437e+01 1.088822451388386447e+01 1.111919774349792078e+01 1.108061018929021913e+01 1.103767247151079012e+01 1.099976658836025578e+01 1.096757813449807628e+01 1.102811433505133110e+01 1.519743943180175449e+01 2.518771676899704559e+01 2.466992523853687658e+01 2.522526712713776931e+01 2.469686032492690231e+01 2.514431691708862360e+01 2.480087923085564228e+01 2.503628771445132273e+01 2.495201901330760919e+01 2.905314463014712345e+01 1.911401098906665652e+01 3.996878844667578079e+01 2.001053855609102072e+01 3.989446540185184631e+00 3.049696106923580174e+00 6.799999999999999822e+00 5.799999999999999822e+00 1.449999999999999956e+00
1.096675471404731006e+01 1.121203276111408087e+01 1.130659734058909294e+01 1.109129670641403109e+01 1.098867156849233950e+01 1.111220818617370831e+01 1.110850763942177188e+01 1.104454321733068412e+01 1.107610102016698939e+01 1.104077204933611611e+01 1.103686226590131092e+01 1.093602115917279072e+01 1.529878525092220265e+01 2.508124626894248621e+01 2.480119759702521876e+01 2.514208814686030635e+01 2.469675489464569651e+01 2.527875810064689333e+01 2.460921637157586872e+01 2.532818809133070914e+01 2.468386230587496755e+01 2.946355867386333927e+01 1.928982099681962836e+01 3.986269002153839125e+01 2.007084545400426734e+01 4.030128628250126077e+00 2.917651514147678871e+00 6.799999999999999822e+00 5.799999999999999822e+00 1.449999999999999956e+00
1.113662561792409811e+01 1.118261930095497370e+01 1.137274615955678669e+01 1.101797166241846249e+01 1.111923310250938890e+01 1.108238694893250731e+01 1.111866352184303963e+01 1.114252034343836151e+01 1.102357604301072591e+01 1.086666318311739232e+01 1.082903804823128446e+01 1.104364336118445600e+01 1.516494309319915601e+01 2.525034377631387628e+01 2.469328904629389143e+01 2.524429457675572408e+01 2.473560344122589072e+01 2.522352119773330514e+01 2.469980244940149916e+01 2.524905913153821402e+01 2.474993488263544350e+01 2.945268548321817548e+01 1.912908267455155098e+01 3.991427184297030806e+01 2.015667694394709741e+01 3.840519567691228708e+00 3.054332656186309780e+00 6.799999999999999822e+00 5.799999999999999822e+00 1.449999999999999956e+00
1.091733032567995743e+01 1.111605003796700863e+01 1.148494767888849033e+01 1.101079914136839122e+01 1.113932789409305713e+01 1.108427520029679947e+01 1.094229944244015940e+01 1.115021655366370190e+01 1.096878889258922740e+01 1.112129254505089726e+01 1.100121524534187500e+01 1.109411855290953142e+01 1.526785364610158879e+01 2.501655966908971607e+01 2.502515242756429714e+01 2.480726754279926638e+01 2.508904766473095904e+01 2.497167098381325090e+01 2.480053013488712566e+01 2.523760810173316926e+01 2.470993751775243652e+01 2.942506527987362830e+01 1.953120744999955249e+01 3.968238831958728241e+01 2.027084407716677816e+01 3.726919782236989942e+00 3.287868761887075220e+00 6.799999999999999822e+00 5.799999999999999822e+00 1.449999999999999956e+00
1.111849867663392111e+01 1.136031450700640200e+01 1.126970234814385563e+01 1.103725798706951267e+01 1.109419720918972985e+01 1.108550064854470563e+01 1.105146010721690431e+01 1.101501130703119280e+01 1.106602350430834925e+01 1.099369679797922750e+01 1.101169606712200100e+01 1.099139198709558585e+01 1.528499501003393490e+01 2.502211599291587873e+01 2.497875548303919757e+01 2.488818758086605243e+01 2.498432975092960717e+01 2.504498885663833363e+01 2.474554735829391916e+01 2.524751622712674148e+01 2.469619040420277400e+01 2.959415183562239093e+01 1.901037558069586453e+01 3.978869914702077182e+01 2.023556444586017022e+01 3.821896312234625448e+00 3.021738752502070025e+00 6.799999999999999822e+00 5.799999999999999822e+00 1.449999999999999956e+00
1.124004156622574868e+01 1.108515548037223120e+01 1.144239672961521848e+01 1.095776805734321968e+01 1.114274749910007678e+01 1.101820329419560629e+01 1.101082713073728847e+01 1.114620724339387436e+01 1.103651627706722849e+01 1.100286015245926663e+01 1.101757913372587261e+01 1.103472144998296578e+01 1.546855818756385936e+01 2.496747831751511271e+01 2.490828882987469939e+01 2.503165999736158298e+01 2.486494413729077380e+01 2.514639923892199036e+01 2.472387402372824994e+01 2.526835095713012791e+01 2.470642643714235120e+01 2.958285757570603280e+01 1.934097446202251191e+01 3.976528202384157851e+01 2.025459351583490530e+01 3.802428934805638150e+00 3.125700569143713192e+00 6.799999999999999822e+00 5.799999999999999822e+00 1.449999999999999956e+00
1.120102507210255283e+01 1.114617370788770856e+01 1.134560129544491147e+01 1.106530274404276248e+01 1.101046666846013444e+01 1.100028082969251741e+01 1.104954512446307113e+01 1.111901194957580330e+01 1.112332537217743678e+01 1.106657705664290958e+01 1.094717419479050591e+01 1.103842330140775374e+01 1.522806929409223642e+01 2.508029979840003776e+01 2.491317341350350034e+01 2.495058977135599676e+01 2.491326893631623918e+01 2.507639791001273366e+01 2.478191907274210593e+01 2.517559822696398086e+01 2.479680220563408355e+01 2.933117298491097102e+01 1.912783570844295511e+01 3.991188445151060193e+01 2.012159101985828613e+01 3.969271177809470696e+00 2.919509756984367765e+00 6.799999999999999822e+00 5.799999999999999822e+00 1.449999999999999956e+00
1.106669775731170091e+01 1.119575882785520804e+01 1.145208204746566949e+01 1.098146919643656894e+01 1.108735856170513401e+01 1.107355024958798495e+01 1.118449731846075323e+01 1.111257394929077158e+01 1.101159259211249974e+01 1.101858365335997547e+01 1.103110826408924616e+01 1.101523259223012730e+01 1.524419622545964614e+01 2.507189170663148303e+01 2.490714379432666803e+01 2.499277513665948192e+01 2.482125015135451207e+01 2.525708274264223974e+01 2.459095941351203507e+01 2.543877469140886305e+01 2.452722166778215396e+01 2.988825753811882180e+01 1.928906300674328378e+01 3.966021409407055387e+01 2.019188136683570178e+01 3.845414743756607745e+00 3.051925172896416516e+00 6.799999999999999822e+00 5.799999999999999822e+00 1.449999999999999956e+00
1.088710970592022953e+01 1.135128222010407661e+01 1.128154544225904132e+01 1.101433505563490733e+01 1.107046678407243867e+01 1.108040901108976151e+01 1.113850112802628622e+01 1.096093723498791128e+01 1.108824752006805525e+01 1.107092475513781160e+01 1.099438619080049762e+01 1.104599189968141282e+01 1.528645002853775736e+01 2.499919229609959004e+01 2.497585432826454976e+01 2.494695993889428465e+01 2.483461447831218649e+01 2.522507414945908621e+01 2.460538658345068441e+01 2.539782713888841315e+01 2.458811125041336254e+01 2.969169728525394092e+01 1.955300914489642494e+01 3.964975229285265357e+01 2.038670824385454239e+01 3.613774010142650539e+00 3.326198353163524857e+00 6.799999999999999822e+00 5.799999999999999822e+00 1.449999999999999956e+00
1.124083011808024679e+01 1.124155507129881748e+01 1.136731822543330317e+01 1.107838304386845785e+01 1.112123408479444642e+01 1.105038454742983767e+01 1.111534669583274315e+01 1.103979282847392440e+01 1.100029899500568753e+01 1.097678375514647620e+01 1.096654692186609026e+01 1.099002111335489573e+01 1.529320849987869835e+01 2.498663002986519999e+01 2.506478819981920125e+01 2.476904688596942350e+01 2.509783213955921255e+01 2.490404781734127582e+01 2.490497692292534282e+01 2.506149862764475600e+01 2.486021952684237135e+01 2.936690676105380504e+01 1.908315586207504211e+01 3.993341206668780075e+01 2.013487844759174550e+01 3.906024703601817194e+00 3.040307667172478467e+00 6.799999999999999822e+00 5.799999999999999822e+00 1.449999999999999956e+00
1.102964173807442982e+01 1.120121617127627367e+01 1.142040692477223196e+01 1.104040313773989190e+01 1.110129070164589926e+01 1.104929718770780589e+01 1.106080409108923135e+01 1.102388398382052159e+01 1.116872631960667483e+01 1.104827518188102786e+01 1.100149067710726136e+01 1.103613562667673698e+01 1.531724937286630350e+01 2.495866881376212731e+01 2.507500211725001549e+01 2.480034245477895993e+01 2.501598222751650269e+01 2.506704995441507933e+01 2.472167013104918709e+01 2.531840408024830325e+01 2.461068130097063644e+01 2.967550091035418802e+01 1.956442215150328678e+01 3.961604917382742030e+01 2.029075562944631983e+01 3.826317253522862671e+00 3.004999263623692407e+00 6.799999999999999822e+00 5.799999999999999822e+00 1.449999999999999956e+00
1.093879533686677163e+01 1.103107095828453943e+01 1.150083356303780135e+01 1.101187526477501955e+01 1.120862220727279102e+01 1.103409232657191374e+01 1.112840600503656852e+01 1.108369412905661910e+01 1.104900565160246373e+01 1.098427217106782550e+01 1.103328579579583035e+01 1.104548701003297850e+01 1.536561498033282191e+01 2.491686723548475513e+01 2.509779760406006943e+01 2.478613226158919858e+01 2.503199793622663094e+01 2.500926285945035232e+01 2.479379881860281287e+01 2.523967384660543445e+01 2.471542263109240523e+01 2.948866507545326243e+01 1.922194469891897484e+01 3.982919799687795148e+01 2.015909990414324682e+01 3.855937809979976372e+00 3.102836490402496317e+00 6.799999999999999822e+00 5.799999999999999822e+00 1.449999999999999956e+00
1.138449766398221286e+01 1.104083035942583635e+01 1.138705168165322057e+01 1.102317832598565062e+01 1.116518775528517260e+01 1.110773747332942918e+01 1.116688891903761061e+01 1.097292064949436607e+01 1.104128581204782300e+01 1.101836619697029285e+01 1.099631350184267298e+01 1.098553668092690216e+01 1.539126927820066548e+01 2.492900647563589089e+01 2.504837443635340577e+01 2.485849334225823171e+01 2.498194953295173093e+01 2.502585491947216667e+01 2.478133771881716285e+01 2.520184628789359138e+01 2.475354289161747801e+01 2.929905280894977437e+01 1.940494147769009814e+01 3.980344457779748524e+01 2.020247392601469372e+01 3.927420954409751364e+00 3.090499946455241620e+00 6.799999999999999822e+00 5.799999999999999822e+00 1.449999999999999956e+00
1.131288795953400772e+01 1.118953485948276949e+01 1.146104736720956829e+01 1.100413630909326201e+01 1.116518085186261366e+01 1.115613534718724154e+01 1.100819851242620828e+01 1.114680080369749859e+01 1.101777761787706034e+01 1.107996980934997566e+01 1.094007772133946510e+01 1.112020513045768588e+01 1.501405145681346731e+01 2.534301111799501882e+01 2.478400039623554107e+01 2.503264907626636671e+01 2.487399705136510875e+01 2.508994457089638530e+01 2.483543726358278647e+01 2.510491666795355670e+01 2.485831775317117831e+01 2.924158140279707041e+01 1.940002129854962121e+01 3.980916051790678978e+01 2.015202804879103837e+01 3.921455364773489993e+00 3.070179620197354797e+00 6.799999999999999822e+00 5.799999999999999822e+00 1.449999999999999956e+00
1.105979461416986886e+01 1.122564507792599464e+01 1.142454306037860690e+01 1.107826492792916717e+01 1.113374038479875594e+01 1.093348862118882181e+01 1.117386257183139797e+01 1.106495973622488904e+01 1.105946143187976283e+01 1.109309404333465920e+01 1.107315671026219484e+01 1.096312243926710295e+01 1.516297766901524469e+01 2.509946898528175652e+01 2.487799687238453572e+01 2.503073029351848788e+01 2.478558867038164948e+01 2.527199374882946969e+01 2.459499835765455700e+01 2.538410103994841194e+01 2.464301219329215797e+01 2.953603606742730747e+01 1.935384763276183051e+01 3.977397193385877472e+01 2.021423548164387185e+01 3.881920375976330106e+00 3.011602786194528925e+00 6.799999999999999822e+00 5.799999999999999822e+00 1.449999999999999956e+00
1.124993489046716810e+01 1.115940196133215423e+01 1.142927884484498158e+01 1.105833570376962705e+01 1.122517318581761536e+01 1.118796766637497342e+01 1.104448255654658162e+01 1.103168233323037661e+01 1.112143919063353614e+01 1.103220616288349731e+01 1.095345796914078917e+01 1.115934499012580439e+01 1.519236333963920949e+01 2.509157695493551543e+01 2.499616644073976346e+01 2.490929159781021340e+01 2.489853238429112992e+01 2.520370459934543916e+01 2.460407707866380989e+01 2.548139422583122382e+01 2.455549909092507121e+01 2.954984460049301020e+01 1.976716453219898995e+01 3.963005951846042052e+01 2.029494961126222208e+01 3.742764041089070570e+00 3.145140898096140614e+00 6.799999999999999822e+00 5.799999999999999822e+00 1.449999999999999956e+00
1.121441851712154758e+01 1.121329686128299663e+01 1.133940643866079157e+01 1.091169917466917383e+01 1.136224472766885008e+01 1.094072123990935630e+01 1.106683695562675140e+01 1.106508653031579392e+01 1.109282136667885510e+01 1.113954366524975725e+01 1.093507588697608668e+01 1.104093560305874355e+01 1.500908750897431254e+01 2.528214984876787597e+01 2.482058406610902068e+01 2.493605000160190954e+01 2.503001189660976422e+01 2.491973681349720593e+01 2.496054579230279558e+01 2.504444569222309269e+01 2.489790833923991897e+01 2.924054782923279916e+01 1.931187358990124991e+01 3.982636764788924211e+01 2.025874029721199676e+01 3.750885393112597388e+00 3.246957251065611505e+00 6.799999999999999822e+00 5.799999999999999822e+00 1.449999999999999956e+00
1.119672015768370699e+01 1.110091947235501308e+01 1.144787127202229193e+01 1.103532988308735696e+01 1.121596757133061750e+01 1.110814442201244212e+01 1.103052594534014474e+01 1.101012683935220871e+01 1.098433472399445243e+01 1.097857553761063087e+01 1.103087474309962346e+01 1.111827555062096273e+01 1.525937161408017317e+01 2.501470618654332156e+01 2.506840914620892846e+01 2.477913671548430230e+01 2.511936373412027379e+01 2.490895216046223481e+01 2.491938177624722783e+01 2.509784441612351458e+01 2.484727351855145372e+01 2.921271509595257854e+01 1.946120305219973901e+01 3.981857575488790246e+01 2.013542340935003594e+01 3.952365783342046246e+00 2.912008340591109690e+00 6.799999999999999822e+00 5.799999999999999822e+00 1.449999999999999956e+00
1.103131922420424438e+01 1.138636848570151017e+01 1.122117046994668321e+01 1.114139228234898837e+01 1.107885336525648512e+01 1.115220964147211724e+01 1.111280743873062171e+01 1.108093813445288056e+01 1.101356820060578912e+01 1.101027274957841229e+01 1.093781688776393146e+01 1.112028693832121817e+01 1.506426294473802407e+01 2.519703241219252021e+01 2.480889648750845566e+01 2.505868343993514813e+01 2.486096088607364507e+01 2.511231525606722670e+01 2.479255323456582971e+01 2.511983863187849764e+01 2.483687281332139563e+01 2.939592924178226596e+01 1.920648742752519667e+01 3.985831356838173889e+01 2.017321368762250344e+01 3.887849614130208575e+00 3.091604307645794858e+00 6.799999999999999822e+00 5.799999999999999822e+00 1.449999999999999956e+00
1.104278040199049471e+01 1.128528039285818885e+01 1.141128719844313011e+01 1.095080598811283146e+01 1.130152754965211059e+01 1.106188165165274917e+01 1.102654214924259790e+01 1.104353857847821452e+01 1.107807223568997657e+01 1.109263406623682435e+01 1.100715811117018639e+01 1.102087937212705882e+01 1.527932768009799425e+01 2.508818838047231026e+01 2.485968737179129562e+01 2.502667648110225684e+01 2.486529411407249768e+01 2.512298149312233519e+01 2.478391976887840897e+01 2.516324934932103830e+01 2.482632388200969942e+01 2.924202691144632738e+01 1.935659819997936992e+01 3.983923967546655831e+01 2.017126290096832975e+01 3.808334113636764329e+00 3.102773889116634098e+00 6.799999999999999822e+00 5.799999999999999822e+00 1.449999999999999956e+00
1.125359116779357649e+01 1.103041802127715698e+01 1.143179456024331486e+01 1.102572364850795417e+01 1.119285777499887047e+01 1.102690226033107912e+01 1.099696571891825414e+01 1.102457771840151146e+01 1.104162519612068749e+01 1.107129247396042615e+01 1.092562752506612966e+01 1.104349957216288658e+01 1.528551888772957490e+01 2.502553246613366156e+01 2.503089413108200390e+01 2.473843284338645532e+01 2.525254926402217492e+01 2.475962613225271269e+01 2.505760845926263514e+01 2.497893440549497157e+01 2.493148539132678110e+01 2.923009988539136472e+01 1.913464607702229259e+01 3.987535372871513317e+01 2.014104413258983683e+01 3.850499914248086242e+00 3.125049610731859495e+00 6.799999999999999822e+00 5.799999999999999822e+00 1.449999999999999956e+00
1.127225556805255735e+01 1.120124325357930317e+01 1.132086600884986005e+01 1.102302823682789423e+01 1.117686454248393879e+01 1.119161534513488476e+01 1.099154056016284109e+01 1.115427287055843664e+01 1.096268126077933758e+01 1.106731657244118239e+01 1.096727271055201136e+01 1.101629133351167944e+01 1.532061243701507536e+01 2.507240424920112432e+01 2.487459630752688255e+01 2.499539103430404907e+01 2.493092867604493534e+01 2.509490628410867075e+01 2.476973577063276011e+01 2.522194362877425533e+01 2.472575535697762916e+01 2.972343164292248474e+01 1.913179511553171253e+01 3.973852224503934139e+01 2.026878298917013765e+01 3.765529718134478898e+00 3.219898155701562903e+00 6.799999999999999822e+00 5.799999999999999822e+00 1.449999999999999956e+00
1.137544647795777131e+01 1.119082925468389611e+01 1.141871930540674462e+01 1.104263743153111577e+01 1.111331475702113636e+01 1.107841289944943952e+01 1.094990807532756349e+01 1.105523735450156053e+01 1.114928808208290967e+01 1.102770023002065614e+01 1.097656946806242573e+01 1.110328143861456596e+01 1.521136231080676637e+01 2.511300293630164049e+01 2.486969580506907462e+01 2.496502636215096516e+01 2.494966509840929803e+01 2.505785602739555173e+01 2.479794137144187260e+01 2.517590239148745468e+01 2.478353817004088455e+01 2.928320427814526639e+01 1.952922677256605510e+01 3.977510993471128842e+01 2.025481051424097600e+01 3.815294318210074476e+00 3.145300323191115410e+00 6.799999999999999822e+00 5.799999999999999822e+00 1.449999999999999956e+00
1.104124385556441545e+01 1.109773749836157108e+01 1.144689714224947075e+01 1.098822012021340022e+01 1.114477522258072106e+01 1.111653224528866524e+01 1.109330919215730127e+01 1.108298016960715593e+01 1.107816809726491947e+01 1.098535106328621147e+01 1.106619580575520345e+01 1.098317047302736782e+01 1.516624959293759822e+01 2.510425487698453395e+01 2.492220283386253499e+01 2.487780746307682733e+01 2.502511734963436041e+01 2.496713860256243933e+01 2.485321829836601637e+01 2.514938295784690681e+01 2.479296275578057163e+01 2.942513582653194248e+01 1.922814572485753715e+01 3.981671695452602222e+01 2.015342486949570144e+01 3.870080419372994740e+00 3.135252780286767127e+00 6.799999999999999822e+00 5.799999999999999822e+00 1.449999999999999956e+00
1.107590920122448175e+01 1.116115432940490315e+01 1.136250991514850028e+01 1.108339083269558145e+01 1.113447693100361136e+01 1.101613720206071534e+01 1.116216658945175233e+01 1.105511583749989057e+01 1.102664503574456845e+01 1.100771974458100644e+01 1.100733898344281769e+01 1.104205363355527680e+01 1.534376154422176874e+01 2.501904918677751155e+01 2.490087453903908710e+01 2.501187395225235832e+01 2.484412059905034909e+01 2.513732710408477544e+01 2.474076706987436935e+01 2.516028507743897080e+01 2.483775693157600273e+01 2.930609503564985729e+01 1.920088598251067324e+01 3.992885595263649634e+01 2.010679268363313099e+01 3.950994275221865415e+00 2.982229671187332176e+00 6.799999999999999822e+00 5.799999999999999822e+00 1.449999999999999956e+00
1.149420215321238814e+01 1.114438388307394590e+01 1.133140005106010051e+01 1.114345021147079251e+01 1.116726175924942410e+01 1.115806278116135175e+01 1.106194025450530916e+01 1.107858694131136268e+01 1.108198538026727853e+01 1.097279931673863018e+01 1.091715591955020592e+01 1.105222824853488106e+01 1.522370808627005978e+01 2.513141867532166174e+01 2.488263298707433435e+01 2.500361159006921596e+01 2.492853761189382666e+01 2.499871520199993213e+01 2.488257862815017063e+01 2.505722989293231251e+01 2.491575865997861783e+01 2.900746911494624314e+01 1.933441320362836890e+01 3.995663112451028809e+01 2.002177599492481974e+01 3.942534155623722114e+00 3.053547291279723019e+00 6.799999999999999822e+00 5.799999999999999822e+00 1.449999999999999956e+00
1.122158119751510164e+01 1.111720462924981767e+01 1.140239686809836250e+01 1.112633105501878994e+01 1.102640379344648736e+01 1.109070332532726688e+01 1.118491398614721000e+01 1.109576142998372994e+01 1.097481811224105286e+01 1.098264641730144575e+01 1.090892053574929399e+01 1.114279508187985179e+01 1.517371974391217648e+01 2.508700437225039082e+01 2.502530916338757194e+01 2.478970397941143489e+01 2.511450444074928967e+01 2.490261071199417486e+01 2.488739877504350062e+01 2.513007138402588225e+01 2.481396312669050630e+01 2.926228057258617810e+01 1.917894722793706563e+01 3.988806810026417082e+01 2.008876975395637388e+01 3.976000112369115769e+00 3.086611142889975401e+00 6.799999999999999822e+00 5.799999999999999822e+00 1.449999999999999956e+00
1.134724990568125946e+01 1.127447174490365533e+01 1.126956535412209881e+01 1.108459760699646957e+01 1.107452116337580605e+01 1.108831161822246614e+01 1.096356950316520873e+01 1.118867470246602736e+01 1.109194677895155401e+01 1.106061394269411657e+01 1.092169355394842434e+01 1.097605064766871763e+01 1.508545642559029787e+01 2.512189831354543301e+01 2.494984205740527372e+01 2.489267927168556938e+01 2.489611616665077065e+01 2.516755802181974389e+01 2.463336150592313700e+01 2.540261742537650846e+01 2.453462774203696384e+01 2.974093748733849196e+01 1.956130808017140410e+01 3.960339757579497899e+01 2.033925387538627660e+01 3.761070741754366509e+00 3.324829233092450487e+00 6.799999999999999822e+00 5.799999999999999822e+00 1.449999999999999956e+00
1.103027466655947286e+01 1.123082687752917330e+01 1.132718276294138171e+01 1.106485663837272071e+01 1.118534215202946847e+01 1.116746979596883982e+01 1.103502356101951420e+01 1.116663716036375931e+01 1.105026649410828554e+01 1.096059914047483019e+01 1.107504199684804469e+01 1.108495217996732585e+01 1.513829550767525589e+01 2.518130912984937098e+01 2.480722873110611104e+01 2.507683026490902733e+01 2.485562106520368530e+01 2.508664735084236597e+01 2.476325220334872412e+01 2.522068886739526761e+01 2.472774333030784888e+01 2.955498218526727072e+01 1.925944073873396434e+01 3.975902873236922375e+01 2.022131632817546176e+01 3.765598764227013007e+00 3.231925564710932175e+00 6.799999999999999822e+00 5.799999999999999822e+00 1.449999999999999956e+00
1.111299142541559526e+01 1.111609121779261855e+01 1.131667309020513201e+01 1.108380727726006221e+01 1.107395551705995196e+01 1.107325528398415670e+01 1.103601115603660787e+01 1.112119633613529324e+01 1.096228119432111825e+01 1.101706676310666388e+01 1.102803364495157012e+01 1.109500303744420791e+01 1.523736050435680767e+01 2.511540129150678169e+01 2.486340133427738763e+01 2.499645797446296669e+01 2.491812233677290322e+01 2.508040112280627554e+01 2.476823807569090974e+01 2.520122193735565475e+01 2.474225985064624922e+01 2.950052209939208936e+01 1.939558766832709935e+01 3.971937145726124641e+01 2.024207236819570355e+01 3.823973252732301820e+00 3.167515927118750962e+00 6.799999999999999822e+00 5.799999999999999822e+00 1.449999999999999956e+00
1.116472127931881353e+01 1.106902250978946789e+01 1.141186597345040887e+01 1.102856004952997715e+01 1.121564531466736270e+01 1.109341743827065585e+01 1.114228396918542963e+01 1.110182979740567610e+01 1.116516806614744262e+01 1.096652540896207739e+01 1.089621301054682689e+01 1.105221096924377555e+01 1.531326364134421780e+01 2.506117262601427953e+01 2.489846728246522645e+01 2.499892755688841817e+01 2.493742483379129382e+01 2.506461845258823473e+01 2.477820386090070670e+01 2.522881291269401061e+01 2.475413828473637423e+01 2.940927575925596926e+01 1.934635787761011017e+01 3.980143152059144995e+01 2.030112675968873504e+01 3.672591695269431078e+00 3.296684914853946324e+00 6.799999999999999822e+00 5.799999999999999822e+00 1.449999999999999956e+00
1.096635613703488765e+01 1.106670877585751001e+01 1.145800630987192648e+01 1.101947863154995666e+01 1.118859208744147438e+01 1.096028617993328780e+01 1.099808087871010542e+01 1.097236667523223552e+01 1.103463985418057192e+01 1.095768043458786067e+01 1.095637887754048378e+01 1.097790676675216304e+01 1.533232813549650331e+01 2.505496685205106289e+01 2.485597606408822458e+01 2.501673230037635420e+01 2.491095131402640916e+01 2.507974519465517105e+01 2.478859041732594548e+01 2.519480149898885912e+01 2.480375378941201348e+01 2.933643046243063779e+01 1.928117424617536102e+01 3.989411811621387471e+01 2.009686150311829422e+01 3.846411458679690920e+00 3.088176503748060409e+00 6.799999999999999822e+00 5.799999999999999822e+00 1.449999999999999956e+00
1.107891523825044722e+01 1.105616257399290525e+01 1.140387681426883049e+01 1.100900983022093982e+01 1.097952753758585054e+01 1.105391848979123637e+01 1.094762859989348058e+01 1.105349457632573618e+01 1.107408262088891426e+01 1.101327165181220558e+01 1.099528848642540879e+01 1.097352232033892072e+01 1.521980751931901032e+01 2.511012563399135189e+01 2.483745474832594979e+01 2.501849886178877469e+01 2.490829428961962222e+01 2.501535740957486453e+01 2.484236188583609106e+01 2.512597277316720223e+01 2.481682527992213494e+01 2.946645630470616339e+01 1.919041668967890146e+01 3.980103655408063901e+01 2.025176130734063662e+01 3.701654949829426222e+00 3.405089450522572836e+00 6.799999999999999822e+00 5.799999999999999822e+00 1.449999999999999956e+00
1.112531987477123963e+01 1.126209552030931604e+01 1.132960608574040862e+01 1.098093632047219970e+01 1.124423835718308062e+01 1.101114450436152481e+01 1.109012054721231522e+01 1.105229014109882968e+01 1.107361025324246917e+01 1.100842571329950026e+01 1.090045450382899794e+01 1.105294574565096610e+01 1.527185211990505032e+01 2.509230643628487911e+01 2.500137078262024914e+01 2.478479459143164476e+01 2.516734397472874463e+01 2.485354565926146719e+01 2.494390759951929581e+01 2.505850152912082507e+01 2.486515574375817650e+01 2.925953466582370055e+01 1.913926349838233421e+01 3.992405436431159416e+01 2.012587560960131228e+01 3.995982819129531904e+00 2.886311206691350773e+00 6.799999999999999822e+00 5.799999999999999822e+00 1.449999999999999956e+00
1.093399577039106063e+01 1.129479800057097627e+01 1.137059010197251041e+01 1.104340416120079382e+01 1.119112898042986259e+01 1.107651359378394318e+01 1.105655793300998546e+01 1.105791206591671205e+01 1.100241620374996643e+01 1.106099402960261457e+01 1.104863435161240837e+01 1.096783646050839067e+01 1.544917399840011640e+01 2.489791157943948363e+01 2.506826951843902762e+01 2.484802438160525284e+01 2.498359509150057178e+01 2.504085594236090273e+01 2.481681012701161393e+01 2.516427549098949257e+01 2.478522809367220248e+01 2.953604541404678230e+01 1.926320150287610744e+01 3.980761395380695689e+01 2.025188084708738856e+01 3.792527373931714241e+00 3.059141450293919817e+00 6.799999999999999822e+00 5.799999999999999822e+00 1.449999999999999956e+00
1.116065481404222837e+01 1.119037779930194354e+01 1.130035152680206600e+01 1.099323780158074015e+01 1.114347107268715220e+01 1.104082568473444503e+01 1.105176203707876681e+01 1.099114067569784581e+01 1.103783593426809873e+01 1.108641768223827562e+01 1.098464134673280235e+01 1.097870786056387971e+01 1.516741992325824917e+01 2.514210780031911341e+01 2.489070459823696169e+01 2.494396364274742695e+01 2.493715576771478482e+01 2.507433077993810500e+01 2.475308892976759978e+01 2.526836422710418617e+01 2.469010375984388261e+01 2.946232371722305743e+01 1.962207154844412926e+01 3.964685622031546330e+01 2.036996226292723122e+01 3.744056491976399670e+00 3.130299353103303428e+00 6.799999999999999822e+00 5.799999999999999822e+00 1.449999999999999956e+00
1.116940385460014440e+01 1.127359485912858084e+01 1.128454098369473968e+01 1.113498041341467015e+01 1.118195534210633468e+01 1.099246162237445290e+01 1.107727840074358383e+01 1.105934505272863078e+01 1.101850111261866338e+01 1.108324468634042148e+01 1.090987759617368802e+01 1.110480236866544068e+01 1.516878159702401874e+01 2.508332896592227002e+01 2.498896916114477662e+01 2.485182393160807379e+01 2.501534958916663953e+01 2.498120844461737633e+01 2.486851406172406698e+01 2.512368105561334986e+01 2.482616470019691235e+01 2.910446530845234392e+01 1.990864164825246263e+01 3.972613341004838361e+01 2.026071606659326108e+01 3.829040844892408924e+00 3.075336008492565831e+00 6.799999999999999822e+00 5.799999999999999822e+00 1.449999999999999956e+00
1.124795334634538690e+01 1.124699517244578573e+01 1.128332903307418178e+01 1.114923079926396987e+01 1.108234326348356014e+01 1.110397272801576563e+01 1.107657754849410026e+01 1.105681109713131427e+01 1.120195003733662453e+01 1.102817086004585789e+01 1.102069125283344597e+01 1.099955719526785813e+01 1.526295600711473632e+01 2.502954529413555207e+01 2.500519115848129914e+01 2.485690868729750846e+01 2.500891776122113797e+01 2.501731009445244425e+01 2.481141868729424260e+01 2.517488720364273291e+01 2.480963243463268952e+01 2.920469244950681542e+01 1.928003091556453796e+01 3.997306903277904411e+01 2.004428746187813815e+01 4.028014630240280169e+00 2.903130499425976119e+00 6.799999999999999822e+00 5.799999999999999822e+00 1.449999999999999956e+00
1.111845034342520044e+01 1.116753727767296667e+01 1.142060624176783534e+01 1.101699466259511517e+01 1.134722713550592843e+01 1.093081654842970885e+01 1.112938416961062771e+01 1.111776806978251564e+01 1.100723142754613271e+01 1.102699880122865572e+01 1.089853775858319906e+01 1.112294274148220374e+01 1.551635192327933765e+01 2.475730022801670671e+01 2.530004817216838475e+01 2.455799734787231259e+01 2.533326830786365491e+01 2.482120570505913548e+01 2.492318205869068493e+01 2.514117782987203498e+01 2.475447265735051161e+01 2.945203882719027888e+01 1.945185651657110881e+01 3.970414776222109055e+01 2.029303603195602079e+01 3.786218165028965021e+00 3.079185184055988067e+00 6.799999999999999822e+00 5.799999999999999822e+00 1.449999999999999956e+00
1.099821189894011653e+01 1.108564610762405778e+01 1.142528880956184167e+01 1.104707388074417551e+01 1.117900755005993041e+01 1.108318418964739571e+01 1.106790863423161220e+01 1.108348510036260670e+01 1.102913567145731122e+01 1.112109435121072920e+01 1.095110569091994357e+01 1.102753400066517031e+01 1.524715291442417353e+01 2.503613851999307016e+01 2.499974535964446432e+01 2.483247139930182357e+01 2.509804797698996381e+01 2.490266004372772457e+01 2.495700789838969058e+01 2.502137826296254630e+01 2.495516164780691071e+01 2.906220932307090266e+01 1.913366734128139512e+01 3.996809466816497292e+01 2.013205040288532643e+01 3.887231331173126581e+00 3.146733578535219955e+00 6.799999999999999822e+00 5.799999999999999822e+00 1.449999999999999956e+00
1.112430485222329324e+01 1.132664721353072679e+01 1.129730296220160390e+01 1.114085413807021219e+01 1.108995606245764876e+01 1.112958084019057026e+01 1.107612258235704950e+01 1.109892668307808883e+01 1.098149479728229139e+01 1.109023351413613767e+01 1.095813623614016130e+01 1.101170943465962004e+01 1.518887945600551603e+01 2.509160054838897125e+01 2.490187081298197214e+01 2.487981617043012861e+01 2.503201528443753787e+01 2.493273160701161828e+01 2.491540902131423607e+01 2.504103913140910720e+01 2.491413782135494515e+01 2.892586145582723844e+01 1.954278008312012460e+01 3.986288072079842237e+01 1.992968052856700822e+01 4.172808341429337986e+00 2.742473028378710431e+00 6.799999999999999822e+00 5.799999999999999822e+00 1.449999999999999956e+00
1.111043488219777053e+01 1.123348699846743060e+01 1.130948236837451226e+01 1.104334511974624000e+01 1.114838881988440988e+01 1.100690256291266778e+01 1.105089940948035654e+01 1.098454156382266511e+01 1.101464021132257898e+01 1.101597920713883738e+01 1.105423533075205711e+01 1.101355567014622139e+01 1.522433369809525594e+01 2.515451656542796144e+01 2.478995303163946318e+01 2.511498806482118695e+01 2.478894292854527492e+01 2.517587220957748073e+01 2.473785897193302930e+01 2.520769145024593172e+01 2.475930789319873071e+01 2.966996995481236254e+01 1.909652539890794642e+01 3.989392760380117409e+01 2.013707747407268656e+01 3.852326721064446069e+00 3.092251284995712446e+00 6.799999999999999822e+00 5.799999999999999822e+00 1.449999999999999956e+00
1.148230030607748553e+01 1.110712681652723077e+01 1.131918967950878319e+01 1.104171590590240903e+01 1.107322944653095753e+01 1.090201661206092254e+01 1.107585834386734369e+01 1.117313967150150233e+01 1.100576104387779353e+01 1.099075885998934332e+01 1.098554986880457918e+01 1.099505581820604760e+01 1.512704384358402621e+01 2.515185113031316888e+01 2.495953625294902167e+01 2.482394113220431109e+01 2.508806266976858979e+01 2.492993432072805504e+01 2.488881529458203801e+01 2.511223981284953766e+01 2.481510241342463985e+01 2.928985365982513045e+01 1.936166190602902759e+01 3.984501449404425699e+01 2.018291355671054177e+01 3.950340057158941764e+00 2.901917042528964430e+00 6.799999999999999822e+00 5.799999999999999822e+00 1.449999999999999956e+00
1.112488870933190199e+01 1.120985491976998993e+01 1.137451279660877113e+01 1.104306755059192469e+01 1.121443553195799403e+01 1.105393703206552125e+01 1.105834425992908443e+01 1.109987978900167960e+01 1.104135679062133413e+01 1.104298909131566830e+01 1.096509803385158044e+01 1.106890517120231543e+01 1.532738824336996508e+01 2.498578263418258771e+01 2.499510373800699981e+01 2.484718074866288617e+01 2.507952302475404238e+01 2.488962448688980444e+01 2.496472078231964176e+01 2.501125333370804427e+01 2.489731883598262385e+01 2.921155045433700082e+01 1.943252916958988763e+01 3.970378315346079745e+01 2.032080385167692071e+01 3.644404012688179151e+00 3.320967749108178602e+00 6.799999999999999822e+00 5.799999999999999822e+00 1.449999999999999956e+00
1.103046575133813789e+01 1.113242374570989490e+01 1.131420129895262505e+01 1.101728341246683840e+01 1.110642315906096300e+01 1.104918899217789630e+01 1.100468651484386307e+01 1.109343200016820674e+01 1.113285135420121996e+01 1.098502351198760074e+01 1.099183053805147026e+01 1.101323050692052163e+01 1.518510443395090270e+01 2.513851891340300071e+01 2.493765253976948415e+01 2.493701062442283600e+01 2.490388017570545642e+01 2.512241674317856166e+01 2.473415891008121292e+01 2.524342879648242288e+01 2.472720719735251294e+01 2.947756507892712108e+01 1.943628810768992921e+01 3.975397587391027088e+01 2.023083461707781439e+01 3.862311050353436581e+00 2.974341470886677108e+00 6.799999999999999822e+00 5.799999999999999822e+00 1.449999999999999956e+00
1.116470889823306756e+01 1.101515851144079861e+01 1.142171139075498765e+01 1.107758909732686270e+01 1.110969159671690853e+01 1.104795667685073823e+01 1.098975420560739380e+01 1.107529328729268592e+01 1.101363829218768586e+01 1.108046613292339799e+01 1.100866053298607738e+01 1.111867347900741976e+01 1.523036732396917792e+01 2.515127282855402413e+01 2.485736898629942715e+01 2.500427409406170653e+01 2.489612509573809263e+01 2.512920128307343504e+01 2.473523533120132356e+01 2.529290166299220743e+01 2.465965242704030302e+01 2.955891351971429160e+01 1.971536032645919079e+01 3.956726018818940815e+01 2.046937791879983948e+01 3.500237903144229001e+00 3.404810246596218448e+00 6.799999999999999822e+00 5.799999999999999822e+00 1.449999999999999956e+00
1.122345022558426564e+01 1.115301641108811204e+01 1.135718832281776969e+01 1.109148253423127173e+01 1.117392842962026656e+01 1.116864965838415635e+01 1.095835826079525255e+01 1.117845637916755841e+01 1.110221243850279649e+01 1.095801423082261650e+01 1.094926258469519098e+01 1.100641207098096075e+01 1.523824083933664575e+01 2.511608444297639053e+01 2.493296833921204581e+01 2.493380890209226308e+01 2.495263805095979492e+01 2.505504672275309730e+01 2.478432097434901138e+01 2.522343085850454258e+01 2.472607853002623557e+01 2.945733138704296650e+01 1.977567273189880481e+01 3.958393324382352318e+01 2.045106638657786391e+01 3.531146601896636206e+00 3.481740981401383550e+00 6.799999999999999822e+00 5.799999999999999822e+00 1.449999999999999956e+00
1.128295723836736997e+01 1.129851450702344806e+01 1.130538984480492459e+01 1.112985877779958521e+01 1.113877920210849304e+01 1.107424218304402785e+01 1.102417355948426270e+01 1.117869445681856533e+01 1.103615812489912251e+01 1.103537020578920291e+01 1.100935634248338424e+01 1.097048987083110205e+01 1.524555990982167586e+01 2.507698404099702572e+01 2.499276455095787597e+01 2.484249752195913530e+01 2.505064089784932690e+01 2.495592431883545359e+01 2.489981533134674407e+01 2.511222596819156649e+01 2.484303497066679967e+01 2.924994768177166193e+01 1.937710757444694920e+01 3.986879238348636534e+01 2.014504813507925363e+01 3.846034131016690338e+00 3.088260106048724474e+00 6.799999999999999822e+00 5.799999999999999822e+00 1.449999999999999956e+00
1.105165591248729839e+01 1.119815986184615575e+01 1.134626822669143564e+01 1.105898435053019746e+01 1.111273600223855595e+01 1.100067395297909023e+01 1.101003430288035645e+01 1.109394824893279186e+01 1.103484840655300481e+01 1.099386410543423942e+01 1.101955199819386877e+01 1.102893083546451081e+01 1.531797318752001047e+01 2.490380746750730268e+01 2.521047950399874793e+01 2.463759651658183714e+01 2.517975416897404628e+01 2.490248517257282757e+01 2.482327460423175935e+01 2.523977627965977533e+01 2.466383632239046264e+01 2.960815060084068406e+01 1.934392240917420835e+01 3.972481659989385605e+01 2.022309149406530793e+01 3.832996693584083570e+00 3.193931916624306311e+00 6.799999999999999822e+00 5.799999999999999822e+00 1.449999999999999956e+00
1.105288529726170488e+01 1.110996578148158243e+01 1.150574947187443087e+01 1.108226207569016530e+01 1.109909509182684140e+01 1.123399645308582606e+01 1.093566775812751857e+01 1.113913801128864201e+01 1.094403010497390483e+01 1.101102222310666434e+01 1.104948863023569317e+01 1.105556525781792132e+01 1.523242556217537924e+01 2.502871793020236524e+01 2.501392341091698412e+01 2.484258756729465745e+01 2.499351811703935056e+01 2.503948342964334017e+01 2.475223412212071494e+01 2.523074870934263103e+01 2.474448720207756480e+01 2.937048018499481117e+01 1.913636836949842390e+01 3.985163778634950660e+01 2.000910761834967744e+01 3.980026328696259608e+00 3.069316825462280462e+00 6.799999999999999822e+00 5.799999999999999822e+00 1.449999999999999956e+00
1.114119177241337155e+01 1.108398099359464339e+01 1.137138822721442821e+01 1.105656913390411233e+01 1.095072229518780205e+01 1.105464282663768216e+01 1.109067360211691700e+01 1.098151833464899418e+01 1.104876596512185216e+01 1.103352714786614364e+01 1.098783860283842273e+01 1.105056514169132420e+01 1.523499804354488596e+01 2.516171113699243378e+01 2.482632465442048186e+01 2.506497338140293252e+01 2.485180822686942292e+01 2.511243089042499932e+01 2.477952305880888062e+01 2.516979419804828666e+01 2.479038986580191661e+01 2.950716574153643990e+01 1.915449249168789336e+01 3.981140169414398855e+01 2.031645525020164911e+01 3.743549816035697475e+00 3.077923041328140208e+00 6.799999999999999822e+00 5.799999999999999822e+00 1.449999999999999956e+00
1.102658038879953928e+01 1.139432969554679964e+01 1.136213205513512037e+01 1.112234243730290473e+01 1.103396002281423982e+01 1.104112963900794142e+01 1.094048762559639876e+01 1.116467583754935866e+01 1.092004061725686626e+01 1.105200756501092307e+01 1.099960545710574067e+01 1.100152964215301843e+01 1.530579407211576637e+01 2.501675581739891285e+01 2.497173185857467104e+01 2.490296233696444617e+01 2.502829140644445616e+01 2.495781065298080392e+01 2.490740636915193562e+01 2.506260839453029732e+01 2.490576102980260131e+01 2.916965637006171974e+01 1.922803540148056811e+01 3.988460537367200942e+01 2.017389613245080682e+01 3.797959585218650069e+00 3.095744283348092818e+00 6.799999999999999822e+00 5.799999999999999822e+00 1.449999999999999956e+00
1.089418829810642109e+01 1.114508353851818789e+01 1.143926623431053358e+01 1.100891873297245915e+01 1.109969891935033282e+01 1.125331352108504390e+01 1.115100349481260622e+01 1.113513483325651698e+01 1.098332163611308410e+01 1.106584656318737636e+01 1.091432775500226704e+01 1.108800841564784356e+01 1.515808530656781450e+01 2.516634273355921181e+01 2.489832793102961617e+01 2.493455880380924938e+01 2.498664046746046452e+01 2.500857692573207913e+01 2.478578741794978768e+01 2.525328539188487298e+01 2.468348881886229407e+01 2.948573353670047581e+01 1.966746458123351360e+01 3.962654936139207251e+01 2.035520496928901224e+01 3.713408598817093953e+00 3.148490906930347499e+00 6.799999999999999822e+00 5.799999999999999822e+00 1.449999999999999956e+00
1.111448651701392265e+01 1.101936256837124795e+01 1.142841532651660685e+01 1.099998841157082019e+01 1.119850814217507207e+01 1.092734303883321090e+01 1.099049879882553782e+01 1.102166197792605296e+01 1.104387198261818348e+01 1.108447855852340247e+01 1.098849969753963762e+01 1.105162857377833241e+01 1.515927061940273113e+01 2.515151362293668313e+01 2.482088423423325096e+01 2.504761092538142364e+01 2.488704361425059020e+01 2.507194181134840960e+01 2.478982901872555189e+01 2.518449368963912960e+01 2.473391605661261394e+01 2.939647571830435879e+01 1.952921563370923508e+01 3.969961963304903918e+01 2.022257436462641422e+01 3.873914179221447540e+00 3.069348272199227345e+00 6.799999999999999822e+00 5.799999999999999822e+00 1.449999999999999956e+00
1.107979593943927377e+01 1.135920830745689969e+01 1.121665639109784962e+01 1.110952580092390640e+01 1.108529927152122596e+01 1.100357835030186848e+01 1.103751795051120332e+01 1.091915741424635833e+01 1.109912253061166609e+01 1.100997824299066608e+01 1.098523603899284495e+01 1.106776462824027618e+01 1.522924609506278060e+01 2.509364039401098267e+01 2.497674861264840729e+01 2.484091135062839939e+01 2.501788030783212236e+01 2.500645963888603163e+01 2.483119593065761777e+01 2.514722475852284234e+01 2.479081033717809390e+01 2.934802079480579806e+01 1.938949480494901678e+01 3.981459617983399113e+01 2.010601212955365824e+01 3.880889970760062369e+00 3.034941889628815392e+00 6.799999999999999822e+00 5.799999999999999822e+00 1.449999999999999956e+00
1.090644198281622579e+01 1.112454825884169018e+01 1.144120665367704248e+01 1.100992555905228976e+01 1.120774271736158489e+01 1.096030640855249949e+01 1.111269925901132538e+01 1.096150469729399823e+01 1.104589822070651550e+01 1.108886704362319264e+01 1.112150744447720285e+01 1.102045558933947156e+01 1.531447448977224646e+01 2.497871837359710057e+01 2.503856031542801830e+01 2.483050742969325597e+01 2.503294555273566857e+01 2.496632414615041640e+01 2.487303980698331429e+01 2.506723904949976145e+01 2.491703433841864879e+01 2.903340500869603247e+01 1.920324560172278439e+01 3.997064375442987227e+01 1.999729487415364204e+01 3.903065569833225723e+00 3.144829498701006809e+00 6.799999999999999822e+00 5.799999999999999822e+00 1.449999999999999956e+00
1.082098642042310566e+01 1.110565675866488355e+01 1.135821283947431226e+01 1.108768924876817685e+01 1.103397151640052343e+01 1.105400512129699209e+01 1.099506293795736944e+01 1.106851962616563334e+01 1.100661594633953300e+01 1.103849575235100211e+01 1.099939930227577811e+01 1.109667544899705405e+01 1.542472415278284181e+01 2.485373737000514183e+01 2.511975157399960423e+01 2.479391523836171984e+01 2.502840949610329702e+01 2.503559752893821155e+01 2.473904788711086766e+01 2.524591574983569942e+01 2.477068330536134511e+01 2.932909852710049137e+01 1.931843854603064869e+01 3.988158945653842835e+01 2.012568685989342399e+01 4.049427355076584689e+00 2.843521145964972074e+00 6.799999999999999822e+00 5.799999999999999822e+00 1.449999999999999956e+00
1.093651970001716123e+01 1.120248745407019975e+01 1.137922989614717117e+01 1.102103382475062610e+01 1.119967492773595374e+01 1.100519323706927821e+01 1.115214847975085632e+01 1.102439774766131997e+01 1.101374197748353190e+01 1.100405506314193538e+01 1.093875783802846513e+01 1.104098865126304929e+01 1.533075500211694120e+01 2.499292656048351091e+01 2.495844091254578601e+01 2.495027967097091448e+01 2.489030394464846196e+01 2.513379323182788738e+01 2.473814195722424714e+01 2.525235308042668692e+01 2.469409319306821970e+01 2.967112041801256694e+01 1.920970104858565008e+01 3.975649699775352985e+01 2.024462920718300296e+01 3.837450166552521136e+00 3.111214032609789903e+00 6.799999999999999822e+00 5.799999999999999822e+00 1.449999999999999956e+00
1.124484032533052336e+01 1.113832731127827103e+01 1.131258982587045203e+01 1.102974284391701509e+01 1.122879941133330206e+01 1.107235577782323688e+01 1.103006729435673883e+01 1.102092443239332198e+01 1.104246835075464084e+01 1.098773470737452129e+01 1.089104765156481491e+01 1.104004412163618731e+01 1.540160919381859728e+01 2.494188145406479151e+01 2.508327787530509312e+01 2.474970262126021581e+01 2.514045043253770473e+01 2.491115550935899492e+01 2.489746380255769509e+01 2.512403749895850424e+01 2.484051309252303241e+01 2.927439257941589901e+01 1.947745315303145830e+01 3.977498831147203617e+01 2.022138936361668726e+01 3.855156995345188520e+00 3.072391848834845174e+00 6.799999999999999822e+00 5.799999999999999822e+00 1.449999999999999956e+00
1.109705961875286562e+01 1.121465331068293736e+01 1.130073411422706720e+01 1.099367024926954706e+01 1.123184997406498020e+01 1.101098777016229313e+01 1.106469963788020650e+01 1.112842591330096198e+01 1.096452213052284108e+01 1.110326222698486731e+01 1.095521529526030768e+01 1.102465391374318671e+01 1.518512137603106638e+01 2.520373623992511725e+01 2.484152988960021702e+01 2.495723426120136423e+01 2.498023035074897535e+01 2.497721637674878181e+01 2.481860628033831162e+01 2.518432617798498541e+01 2.475423173216228534e+01 2.947610555959453293e+01 1.912992214795242418e+01 3.983304529839477937e+01 2.009209266484853629e+01 3.930890746851178896e+00 3.020102864757754357e+00 6.799999999999999822e+00 5.799999999999999822e+00 1.449999999999999956e+00
1.094451466031399001e+01 1.135802020004621760e+01 1.132825222329995540e+01 1.102871927153371168e+01 1.112278724772168381e+01 1.100441347643816670e+01 1.097224663831991442e+01 1.120137974891653165e+01 1.109870349617893126e+01 1.107316243991278704e+01 1.100956952602019001e+01 1.116058075815822903e+01 1.534961103468919674e+01 2.505425397686316913e+01 2.485734551762280731e+01 2.505109971611465625e+01 2.482147886064779385e+01 2.519990874299671546e+01 2.467344503962026891e+01 2.531828256072208916e+01 2.465787980151216985e+01 2.950952963976963872e+01 1.969560315960130126e+01 3.957603551618236537e+01 2.035983366356808943e+01 3.713782450641141875e+00 3.283882878848167319e+00 6.799999999999999822e+00 5.799999999999999822e+00 1.449999999999999956e+00
1.112280394755421931e+01 1.109011819317971614e+01 1.150867642214635822e+01 1.101696622360637612e+01 1.115751098102375849e+01 1.108045102495427514e+01 1.094678311189728603e+01 1.104490242152104251e+01 1.105135510967548207e+01 1.102546178577213531e+01 1.090913795794711127e+01 1.108873067564049641e+01 1.524897162631751790e+01 2.502711084296315747e+01 2.499694863455932747e+01 2.488526079839259708e+01 2.496995574770895843e+01 2.506164229671206556e+01 2.476102773971224380e+01 2.522872665786263724e+01 2.469211155943200353e+01 2.960475782673543677e+01 1.932723644730987189e+01 3.975981133881957419e+01 2.013256522922906555e+01 3.947368395887457471e+00 3.012137234628611715e+00 6.799999999999999822e+00 5.799999999999999822e+00 1.449999999999999956e+00
1.112175870207135020e+01 1.115803886894531161e+01 1.139388573775512903e+01 1.107988561998543098e+01 1.104975459370328217e+01 1.092485209869527729e+01 1.113108922908578613e+01 1.109839347709282009e+01 1.102636810016757885e+01 1.098564728164951987e+01 1.092239129276729592e+01 1.104328722322378908e+01 1.546941942187922514e+01 2.487193441081910095e+01 2.505566179599290422e+01 2.484147537266619565e+01 2.500773973553968688e+01 2.499440630576243549e+01 2.481772115476202956e+01 2.519429478450703641e+01 2.474634819654994189e+01 2.949137631032122542e+01 1.916046218091771891e+01 3.982980385653335276e+01 2.019370808562383957e+01 3.936454008128637216e+00 2.966825518138825224e+00 6.799999999999999822e+00 5.799999999999999822e+00 1.449999999999999956e+00
1.125996012024609882e+01 1.104568126256459593e+01 1.143462804426083146e+01 1.103977620832554152e+01 1.114897920792895114e+01 1.097763879332925718e+01 1.094630282902335239e+01 1.106293653233048779e+01 1.099613133806937704e+01 1.105822703151638109e+01 1.089320367166076053e+01 1.112999892476245023e+01 1.523330966319592861e+01 2.503472905817457317e+01 2.509048184120302594e+01 2.471733924786426684e+01 2.515228646427524239e+01 2.495294314834800531e+01 2.481009039759729617e+01 2.525363260545804422e+01 2.466498163771955277e+01 2.966897807529845110e+01 1.928666227875836015e+01 3.974351338638776099e+01 2.022704882309531271e+01 3.876157145339110599e+00 3.059248025878601673e+00 6.799999999999999822e+00 5.799999999999999822e+00 1.449999999999999956e+00
1.116243350464327122e+01 1.111894638025659710e+01 1.145197959247085251e+01 1.100094828524357560e+01 1.117812065159768409e+01 1.110578800219227169e+01 1.100722149383936532e+01 1.101709669249963675e+01 1.103532175303930707e+01 1.111135269060985742e+01 1.096258471899243325e+01 1.095978860343172023e+01 1.536308637231699059e+01 2.495882604421613138e+01 2.503442597940086145e+01 2.485439213120593038e+01 2.503561252143537175e+01 2.497243612347146424e+01 2.484108381189253834e+01 2.518736745751177963e+01 2.476883840395835534e+01 2.934956388104400915e+01 1.938605268515359015e+01 3.977908827369824962e+01 2.026045148389918893e+01 3.825495308127131899e+00 3.110081073515602146e+00 6.799999999999999822e+00 5.799999999999999822e+00 1.449999999999999956e+00
1.115003461060056722e+01 1.124073031393718480e+01 1.128169939940722344e+01 1.103620950992719685e+01 1.122708315313474969e+01 1.106919201989841994e+01 1.102162796628883434e+01 1.111439597962134940e+01 1.103539165130252009e+01 1.103235047977185879e+01 1.098604014384299887e+01 1.103011385439741332e+01 1.512886256568344123e+01 2.520340790778053375e+01 2.483784592912292766e+01 2.497613479873774267e+01 2.498186909561563596e+01 2.493327164499711657e+01 2.497932776078025441e+01 2.495402289867619672e+01 2.502281227157030941e+01 2.904049849144457696e+01 1.913293923742744340e+01 3.998291042540228801e+01 2.008412585534573225e+01 3.917171212230713628e+00 3.119933288720540432e+00 6.799999999999999822e+00 5.799999999999999822e+00 1.449999999999999956e+00
1.112596213940020995e+01 1.129033813007939635e+01 1.135744719021856675e+01 1.105577645902461548e+01 1.118450823082991974e+01 1.107759973903682926e+01 1.112379739717892235e+01 1.102623233756324339e+01 1.112823335745162190e+01 1.104529314925778039e+01 1.099517414976261165e+01 1.101651876753391868e+01 1.540316859237624314e+01 2.495745577311515362e+01 2.501999346865666496e+01 2.490335775700722820e+01 2.495125160423431510e+01 2.508565669699250478e+01 2.478233856949160341e+01 2.520735315298078660e+01 2.478280989559041814e+01 2.944218500324778631e+01 1.928629197263718709e+01 3.986014498842327214e+01 2.019302462587225122e+01 3.825434299912176428e+00 3.049604359881523230e+00 6.799999999999999822e+00 5.799999999999999822e+00 1.449999999999999956e+00
1.080746063787072231e+01 1.121565377462982482e+01 1.135415240071423071e+01 1.103991726372787596e+01 1.114985885856285641e+01 1.106165107359347566e+01 1.100999226246828933e+01 1.101327722248989183e+01 1.098761487846560314e+01 1.104654581841100480e+01 1.102563274230567814e+01 1.116045375842147713e+01 1.519938789349335728e+01 2.510923523319021555e+01 2.495839472894367006e+01 2.483962030160508760e+01 2.505204657512148714e+01 2.499563130263096156e+01 2.478520557936877822e+01 2.521015092325922780e+01 2.472283000019187682e+01 2.945727966366353101e+01 1.939254867775962055e+01 3.976388329909873676e+01 2.020647394688197451e+01 3.831390385301300938e+00 3.122234196425751396e+00 6.799999999999999822e+00 5.799999999999999822e+00 1.449999999999999956e+00
1.103974039247315098e+01 1.109886898142041822e+01 1.144009920756734289e+01 1.099337608244758613e+01 1.116820276768671327e+01 1.096650962367303528e+01 1.113657385020683321e+01 1.105392289279628848e+01 1.101678481708593971e+01 1.104927706922767250e+01 1.096727059284551409e+01 1.107478873543073128e+01 1.523411285047459174e+01 2.507810686756272034e+01 2.492524993755400686e+01 2.501277134872150398e+01 2.482187985269098718e+01 2.517866284716201974e+01 2.470670179773853192e+01 2.523786697071527385e+01 2.478008944376862033e+01 2.914345495917132212e+01 1.951173395878213768e+01 3.981864895592282494e+01 2.009867186602729561e+01 3.988564437430909049e+00 3.002375853378130177e+00 6.799999999999999822e+00 5.799999999999999822e+00 1.449999999999999956e+00
1.098192900964673768e+01 1.115785976765988607e+01 1.133990265042285550e+01 1.107689351467430861e+01 1.118765473735893323e+01 1.100534209413891062e+01 1.106447374390167226e+01 1.102758878566361567e+01 1.099420595044644422e+01 1.110558568490906772e+01 1.099780165837184676e+01 1.098887077026711445e+01 1.517322338178769314e+01 2.505533258082764192e+01 2.508255220171723820e+01 2.471792112829800914e+01 2.515997288329138115e+01 2.486439230766989539e+01 2.497294776629231094e+01 2.502953328894875185e+01 2.492458885316119677e+01 2.893254567042761494e+01 1.956328890977507484e+01 3.987662444866374756e+01 2.008725965219856846e+01 4.040599665509168048e+00 2.858148736271357127e+00 6.799999999999999822e+00 5.799999999999999822e+00 1.449999999999999956e+00
1.128551422616347644e+01 1.103452828994163859e+01 1.140902405000440112e+01 1.101312068439161607e+01 1.109906406469263729e+01 1.087675527782688789e+01 1.116531871756935779e+01 1.107402511786420973e+01 1.103043381255095490e+01 1.101714753455594931e+01 1.097369166083639769e+01 1.108548961020678014e+01 1.521051906469398318e+01 2.520952548860811859e+01 2.475206975172359947e+01 2.513109641522905946e+01 2.483668610212140138e+01 2.507332382813348204e+01 2.485657063744150008e+01 2.508071760769666625e+01 2.489865002458154208e+01 2.910787007874050403e+01 1.954544634806064352e+01 3.977758046604660791e+01 2.026363427031842690e+01 3.792613527669094875e+00 3.180796713215007454e+00 6.799999999999999822e+00 5.799999999999999822e+00 1.449999999999999956e+00
1.143145262969851927e+01 1.124425278075018220e+01 1.132323333096386442e+01 1.108332373187604247e+01 1.109701452884581308e+01 1.113640916476436793e+01 1.093282519395221009e+01 1.110911723856781563e+01 1.095974424434999861e+01 1.108570371282965183e+01 1.105159337232819006e+01 1.106558809760093176e+01 1.514462004743650425e+01 2.527460417838450013e+01 2.469525867817162634e+01 2.515393928361378428e+01 2.476188665125877364e+01 2.516080393918874947e+01 2.475520781018283856e+01 2.515157948684669620e+01 2.483827794679948653e+01 2.903942013538176425e+01 1.991216785728666494e+01 3.967951840747296188e+01 2.024242280299046826e+01 3.770458367253108012e+00 3.186267861067720641e+00 6.799999999999999822e+00 5.799999999999999822e+00 1.449999999999999956e+00
1.116015476413395469e+01 1.120324219861678472e+01 1.132735768549427036e+01 1.107363363365853459e+01 1.097808070420363258e+01 1.114000519662586086e+01 1.107456866053999534e+01 1.106639163711971463e+01 1.111429276742986794e+01 1.095392952837498335e+01 1.101808238458861666e+01 1.102616639311781022e+01 1.538850173012312617e+01 2.492260798399276567e+01 2.505352024470948180e+01 2.484124044155590738e+01 2.497646895264596267e+01 2.507116061571581156e+01 2.475990841755527683e+01 2.519133521458428149e+01 2.474592234400113711e+01 2.946073035429955667e+01 1.922021452402777086e+01 3.976861772299478304e+01 2.022567347192174125e+01 3.792609327697026522e+00 3.121585210283113643e+00 6.799999999999999822e+00 5.799999999999999822e+00 1.449999999999999956e+00
1.137802163474556316e+01 1.132876092160516812e+01 1.131047293589020697e+01 1.111885809966927496e+01 1.116616057150977248e+01 1.119152868542938073e+01 1.103127682674859322e+01 1.109957801381117726e+01 1.106311254828745660e+01 1.099442216118250570e+01 1.097602207990888346e+01 1.105016277571441385e+01 1.528262844638091345e+01 2.504691625151572154e+01 2.496496561112914137e+01 2.484840532852400941e+01 2.503727657089165248e+01 2.497935935960665077e+01 2.481338096994984710e+01 2.520644189585151551e+01 2.468205862089107328e+01 2.985129830637759341e+01 1.904463364080961796e+01 3.978622408823090950e+01 2.025149924894294884e+01 3.844624515391322550e+00 3.153806172467973568e+00 6.799999999999999822e+00 5.799999999999999822e+00 1.449999999999999956e+00
1.125115332540430657e+01 1.101886006071463520e+01 1.140204484239074390e+01 1.110082915156156069e+01 1.102853418811740482e+01 1.119689069830792150e+01 1.104871594309949856e+01 1.114585120653667794e+01 1.114889195547698719e+01 1.104864909018111696e+01 1.102479162956006675e+01 1.107549401369130138e+01 1.532031948191327153e+01 2.506002298962263097e+01 2.486346582872722522e+01 2.508673773402704299e+01 2.480452149917124771e+01 2.516217477417567139e+01 2.473684083519227173e+01 2.519999098182251629e+01 2.478612910376400791e+01 2.943879522006076854e+01 1.894096848126746124e+01 3.994089308884989720e+01 2.024063813845959459e+01 3.813858778619182655e+00 3.037932835895164274e+00 6.799999999999999822e+00 5.799999999999999822e+00 1.449999999999999956e+00
1.108292442842305014e+01 1.107940228558925000e+01 1.148902623661881606e+01 1.108173400561762101e+01 1.117645822784955101e+01 1.111913502938702436e+01 1.100674094934134040e+01 1.108439295224330579e+01 1.101462239451272396e+01 1.106266425485833338e+01 1.091542553247623282e+01 1.100453342088287378e+01 1.538096188455133451e+01 2.491456510930516188e+01 2.511573851911920485e+01 2.480462097488086570e+01 2.508641705455710635e+01 2.496124706360648560e+01 2.485043249530504639e+01 2.519489646115229320e+01 2.475911708018059443e+01 2.941667710339510222e+01 1.939346115099775858e+01 3.976579106783406559e+01 2.034200212174917866e+01 3.674232155480259276e+00 3.256525861261962529e+00 6.799999999999999822e+00 5.799999999999999822e+00 1.449999999999999956e+00
1.117701939669203348e+01 1.130335562974446262e+01 1.131953665737283110e+01 1.100152135894231797e+01 1.119816309350252581e+01 1.096328445985701627e+01 1.116543846033651555e+01 1.109816415515444454e+01 1.104889434615532018e+01 1.106123321471648779e+01 1.102846066974844241e+01 1.105397435541026319e+01 1.541948733794385973e+01 2.492833788354525026e+01 2.498244090660787009e+01 2.498640800519689975e+01 2.482017353290698836e+01 2.522167403473817515e+01 2.466574243668147304e+01 2.532376097024812012e+01 2.466176699245658455e+01 2.952400028735910453e+01 1.935030071336679569e+01 3.973006616547314707e+01 2.030198267832825820e+01 3.718260797582086052e+00 3.292207790686192403e+00 6.799999999999999822e+00 5.799999999999999822e+00 1.449999999999999956e+00
1.108748873749303776e+01 1.122003368246734745e+01 1.134509858349186828e+01 1.103414114326713324e+01 1.121532907362509590e+01 1.105003617361832902e+01 1.111465591242592410e+01 1.113099457955888916e+01 1.104204732933822797e+01 1.098276379909686007e+01 1.090843339829442726e+01 1.105950236095200445e+01 1.519809070169293186e+01 2.507055013648770370e+01 2.494684117339974705e+01 2.492347371642322429e+01 2.492667614744687299e+01 2.510661848481487368e+01 2.470269667181920425e+01 2.524823486065620770e+01 2.471482313482937698e+01 2.951374397359943913e+01 1.923170846995078520e+01 3.976068823849387712e+01 2.013512900352550261e+01 3.868124047038998370e+00 3.122546581955492950e+00 6.799999999999999822e+00 5.799999999999999822e+00 1.449999999999999956e+00
1.139167236057179089e+01 1.129329156942706724e+01 1.131425996296813885e+01 1.103532222008458419e+01 1.125037594373853267e+01 1.096523336323924802e+01 1.106857949920145856e+01 1.109761877826078091e+01 1.100494210393995331e+01 1.112474065643466759e+01 1.091226536871448971e+01 1.108069930874386166e+01 1.548421027631041547e+01 2.484750024901337895e+01 2.510286082793929197e+01 2.481746456132343326e+01 2.500534339231949943e+01 2.502560718687245256e+01 2.478869610824854064e+01 2.518476821440427571e+01 2.478432748716834055e+01 2.935858067051109188e+01 1.947611031210402643e+01 3.972913930749386680e+01 2.027200543566862834e+01 3.826908128041534241e+00 3.028317000808136594e+00 6.799999999999999822e+00 5.799999999999999822e+00 1.449999999999999956e+00
1.138530682162067897e+01 1.116262506495231399e+01 1.140331904628079762e+01 1.106472896019505470e+01 1.109768202934488990e+01 1.100062606980703350e+01 1.090463774803721719e+01 1.114439837722146009e+01 1.105885840004658505e+01 1.105264777097434070e+01 1.097196875719152054e+01 1.094688288276343258e+01 1.535656982316440100e+01 2.505148147384998225e+01 2.487830542922833033e+01 2.499290278217640093e+01 2.488979670543770339e+01 2.510898599320169211e+01 2.476212471383955460e+01 2.524031991322952706e+01 2.476662275657750456e+01 2.926633167583430506e+01 1.959718874227530705e+01 3.977712014608874824e+01 2.023915343580766191e+01 3.824148673979458124e+00 3.048352882016844401e+00 6.799999999999999822e+00 5.799999999999999822e+00 1.449999999999999956e+00
1.113523722511350655e+01 1.127250976507635372e+01 1.133186773605573627e+01 1.104850557408550138e+01 1.108480072501848390e+01 1.100402828292072499e+01 1.108525078692378507e+01 1.115895829602205680e+01 1.100813617998626981e+01 1.111483461801838146e+01 1.099428825661901321e+01 1.102696037024515441e+01 1.518387539830187904e+01 2.507002903372918112e+01 2.512544931075770549e+01 2.463297467871779389e+01 2.530519382186532340e+01 2.478830273395346850e+01 2.494394265069854555e+01 2.514682702500906331e+01 2.478007592357239375e+01 2.937654863617653689e+01 1.943998401690343059e+01 3.976750638381903968e+01 2.024070315860920743e+01 3.666037136489757486e+00 3.339515279266992653e+00 6.799999999999999822e+00 5.799999999999999822e+00 1.449999999999999956e+00
1.150194024792132197e+01 1.114608411122934406e+01 1.131507244106453136e+01 1.102275000706989161e+01 1.115901881249665628e+01 1.102671855025293546e+01 1.115737506582103578e+01 1.103997573667832910e+01 1.106248140389363854e+01 1.100715516649423265e+01 1.100516464778407766e+01 1.099911830730223272e+01 1.514285878552462883e+01 2.512519236295473135e+01 2.493840883835193267e+01 2.489685787555922758e+01 2.499871460504537168e+01 2.497173610419047662e+01 2.485711279705097354e+01 2.514020245194948799e+01 2.479119567958671055e+01 2.937593726973278407e+01 1.956415752756874227e+01 3.966216639355523199e+01 2.034804974059106542e+01 3.566870799442591000e+00 3.395405389530066653e+00 6.799999999999999822e+00 5.799999999999999822e+00 1.449999999999999956e+00
1.130118003660698633e+01 1.115081242867024613e+01 1.141598924184135022e+01 1.104447108570107794e+01 1.116682542773779119e+01 1.110588852489387790e+01 1.110802440498590826e+01 1.101335942110568844e+01 1.105264879919089616e+01 1.112939138825705143e+01 1.092492121148475270e+01 1.103179161737539005e+01 1.526910692117253276e+01 2.512184207239869238e+01 2.475382646802966846e+01 2.516677084533869291e+01 2.474264063862686669e+01 2.520832062630002568e+01 2.472222723422066437e+01 2.518745674249471023e+01 2.477824462644645465e+01 2.945645727493447197e+01 1.920634988851240621e+01 3.979451814780568952e+01 2.022143670067978505e+01 3.842198379802170827e+00 3.016900118691689503e+00 6.799999999999999822e+00 5.799999999999999822e+00 1.449999999999999956e+00
1.099401341907851659e+01 1.112267246005637666e+01 1.137375552019825520e+01 1.101778195355455914e+01 1.117753904972730794e+01 1.109162280254970057e+01 1.102281388618524360e+01 1.109483089889998553e+01 1.099189214097314782e+01 1.107179695045698509e+01 1.099214542671645489e+01 1.105794638926855633e+01 1.516900698792661828e+01 2.518286694306847551e+01 2.486508516741405117e+01 2.495481687794246284e+01 2.498915400554200872e+01 2.498538642485993577e+01 2.485912644427434515e+01 2.512372938130627276e+01 2.480669927514662376e+01 2.937613690539732403e+01 1.923537785590276528e+01 3.983243121745683624e+01 2.023363265648805154e+01 3.789245819893582112e+00 3.178549056778633641e+00 6.799999999999999822e+00 5.799999999999999822e+00 1.449999999999999956e+00
1.135081883753041510e+01 1.110702017734453406e+01 1.143393026831806125e+01 1.112624077526737310e+01 1.106554322024419967e+01 1.105594869586684936e+01 1.107031193340019115e+01 1.117927317595536074e+01 1.099416349381431779e+01 1.110630197164231703e+01 1.095876846897030177e+01 1.097456712503787024e+01 1.518806160260083260e+01 2.514022139280594104e+01 2.489198559519099518e+01 2.497692381338424283e+01 2.494107229631508815e+01 2.501108603181920031e+01 2.485763108286169754e+01 2.509902784703827194e+01 2.483902686309182783e+01 2.930177457095589233e+01 1.926842139639351359e+01 3.983955227105039398e+01 2.010926839381657771e+01 3.996762022568137951e+00 2.936149646267327995e+00 6.799999999999999822e+00 5.799999999999999822e+00 1.449999999999999956e+00
1.135163065425030382e+01 1.108879894952632128e+01 1.141238394129342026e+01 1.108557321955207442e+01 1.113152565663208193e+01 1.112423988312385070e+01 1.101496572538779262e+01 1.114939389094429600e+01 1.111082205846839344e+01 1.103425545424084575e+01 1.097659894056052998e+01 1.106221556981800092e+01 1.542293803143014941e+01 2.493637671003987677e+01 2.511437621079987537e+01 2.473773662672168783e+01 2.518797869417282698e+01 2.487847302155763884e+01 2.491320281529997871e+01 2.518970483631494872e+01 2.471325512839040073e+01 2.959148162835018425e+01 1.936417886159371093e+01 3.969839870724025843e+01 2.025972809081977033e+01 3.782800492068503662e+00 3.164550547305204464e+00 6.799999999999999822e+00 5.799999999999999822e+00 1.449999999999999956e+00
1.116918227846193545e+01 1.120195038029218892e+01 1.139428835009625907e+01 1.104731946016493360e+01 1.112278361998078324e+01 1.106444509052274583e+01 1.099474322963305539e+01 1.108950772431423992e+01 1.105910106223262268e+01 1.111537825899259069e+01 1.094909580556442563e+01 1.102123823912904932e+01 1.523394319493329618e+01 2.504885771042028964e+01 2.497998024843216314e+01 2.484567569829889777e+01 2.507669405757316738e+01 2.490678013074041885e+01 2.493405713945421809e+01 2.508161463704535166e+01 2.485846381837568586e+01 2.935484919117098102e+01 1.929552488279604816e+01 3.982198882320878397e+01 2.014867890603543188e+01 3.920018069159794116e+00 3.049344896909082614e+00 6.799999999999999822e+00 5.799999999999999822e+00 1.449999999999999956e+00
1.093477883212318602e+01 1.120631249680521613e+01 1.137218798374627227e+01 1.104835817688777055e+01 1.106180137579421441e+01 1.109597564420742088e+01 1.095090195208648076e+01 1.102894269665860172e+01 1.099141985555274914e+01 1.103944896945817788e+01 1.104254972357749942e+01 1.108769122236667570e+01 1.518499016676445379e+01 2.520235799910175700e+01 2.479278741220636917e+01 2.502733532938741234e+01 2.491787821524216895e+01 2.504065143437085084e+01 2.479114523689643690e+01 2.513804494921198440e+01 2.481741389612675519e+01 2.941706306188704190e+01 1.919812180367096843e+01 3.982270102055451844e+01 2.010412046868692570e+01 4.033952847644786566e+00 2.885257211412818101e+00 6.799999999999999822e+00 5.799999999999999822e+00 1.449999999999999956e+00
1.092753871541996347e+01 1.123794776626423264e+01 1.136720537512666418e+01 1.105384774398404879e+01 1.115270091038080125e+01 1.105199768698786400e+01 1.090134616322445282e+01 1.108276286383174103e+01 1.102456605686369961e+01 1.095531624249458424e+01 1.093024563231127466e+01 1.103767372549679493e+01 1.549481865165907379e+01 2.490142885417475327e+01 2.497955955661320715e+01 2.497428269280781876e+01 2.486788552314483880e+01 2.515516082766188788e+01 2.471152776947975127e+01 2.522080457042366319e+01 2.480070249637061153e+01 2.915095280918843201e+01 1.935245262789836218e+01 3.984830934549645320e+01 2.017080589922832701e+01 3.878528934737966782e+00 3.102787110625083500e+00 6.799999999999999822e+00 5.799999999999999822e+00 1.449999999999999956e+00
1.121037665044520004e+01 1.132631526498116514e+01 1.138227286775360270e+01 1.100496351703051268e+01 1.125520810992575527e+01 1.110674360141187655e+01 1.105271252730518405e+01 1.093754502255840677e+01 1.099663880224199275e+01 1.098398035731278455e+01 1.093613229771698592e+01 1.104230198095310378e+01 1.521633042272345371e+01 2.502924070668450796e+01 2.512598727440892077e+01 2.465387852516118627e+01 2.525592261749470424e+01 2.486511520677199272e+01 2.486774563055807619e+01 2.523742000594603851e+01 2.465314827095018302e+01 2.969245876653399208e+01 1.945820657797919040e+01 3.959567000139393400e+01 2.045341083334940180e+01 3.550077921683771898e+00 3.476102665470846897e+00 6.799999999999999822e+00 5.799999999999999822e+00 1.449999999999999956e+00
1.136686496791783263e+01 1.107102223290979914e+01 1.143177693232462921e+01 1.105494172020532773e+01 1.110408568850040112e+01 1.110707930625160955e+01 1.101710604259927173e+01 1.120228530480682494e+01 1.102901974847637767e+01 1.106425721002387341e+01 1.103322075589741047e+01 1.107056458754110650e+01 1.533238030893854642e+01 2.500215716137848432e+01 2.499259080330477545e+01 2.488419164162910135e+01 2.496359742655068104e+01 2.507887137354211404e+01 2.474661338623397455e+01 2.524210021434224416e+01 2.469932298658317649e+01 2.962985530433563497e+01 1.927730557816203572e+01 3.971532156472976993e+01 2.033652102527953431e+01 3.671451755867825906e+00 3.250572712726915725e+00 6.799999999999999822e+00 5.799999999999999822e+00 1.449999999999999956e+00
1.112623596606898602e+01 1.118865598562235242e+01 1.138195761265257211e+01 1.106544403065638527e+01 1.109880388525817807e+01 1.112017975861005503e+01 1.108140529600691160e+01 1.112308127228453536e+01 1.097632380762287418e+01 1.105538495295801660e+01 1.103753376805812003e+01 1.109104323017023397e+01 1.517832631592061787e+01 2.506989691038982926e+01 2.502722280302947411e+01 2.484780472043762956e+01 2.505185439434197292e+01 2.495836742448575052e+01 2.483194357546349096e+01 2.514895413915768074e+01 2.479928070648162119e+01 2.939567821596559583e+01 1.926900146910110223e+01 3.978170634974669895e+01 2.023728929497623952e+01 3.784893345391386443e+00 3.131515914498155251e+00 6.799999999999999822e+00 5.799999999999999822e+00 1.449999999999999956e+00
1.102581083218126956e+01 1.115577571039852423e+01 1.133657238868554629e+01 1.111600647173225909e+01 1.106889707436075199e+01 1.117288147800347708e+01 1.110986521420079143e+01 1.106682116186421538e+01 1.108148642211680723e+01 1.104904133102846231e+01 1.090584231293775197e+01 1.104057105074721434e+01 1.526652761194059771e+01 2.505688479816355496e+01 2.499800762651732100e+01 2.491345965711720112e+01 2.500601668611190931e+01 2.497428116164839906e+01 2.492424444722269783e+01 2.504094572785811224e+01 2.490324574779934608e+01 2.921164912619244802e+01 1.942581587797377551e+01 3.976102326653701624e+01 2.026627746886806491e+01 3.721599992616188235e+00 3.247459339675147216e+00 6.799999999999999822e+00 5.799999999999999822e+00 1.449999999999999956e+00
1.130538401497922685e+01 1.114555537465088975e+01 1.127307284489811856e+01 1.110696769572025566e+01 1.117369522863871190e+01 1.111729240521495221e+01 1.111395107501510537e+01 1.100583174665264430e+01 1.096818788666588951e+01 1.102291434066235354e+01 1.099495143654656637e+01 1.105679033382041432e+01 1.518937604266359287e+01 2.529262179300146585e+01 2.471510145412348436e+01 2.509856460886023655e+01 2.487842351773429073e+01 2.502942949974276488e+01 2.493337006655945487e+01 2.500975711365740750e+01 2.491626764323643428e+01 2.936140556839939464e+01 1.939040913466329030e+01 3.975876423560011119e+01 2.029293549599724500e+01 3.807657646583876065e+00 3.083012043758464493e+00 6.799999999999999822e+00 5.799999999999999822e+00 1.449999999999999956e+00
1.113238747832441788e+01 1.120708486116341085e+01 1.137659494677192917e+01 1.108657839412268764e+01 1.102088675340186441e+01 1.116146293381345700e+01 1.097612638356850745e+01 1.105357364224615857e+01 1.103830631361874737e+01 1.113340152359607416e+01 1.106875452463143006e+01 1.097935717917900433e+01 1.521399268101885482e+01 2.511393138910847966e+01 2.486426990230123479e+01 2.504111974132960583e+01 2.482462922775344794e+01 2.514734962723655443e+01 2.475052798917051433e+01 2.515815672684920301e+01 2.485611454975202861e+01 2.916006241465067461e+01 1.933410653507443300e+01 3.991568256906091250e+01 2.002494726586829188e+01 4.132016402370821240e+00 2.813717966698134454e+00 6.799999999999999822e+00 5.799999999999999822e+00 1.449999999999999956e+00
1.104916845505687917e+01 1.108560944569885898e+01 1.136516661228178293e+01 1.097335609134140988e+01 1.118224395415144201e+01 1.091150566933518107e+01 1.097956003394764934e+01 1.105767636612724303e+01 1.103600333786452303e+01 1.102648766876684050e+01 1.093923438695084016e+01 1.098148026358054530e+01 1.502118415421063169e+01 2.534261361871765672e+01 2.468608209006416132e+01 2.511769842652282136e+01 2.485870176559629385e+01 2.505721904285136858e+01 2.483019654292648326e+01 2.515478072006340682e+01 2.480702525649469692e+01 2.933931004210662863e+01 1.922590561249246477e+01 3.984556039007946282e+01 2.005718484678492786e+01 3.911766463692171403e+00 3.086758223040597215e+00 6.799999999999999822e+00 5.799999999999999822e+00 1.449999999999999956e+00
1.071563556048675814e+01 1.106976183909251610e+01 1.138211444120394056e+01 1.097517489844350003e+01 1.119091104045116936e+01 1.107590426866961231e+01 1.102965681536973541e+01 1.103764749534373379e+01 1.100988111117725410e+01 1.111919395557222678e+01 1.097108334800232043e+01 1.102690903706285397e+01 1.512174166650595630e+01 2.525332106848652458e+01 2.480187999468919458e+01 2.499061886332326665e+01 2.498419068901198870e+01 2.496874153015049558e+01 2.485618474351250384e+01 2.512621657846484524e+01 2.481145000976842496e+01 2.930408937505435318e+01 1.946748886735987938e+01 3.974994392051912939e+01 2.025097331049038729e+01 3.749619101534054533e+00 3.179180876874389661e+00 6.799999999999999822e+00 5.799999999999999822e+00 1.449999999999999956e+00
1.112200232258174282e+01 1.110156201819144783e+01 1.140057089703678805e+01 1.108647352328732616e+01 1.094276492205580098e+01 1.100881829963131686e+01 1.097183354493442131e+01 1.111829876745224688e+01 1.112032848118991879e+01 1.113441228308751185e+01 1.103711035261914120e+01 1.113575549389139852e+01 1.521111579333432395e+01 2.511718260732535057e+01 2.494746445125417367e+01 2.491617947681463363e+01 2.501475643050958908e+01 2.498578286938313653e+01 2.485934044685232891e+01 2.514576126497974329e+01 2.481302071520179808e+01 2.915611424003360241e+01 1.974126955089328561e+01 3.977686140565469941e+01 2.018795218240918032e+01 3.883574676181322793e+00 3.013956506886529052e+00 6.799999999999999822e+00 5.799999999999999822e+00 1.449999999999999956e+00
1.119192935275546397e+01 1.119388788999607875e+01 1.142729005273843335e+01 1.104065890697252783e+01 1.124409147194389291e+01 1.099437611454422381e+01 1.110328817615959629e+01 1.106615872904585274e+01 1.101539725429137917e+01 1.107939567441346718e+01 1.103756097262898095e+01 1.115195035934846501e+01 1.531570363768806686e+01 2.500884413088279601e+01 2.497701912171442729e+01 2.491655723404423028e+01 2.495790359168606187e+01 2.502472837404983252e+01 2.482883977519816909e+01 2.512850284522883015e+01 2.481742040398239979e+01 2.935905499925831919e+01 1.937516941336038201e+01 3.975765056083273663e+01 2.023864900592170457e+01 3.872322154464361788e+00 3.022011181318432271e+00 6.799999999999999822e+00 5.799999999999999822e+00 1.449999999999999956e+00
1.110451417317697143e+01 1.133400520837261638e+01 1.131970078095287136e+01 1.112721314260736527e+01 1.100448112940386203e+01 1.115094821786573043e+01 1.096846818949762614e+01 1.110087831450978690e+01 1.103493940279524743e+01 1.107428829939604853e+01 1.095078869104449204e+01 1.104271096153184217e+01 1.536794868681155180e+01 2.494335923355091822e+01 2.502450995033637327e+01 2.484364664068045414e+01 2.498629586654649160e+01 2.502213697158762784e+01 2.476313782451741119e+01 2.522883779824903172e+01 2.469922252681669050e+01 2.956080573063620776e+01 1.936427095498369511e+01 3.970666926222934023e+01 2.026776962730260934e+01 3.705607766213681042e+00 3.215167375798504423e+00 6.799999999999999822e+00 5.799999999999999822e+00 1.449999999999999956e+00
1.111852436151505685e+01 1.118546713438050588e+01 1.133919764187322166e+01 1.113963507654074014e+01 1.106769736169376905e+01 1.106400607966628158e+01 1.092341286562241187e+01 1.113187490114709632e+01 1.096546542073669173e+01 1.105593187539921196e+01 1.083331927124640615e+01 1.107748582278072824e+01 1.520760870109202223e+01 2.518808863812112619e+01 2.487476693901739466e+01 2.493430837095451480e+01 2.502703952101477114e+01 2.500145572429540763e+01 2.481336184398550770e+01 2.522163702619780423e+01 2.479314184793208042e+01 2.913746184987007837e+01 1.972908230243537275e+01 3.979774373638976925e+01 2.012886252883781069e+01 3.990818953471759301e+00 2.972008349450934617e+00 6.799999999999999822e+00 5.799999999999999822e+00 1.449999999999999956e+00
1.126118122212866268e+01 1.095375269826882736e+01 1.147416673345739113e+01 1.099831655575897216e+01 1.113656537705031191e+01 1.104102737967185455e+01 1.111942475951217091e+01 1.112387241011998640e+01 1.112194301586619716e+01 1.111778360135848942e+01 1.096391317056990822e+01 1.098040747442158782e+01 1.531327727665692784e+01 2.509031666121408932e+01 2.480249655570820266e+01 2.506362671926775931e+01 2.482299367016015523e+01 2.512445940788444432e+01 2.471879870541675572e+01 2.520627469766132478e+01 2.479018437227220772e+01 2.919797895966873824e+01 1.936985520476843092e+01 3.986815233076949028e+01 2.020928616919457355e+01 3.920703787013228414e+00 3.044041136275217774e+00 6.799999999999999822e+00 5.799999999999999822e+00 1.449999999999999956e+00
1.100754210397213839e+01 1.130011539156866540e+01 1.127635505432733964e+01 1.098340142919176898e+01 1.117445180395314175e+01 1.099727853788464493e+01 1.108672544401089333e+01 1.102065787978292200e+01 1.114046163028173986e+01 1.091184486986898960e+01 1.091822028143452172e+01 1.104113584636933076e+01 1.528146554608096075e+01 2.501601235138290846e+01 2.502887524755134052e+01 2.478074039750830337e+01 2.511557319253394382e+01 2.488710275634054980e+01 2.494651358564413712e+01 2.506878415686624351e+01 2.482637136245005394e+01 2.942482883478334088e+01 1.922467667094111476e+01 3.978880761908253305e+01 2.027986435101882279e+01 3.745383266773389508e+00 3.209567592164691341e+00 6.799999999999999822e+00 5.799999999999999822e+00 1.449999999999999956e+00
1.123630442231172566e+01 1.105654309833838411e+01 1.145983227261059412e+01 1.098808836280796619e+01 1.114386824143466903e+01 1.110687647862432392e+01 1.109053567094814952e+01 1.107143154298935528e+01 1.101734700881608653e+01 1.106089561096514018e+01 1.093490980941679780e+01 1.109051788469151312e+01 1.538005377565913356e+01 2.496308898488049621e+01 2.504565758668215736e+01 2.479445341450035656e+01 2.507133445199887944e+01 2.488572380003114404e+01 2.499887828158771796e+01 2.494430256118393530e+01 2.499835829349637706e+01 2.901698623301768976e+01 1.944117331812416083e+01 3.977153979964986519e+01 2.023917068950355613e+01 3.670502227268861439e+00 3.314736839325185258e+00 6.799999999999999822e+00 5.799999999999999822e+00 1.449999999999999956e+00
1.120288434880845152e+01 1.121034154784330283e+01 1.140110532759139517e+01 1.102335358414389432e+01 1.114628174531164895e+01 1.111894297030349676e+01 1.103860051967946632e+01 1.112337293504080016e+01 1.109581666912912290e+01 1.101738206472283643e+01 1.100202354662883231e+01 1.108544575387120190e+01 1.526728246326043426e+01 2.508012027641765229e+01 2.486529579335872597e+01 2.497358586766335975e+01 2.493012378091553671e+01 2.509256854161321471e+01 2.473091695591206118e+01 2.524085119980242098e+01 2.471933427273994255e+01 2.951470379827228996e+01 1.914084965181128695e+01 3.979120609921265839e+01 2.025587155147936258e+01 3.784085339558123540e+00 3.167978972102507118e+00 6.799999999999999822e+00 5.799999999999999822e+00 1.449999999999999956e+00
1.102941460051355804e+01 1.124193701585465810e+01 1.139873706082735794e+01 1.099493107746714848e+01 1.134003686119835663e+01 1.092317139371609791e+01 1.119916818047862961e+01 1.107894045365873126e+01 1.099713323271140375e+01 1.099200994803366704e+01 1.100819414710608335e+01 1.107893885372696907e+01 1.536168924010422998e+01 2.492525825224757341e+01 2.505849002812182391e+01 2.483183683225377081e+01 2.503178291096035224e+01 2.498706360470385590e+01 2.485017294403207444e+01 2.512583652083514707e+01 2.482074886945452619e+01 2.924430132189365494e+01 1.943131533853692616e+01 3.980646958577234074e+01 2.015224729824491590e+01 3.928082015530613536e+00 2.956060142286792036e+00 6.799999999999999822e+00 5.799999999999999822e+00 1.449999999999999956e+00
1.121099120023182216e+01 1.109243107373048609e+01 1.144370595630122622e+01 1.096612796397595879e+01 1.113506863544358616e+01 1.099092605585813942e+01 1.102127077386497156e+01 1.100777118558356094e+01 1.101862271969378781e+01 1.102279730731137164e+01 1.093428952928591080e+01 1.107608521477840213e+01 1.523421745251048876e+01 2.503588546003941318e+01 2.503981799174165701e+01 2.479999522536168044e+01 2.506459079539248691e+01 2.502278955349575895e+01 2.476177075336016387e+01 2.525101061879920650e+01 2.469836280040863485e+01 2.934785710705251915e+01 1.967595525092915310e+01 3.973504023364674964e+01 2.018664079742642770e+01 3.913155351007116867e+00 2.969918547598863867e+00 6.799999999999999822e+00 5.799999999999999822e+00 1.449999999999999956e+00
1.119230450133123966e+01 1.111143319553554143e+01 1.137201793009443485e+01 1.104682835086869552e+01 1.117076571305912580e+01 1.084483978066253762e+01 1.108140486119504153e+01 1.109369868773102041e+01 1.096756823817324644e+01 1.109301594780329836e+01 1.107632748204452433e+01 1.106341456110095045e+01 1.527276450195218516e+01 2.509393803450073079e+01 2.487394058105658701e+01 2.496229608239793407e+01 2.491351862495112712e+01 2.502722651957801148e+01 2.484888938629489630e+01 2.513348338692240702e+01 2.485878584792510892e+01 2.906982498113090330e+01 1.960395851946042711e+01 3.984567528681481008e+01 2.017830044410630208e+01 3.834678492744125755e+00 3.030402492886735022e+00 6.799999999999999822e+00 5.799999999999999822e+00 1.449999999999999956e+00
1.106925839400502909e+01 1.124462703860045742e+01 1.135455991524804453e+01 1.106970872291074492e+01 1.107361018329595481e+01 1.106685114001936654e+01 1.109975177752468767e+01 1.113040669085539314e+01 1.098516882501577641e+01 1.096145433136738845e+01 1.098623503780113886e+01 1.102889915199805237e+01 1.527630478434189065e+01 2.504660746967295282e+01 2.488059542630628229e+01 2.503020156330263646e+01 2.482848180548428019e+01 2.514434636033947967e+01 2.474814597641249492e+01 2.521684261243431280e+01 2.473252016361689343e+01 2.964528749962693155e+01 1.903010817967897950e+01 3.979761795939063518e+01 2.014874607313815602e+01 3.956957873492059630e+00 2.890716963932282280e+00 6.799999999999999822e+00 5.799999999999999822e+00 1.449999999999999956e+00
1.120726252637290088e+01 1.116365976454454767e+01 1.131771357436025660e+01 1.099933016954169140e+01 1.116834867328278769e+01 1.103447135280447355e+01 1.096024592651638940e+01 1.101450722557626882e+01 1.097896706362640273e+01 1.103206252766070072e+01 1.095744283017477017e+01 1.111516711149461223e+01 1.517823495116060606e+01 2.513407231370972639e+01 2.487553925388603560e+01 2.495878635102938148e+01 2.489176277619667133e+01 2.507065244769869850e+01 2.477251927606497617e+01 2.516698261794120128e+01 2.476914265882194499e+01 2.941479189837404817e+01 1.921862807386697725e+01 3.982569935247972381e+01 2.004953596850799613e+01 3.951722427275850436e+00 3.089839090173802649e+00 6.799999999999999822e+00 5.799999999999999822e+00 1.449999999999999956e+00
1.105253018826170752e+01 1.110239319473658526e+01 1.135522524017336643e+01 1.105936862369510720e+01 1.121634485638433354e+01 1.111979470797133551e+01 1.106004115102108543e+01 1.100600064949550649e+01 1.102255919022609731e+01 1.100365366192131589e+01 1.101700957136640646e+01 1.098325657192387439e+01 1.526196283379858265e+01 2.511499354823424213e+01 2.489340052052016361e+01 2.495288994161202822e+01 2.495626920718644470e+01 2.499299826110673095e+01 2.485900499305452982e+01 2.510859520228439834e+01 2.487924837063092909e+01 2.913334075466518414e+01 1.951255239085204352e+01 3.982275432234874302e+01 2.014535427758078256e+01 3.961704312615577539e+00 2.957584998578937530e+00 6.799999999999999822e+00 5.799999999999999822e+00 1.449999999999999956e+00
1.122375240879800451e+01 1.100466163835551114e+01 1.147492225373436447e+01 1.102624772192818980e+01 1.120784551866070622e+01 1.110558624991537435e+01 1.099368889559998763e+01 1.101432770287809326e+01 1.103827840050000830e+01 1.100462831174406197e+01 1.114210193879340061e+01 1.103830965627452798e+01 1.547208946819771924e+01 2.496563909564851969e+01 2.490809152719051056e+01 2.505247212756491137e+01 2.486006911059405411e+01 2.509663793258393127e+01 2.478810120190400568e+01 2.519233920479997479e+01 2.478489694976164159e+01 2.934457350552651178e+01 1.937751058193875764e+01 3.981335432061149504e+01 2.024907273651529493e+01 3.818735290153517425e+00 3.110257847274978893e+00 6.799999999999999822e+00 5.799999999999999822e+00 1.449999999999999956e+00
1.108068784735612056e+01 1.123493773393903261e+01 1.137577003008985521e+01 1.108231735170370058e+01 1.112468917125044854e+01 1.105764635594449707e+01 1.113921738109111281e+01 1.109247095904266267e+01 1.117942957568340212e+01 1.104910735440326874e+01 1.095299522428684469e+01 1.102837552849726244e+01 1.522275789072472918e+01 2.511994121641594901e+01 2.485259632792780238e+01 2.500363946906320578e+01 2.488190729724391304e+01 2.508223481786480846e+01 2.480280218456909225e+01 2.513679154617680211e+01 2.483647446360956934e+01 2.925773177810588166e+01 1.927415939892319940e+01 3.983600372404207235e+01 2.017596383046065256e+01 3.841451490803830193e+00 3.102284474162987582e+00 6.799999999999999822e+00 5.799999999999999822e+00 1.449999999999999956e+00
1.112921659502670835e+01 1.130044267580437634e+01 1.126665595946359666e+01 1.113316836924282960e+01 1.120009840908519649e+01 1.108344554115164193e+01 1.094930065788468276e+01 1.110750098007965647e+01 1.098930465522340683e+01 1.097729106994283121e+01 1.101293748810804374e+01 1.107445973098855418e+01 1.531177919363066664e+01 2.492719268100879759e+01 2.511852261671412734e+01 2.474218297131678312e+01 2.507714198516791981e+01 2.495673657869938111e+01 2.483911013084429698e+01 2.516919342696556683e+01 2.477647854240629499e+01 2.929964495793113244e+01 1.948074197659245854e+01 3.976040384248406667e+01 2.019859149311860591e+01 3.799269596334022836e+00 3.131621102189685146e+00 6.799999999999999822e+00 5.799999999999999822e+00 1.449999999999999956e+00
1.099920003708439076e+01 1.121020741639994611e+01 1.132666978884303965e+01 1.101085367420277805e+01 1.112205057906144035e+01 1.092892410470288489e+01 1.104716896441820317e+01 1.106115655587121793e+01 1.100091144959395884e+01 1.100869905611664912e+01 1.101303985583150613e+01 1.099200436820207472e+01 1.528514229386455625e+01 2.499958964413686857e+01 2.503996757741513690e+01 2.477315020255461420e+01 2.512341407390043813e+01 2.484530781746603267e+01 2.496295658936789152e+01 2.503193443154458819e+01 2.486693117758577642e+01 2.925223008561051685e+01 1.919466652115539418e+01 3.986878776979458650e+01 2.017983193732417391e+01 3.870949831694426635e+00 3.089394891318112180e+00 6.799999999999999822e+00 5.799999999999999822e+00 1.449999999999999956e+00
1.110673199807335365e+01 1.126973740254972611e+01 1.136591842054188461e+01 1.095248811631201669e+01 1.125704333353478681e+01 1.087269433364041937e+01 1.113615181001438970e+01 1.097350311131144629e+01 1.102240197402412747e+01 1.098123722005854219e+01 1.102448697214580164e+01 1.102641805230891769e+01 1.535053703929145108e+01 2.495532273996874295e+01 2.505935614861337513e+01 2.475207901453842396e+01 2.512269238077166378e+01 2.488935395743368062e+01 2.492988065844684087e+01 2.504113924831311522e+01 2.490552002053355096e+01 2.912262829336505021e+01 1.929952443237700166e+01 3.985723784518175705e+01 2.010845864117482407e+01 4.008844400835113397e+00 2.909896843777660447e+00 6.799999999999999822e+00 5.799999999999999822e+00 1.449999999999999956e+00
1.124350406980885886e+01 1.118832052315024761e+01 1.143472515594885053e+01 1.104661183801017899e+01 1.106745572468392602e+01 1.103938720525044559e+01 1.105162417269784036e+01 1.107254720359424383e+01 1.098834716614577012e+01 1.111283419514698956e+01 1.092382994303505406e+01 1.106923015511972075e+01 1.520307859297790642e+01 2.505315120473291302e+01 2.501880576413328683e+01 2.482791659078761626e+01 2.500972046303427021e+01 2.502343594070615396e+01 2.477010245782140885e+01 2.525227621209927165e+01 2.466118088186046720e+01 2.958246462756822126e+01 1.946437056569712709e+01 3.967278556873380069e+01 2.031746587958340200e+01 3.718081040587902564e+00 3.293866176908974097e+00 6.799999999999999822e+00 5.799999999999999822e+00 1.449999999999999956e+00
1.107207027614570194e+01 1.134887668076244083e+01 1.125212832860877477e+01 1.108839688743802476e+01 1.109608358088408231e+01 1.114254832509737447e+01 1.102850228115215536e+01 1.107482429526481660e+01 1.103369973141902172e+01 1.102975188944696505e+01 1.086258400025518434e+01 1.111057987976655781e+01 1.524205607331646561e+01 2.508867690611625534e+01 2.490604733439946372e+01 2.498643971857877233e+01 2.487940808772687618e+01 2.512636088510438626e+01 2.471791489020687393e+01 2.526490957569523843e+01 2.469269449177303244e+01 2.960516878540260421e+01 1.921852718504086610e+01 3.976247559490438732e+01 2.019044411835340114e+01 3.827183805518489468e+00 3.197842415150950579e+00 6.799999999999999822e+00 5.799999999999999822e+00 1.449999999999999956e+00
1.125572461508729916e+01 1.103741049287623177e+01 1.147590439014447306e+01 1.104281224378187076e+01 1.103782671244674418e+01 1.113305373315258073e+01 1.102315754048359686e+01 1.108351487986200290e+01 1.099030698024006192e+01 1.105018865050237231e+01 1.097449140684894253e+01 1.103064635984181940e+01 1.536343496837393197e+01 2.493505763559859645e+01 2.507196341708173293e+01 2.480937991384302421e+01 2.505964425100322046e+01 2.500455687110406444e+01 2.480514853920589502e+01 2.521362760421828497e+01 2.469825435296402816e+01 2.955251815629323531e+01 1.955602786639657609e+01 3.960583409372972596e+01 2.037526305437121721e+01 3.603613047814993919e+00 3.390192481112410228e+00 6.799999999999999822e+00 5.799999999999999822e+00 1.449999999999999956e+00
1.104021761790017919e+01 1.129792680347813061e+01 1.130891359750238934e+01 1.110523719481606619e+01 1.105705029516489191e+01 1.109976456610501216e+01 1.107841952580527867e+01 1.106186657111145522e+01 1.093158645588419553e+01 1.109235791556647754e+01 1.101160484658979755e+01 1.094386135869548049e+01 1.531540474775516891e+01 2.503214198054847017e+01 2.492627275932704833e+01 2.494760923078861481e+01 2.495067546008360182e+01 2.502913324661991723e+01 2.482223951350384539e+01 2.520051549409106784e+01 2.474094435573281459e+01 2.945108228602548905e+01 1.943125979642300649e+01 3.974648018063952293e+01 2.022295179898300432e+01 3.774429006363660744e+00 3.149541943805055588e+00 6.799999999999999822e+00 5.799999999999999822e+00 1.449999999999999956e+00
1.091792515464504199e+01 1.121161602245020283e+01 1.136366418593739169e+01 1.102976956533616715e+01 1.107638523096905914e+01 1.103367506994102598e+01 1.112685988035440054e+01 1.115637181604545702e+01 1.104916915837038971e+01 1.098965017746343520e+01 1.095924050964632812e+01 1.094084278393981791e+01 1.543230332502266222e+01 2.496249725615252757e+01 2.495669745072504142e+01 2.495843076226018908e+01 2.491679235370187229e+01 2.506062361922958104e+01 2.484616128423098758e+01 2.513676603369387053e+01 2.484740406243616206e+01 2.919437597602769685e+01 1.953246474085452888e+01 3.980515433866759167e+01 2.027283687904270693e+01 3.730084461190329659e+00 3.155932278683024172e+00 6.799999999999999822e+00 5.799999999999999822e+00 1.449999999999999956e+00
1.116863790493774999e+01 1.104920837068361905e+01 1.139699531759255358e+01 1.099340293598747564e+01 1.110480826331071036e+01 1.105484752437825513e+01 1.110749534211592504e+01 1.119377004498805128e+01 1.103970042388099060e+01 1.102738450215206889e+01 1.096547032795313825e+01 1.103472445803417834e+01 1.518875165556708140e+01 2.515948054737363648e+01 2.489489737403224723e+01 2.490189075594060242e+01 2.500733298751688238e+01 2.499978163488663085e+01 2.481707419276607851e+01 2.518740888699771574e+01 2.475092044440215489e+01 2.947177957023570727e+01 1.937240180308322834e+01 3.975168522624912271e+01 2.026692819083769947e+01 3.850877658287628069e+00 3.008525060082667846e+00 6.799999999999999822e+00 5.799999999999999822e+00 1.449999999999999956e+00
1.106919013026803178e+01 1.108192943175032141e+01 1.144410518954179601e+01 1.096874669608301289e+01 1.125885519877835428e+01 1.101105832593172096e+01 1.109097359282838369e+01 1.108102886565998446e+01 1.105613089995886966e+01 1.110626837212672413e+01 1.094130981727128038e+01 1.113007755454104242e+01 1.528109545348405263e+01 2.501949175560057981e+01 2.501315353371155936e+01 2.482488233438184366e+01 2.510446626728694497e+01 2.482771304144853985e+01 2.504560005516692556e+01 2.494035641734222963e+01 2.498393553378494758e+01 2.919259277919886841e+01 1.894989018820116655e+01 3.992917600774067211e+01 2.017065522215557394e+01 3.825265287243089674e+00 3.159676230031412736e+00 6.799999999999999822e+00 5.799999999999999822e+00 1.449999999999999956e+00
1.102461026950078349e+01 1.125115554797243433e+01 1.129895264991486670e+01 1.103699567786037328e+01 1.123784707367532576e+01 1.114536390073397065e+01 1.107704201416505363e+01 1.107155927994779532e+01 1.103197602854410242e+01 1.101702920214999537e+01 1.099201222557614166e+01 1.100616697200020688e+01 1.527960783678502565e+01 2.496022718278855024e+01 2.515703317547188078e+01 2.466813051028131198e+01 2.526590923740051764e+01 2.475540451949070686e+01 2.502256283112131996e+01 2.501837731144418342e+01 2.486616713515350341e+01 2.934378799530691140e+01 1.908645255283409625e+01 3.985172635198414071e+01 2.030305510092404120e+01 3.742856277544618582e+00 3.206567222834309394e+00 6.799999999999999822e+00 5.799999999999999822e+00 1.449999999999999956e+00
1.124765681263114026e+01 1.130304820753760175e+01 1.137408040490359262e+01 1.111756075660285603e+01 1.116305931224701986e+01 1.089785243423707328e+01 1.099720853555367484e+01 1.107434873375342477e+01 1.095920300801541991e+01 1.105491722550876865e+01 1.095888116213695085e+01 1.102408003445562379e+01 1.523913983101680891e+01 2.507720241151623242e+01 2.492060778298612078e+01 2.495673070985088771e+01 2.498528356491464208e+01 2.503268737609150918e+01 2.483039138363967879e+01 2.518029276762876023e+01 2.480709874313339114e+01 2.941845122181179661e+01 1.916514046273930205e+01 3.987978511498693734e+01 2.020345792016605202e+01 3.812860651636524878e+00 3.094991387836565355e+00 6.799999999999999822e+00 5.799999999999999822e+00 1.449999999999999956e+00
1.079769739681526985e+01 1.134315090294177786e+01 1.122291917113239457e+01 1.111815531643652832e+01 1.115466964097776348e+01 1.097306062816530137e+01 1.099864113748933114e+01 1.104460572324036249e+01 1.101907759418609523e+01 1.107207558929121660e+01 1.102793504979880801e+01 1.109470156455401657e+01 1.511422634345499283e+01 2.523185594618607652e+01 2.490061964532780792e+01 2.488563394131788797e+01 2.506633528690674595e+01 2.493116497302375834e+01 2.489059480356294785e+01 2.509932516759874943e+01 2.486138508883347598e+01 2.922863595282888483e+01 1.899726739072956860e+01 4.009444465619559139e+01 2.009081570918655046e+01 4.028392193246542519e+00 2.954499639054739557e+00 6.799999999999999822e+00 5.799999999999999822e+00 1.449999999999999956e+00
1.133638970546162028e+01 1.094544531685415834e+01 1.152483185198715177e+01 1.104546474925243871e+01 1.120231696398277954e+01 1.099995187023249876e+01 1.104905246119629325e+01 1.108662122892661905e+01 1.103524493204272972e+01 1.108384480237638137e+01 1.102528614488350733e+01 1.103457331814542108e+01 1.543055307801441067e+01 2.488089722601735332e+01 2.511259645018770570e+01 2.475390990094650689e+01 2.512657222267500146e+01 2.495517812883366915e+01 2.490777953188412042e+01 2.509413227149092407e+01 2.484218487151289878e+01 2.935376586108110786e+01 1.924051028200350899e+01 3.981847975847866650e+01 2.010991071013949494e+01 3.836878354838106464e+00 3.186544490087042991e+00 6.799999999999999822e+00 5.799999999999999822e+00 1.449999999999999956e+00
1.096970674739438856e+01 1.099731767410434813e+01 1.144693005102684680e+01 1.103388000662953949e+01 1.100352627968087837e+01 1.110612762867695658e+01 1.103217608402280270e+01 1.107756953865955829e+01 1.098311710669374186e+01 1.104655704580652831e+01 1.090583515431026562e+01 1.099909227668432976e+01 1.533541914657971894e+01 2.498961566292860326e+01 2.500659567686366813e+01 2.483170404846392287e+01 2.506332584922481033e+01 2.493028055777918794e+01 2.486460327321026043e+01 2.511987922546055430e+01 2.482439378991755419e+01 2.930920575316176979e+01 1.950585172936046874e+01 3.974578187826737974e+01 2.025735219443814117e+01 3.813115419769778303e+00 3.163531322402483692e+00 6.799999999999999822e+00 5.799999999999999822e+00 1.449999999999999956e+00
1.128902968279472141e+01 1.115460462877920911e+01 1.137609040377917324e+01 1.099312743121968339e+01 1.118038446906845174e+01 1.117676986981208387e+01 1.098137896991456763e+01 1.118135003243122760e+01 1.091024146980782383e+01 1.101461865679829444e+01 1.097107940491077294e+01 1.107524914039167641e+01 1.531015545854421056e+01 2.501489697591213002e+01 2.498136472270930852e+01 2.486458347058633578e+01 2.503232542738496136e+01 2.499667000226149227e+01 2.482869319366387728e+01 2.521260691333970172e+01 2.471653512126846763e+01 2.954035483957039432e+01 1.961611816424857224e+01 3.963536771457608410e+01 2.039694391355436665e+01 3.654460126198045167e+00 3.330529292006505049e+00 6.799999999999999822e+00 5.799999999999999822e+00 1.449999999999999956e+00
1.098242084743919378e+01 1.125163789031521766e+01 1.132804265248196174e+01 1.110492211988740330e+01 1.112090692991562868e+01 1.101024941428113735e+01 1.099763275349031488e+01 1.114081612116727094e+01 1.107303484411263028e+01 1.107866967183156959e+01 1.099408462874557735e+01 1.109145520334257284e+01 1.523360370014140663e+01 2.516124441008625467e+01 2.482006736046009365e+01 2.505817619001814833e+01 2.487015826154278031e+01 2.507509982585103003e+01 2.480372027573289628e+01 2.517638820837233737e+01 2.480090284415399537e+01 2.933046858709343852e+01 1.916741422753860391e+01 3.991241495420035079e+01 2.016301350038900964e+01 3.853115736506763422e+00 3.150595866036579817e+00 6.799999999999999822e+00 5.799999999999999822e+00 1.449999999999999956e+00
1.109389252695295980e+01 1.115249111313386265e+01 1.141445686135184445e+01 1.100130907394740021e+01 1.100994695630873821e+01 1.104231593707574000e+01 1.101247290471943963e+01 1.104468932626094890e+01 1.101004021682881451e+01 1.116497490585495811e+01 1.096058812451880193e+01 1.109439654568773115e+01 1.542825502517380620e+01 2.493244105985400338e+01 2.511875290186983278e+01 2.470588731242020941e+01 2.518729636268970395e+01 2.484972111556250596e+01 2.492321338632021366e+01 2.514167306809020630e+01 2.479881649626168283e+01 2.927412295738224657e+01 1.960409233791243366e+01 3.972737024774887260e+01 2.025395826493949514e+01 3.774977356165142517e+00 3.172435241349475632e+00 6.799999999999999822e+00 5.799999999999999822e+00 1.449999999999999956e+00
1.120790490004937467e+01 1.116131069895806682e+01 1.147367281881787449e+01 1.104436048412872928e+01 1.116107403486561012e+01 1.116607693145716951e+01 1.106530465833053256e+01 1.113167517157410380e+01 1.100346575450947917e+01 1.115614830769587584e+01 1.094108821162872403e+01 1.105776841496609464e+01 1.533826788591660595e+01 2.499635856101681597e+01 2.493441716730461621e+01 2.493617166735712587e+01 2.497292557820714620e+01 2.496647732203577519e+01 2.487860820899015835e+01 2.509320645570245389e+01 2.484711395837496895e+01 2.937162529217568263e+01 1.916586758509562216e+01 3.985614767724584340e+01 2.022000369405635567e+01 3.801167187162393546e+00 3.151106172434516406e+00 6.799999999999999822e+00 5.799999999999999822e+00 1.449999999999999956e+00
1.119363801808292003e+01 1.110267005836704435e+01 1.143828489689957273e+01 1.106291494246969975e+01 1.107712010297914240e+01 1.103665840211834492e+01 1.108750962353343184e+01 1.108388453791620520e+01 1.106714682232901126e+01 1.113251993888347435e+01 1.099761610895603070e+01 1.096981980191819339e+01 1.534002691269862950e+01 2.501832061286866704e+01 2.494055067953963345e+01 2.499675311125800548e+01 2.484713358759091051e+01 2.514046234016759129e+01 2.477789475803265518e+01 2.517520503867753945e+01 2.480538911095732502e+01 2.940423174633391667e+01 1.908726598040736988e+01 3.984602783898161960e+01 2.026301143271554039e+01 3.746848296685397539e+00 3.149165934331339844e+00 6.799999999999999822e+00 5.799999999999999822e+00 1.449999999999999956e+00
1.134281064893262148e+01 1.088598271958143471e+01 1.147134208836794222e+01 1.106667521426351897e+01 1.109368482905475517e+01 1.102449879393137344e+01 1.125620296933328568e+01 1.110227146606808724e+01 1.103608027432746574e+01 1.097949304254640523e+01 1.104430110948156951e+01 1.106401261300150374e+01 1.525903478307317407e+01 2.503531730649005738e+01 2.496919559583024295e+01 2.486230851956480237e+01 2.504956497824100126e+01 2.489177293619969333e+01 2.492417824006294680e+01 2.506059397938051703e+01 2.488137768382344106e+01 2.926255292596618673e+01 1.922642066288421958e+01 3.981936839719583077e+01 2.011264603249527028e+01 3.910928786504513255e+00 3.037312118944624828e+00 6.799999999999999822e+00 5.799999999999999822e+00 1.449999999999999956e+00
1.113711889849890646e+01 1.110113910924691538e+01 1.142085506341893719e+01 1.098010016135498468e+01 1.110153626296828833e+01 1.107307638854298304e+01 1.111814781285624854e+01 1.107815190151153573e+01 1.098152145951542202e+01 1.106860909661788028e+01 1.100430667458688383e+01 1.109668539133282295e+01 1.512899191744487837e+01 2.521300304265540504e+01 2.475727444889102813e+01 2.509097788127493089e+01 2.485746094826850339e+01 2.508225909886754934e+01 2.479937925623526596e+01 2.513737148932123944e+01 2.482442352089632109e+01 2.924452577892852645e+01 1.947974331416713056e+01 3.970936286637044788e+01 2.030255716394475840e+01 3.726479074823081827e+00 3.218720382267962865e+00 6.799999999999999822e+00 5.799999999999999822e+00 1.449999999999999956e+00
1.103490916866843641e+01 1.098034549515349312e+01 1.133755172027573188e+01 1.099521948052193565e+01 1.116414192503484237e+01 1.093790761193535310e+01 1.100659260479677393e+01 1.104083196836092107e+01 1.108061386379832669e+01 1.096685826473515846e+01 1.098139310327042573e+01 1.098990821095990711e+01 1.513380177400312832e+01 2.518622197248054917e+01 2.480070172500805725e+01 2.505805721775139361e+01 2.485293893924839637e+01 2.512227494728480437e+01 2.475915203099000905e+01 2.521096114050728687e+01 2.479112007411129426e+01 2.930808410396391395e+01 1.942920543819071000e+01 3.982990311558443608e+01 2.016288554198370164e+01 3.839771628699871098e+00 3.142578956907816412e+00 6.799999999999999822e+00 5.799999999999999822e+00 1.449999999999999956e+00
1.112466545553979813e+01 1.134291429882388158e+01 1.125865389951486328e+01 1.102828423097543187e+01 1.119528736645258782e+01 1.091466719947990782e+01 1.117811551831884209e+01 1.106326403484922949e+01 1.103862816736080532e+01 1.100992961300308615e+01 1.099986540882638764e+01 1.104439782131423442e+01 1.526705824605615724e+01 2.500181080141561551e+01 2.497707000916767939e+01 2.489511204108985609e+01 2.496128682629627704e+01 2.501198852645504900e+01 2.483616082816232762e+01 2.512599274778694536e+01 2.480049976069187423e+01 2.939038820001890073e+01 1.927159000551616685e+01 3.976353094815213751e+01 2.031330249510226693e+01 3.789623907896353394e+00 3.126132824813594446e+00 6.799999999999999822e+00 5.799999999999999822e+00 1.449999999999999956e+00
1.113553642629744544e+01 1.123449769880534532e+01 1.130012244292677437e+01 1.105606066724598868e+01 1.113990520237135406e+01 1.106816722977719003e+01 1.112205465646493607e+01 1.102262973068499541e+01 1.102727846672229184e+01 1.102910270025623163e+01 1.098756921238298467e+01 1.105929816203861549e+01 1.533777185548947486e+01 2.500542899361910898e+01 2.500638964004204823e+01 2.482650163405118704e+01 2.509906159602814313e+01 2.487871289555642917e+01 2.496636023916046909e+01 2.502893379784384464e+01 2.490274992739426096e+01 2.926333540869382688e+01 1.912596084444286149e+01 3.994811169112281135e+01 2.010684886874540567e+01 3.940003962105917079e+00 3.004821832441243235e+00 6.799999999999999822e+00 5.799999999999999822e+00 1.449999999999999956e+00
1.090374938186750065e+01 1.123291879091736511e+01 1.138444297440621966e+01 1.100731630660814808e+01 1.118842635937929408e+01 1.109988110250350068e+01 1.104771933652435578e+01 1.101687475515736558e+01 1.098291475364040970e+01 1.102565705843009347e+01 1.102125755093673121e+01 1.116070713959051552e+01 1.529182935331700222e+01 2.505855623301812329e+01 2.493036596348835587e+01 2.489783325884181053e+01 2.505077525440707475e+01 2.491358910373998725e+01 2.497029912762903692e+01 2.499864258740710454e+01 2.492989741989655172e+01 2.923894702152369618e+01 1.933280890390603091e+01 3.975584693073838594e+01 2.027288156169105093e+01 3.528354643309351779e+00 3.541949895573232698e+00 6.799999999999999822e+00 5.799999999999999822e+00 1.449999999999999956e+00
1.108201745517422410e+01 1.118440798792715007e+01 1.141250082821033374e+01 1.104215945173316271e+01 1.103114994046298669e+01 1.114149164670113734e+01 1.105012066752437327e+01 1.104464047798542836e+01 1.109554745405310427e+01 1.107588151758639050e+01 1.098778970720403336e+01 1.100891151730927930e+01 1.547009514551984388e+01 2.489888103847504297e+01 2.500881618080182989e+01 2.494357676315170380e+01 2.485485937769647080e+01 2.521900297694389437e+01 2.462688377246210791e+01 2.539398570778941888e+01 2.460923981935306415e+01 2.968816247504262051e+01 1.944927546692866116e+01 3.964053489844874179e+01 2.042164819749602600e+01 3.588938026479207899e+00 3.292813916496881710e+00 6.799999999999999822e+00 5.799999999999999822e+00 1.449999999999999956e+00
1.132518546036942020e+01 1.122578246393094403e+01 1.130004659626814068e+01 1.093109463104936729e+01 1.125818388302856299e+01 1.106368656242187498e+01 1.102700763745841606e+01 1.107015748423752477e+01 1.100341220610845205e+01 1.101333636098802771e+01 1.089516572023513952e+01 1.103846458946116726e+01 1.524306968939560925e+01 2.518308154266819443e+01 2.483623275861225110e+01 2.496832886755188241e+01 2.494253014807184954e+01 2.506917700344104460e+01 2.474362532004192872e+01 2.523615625860036715e+01 2.470116470973108136e+01 2.961340161293792406e+01 1.945598760205144373e+01 3.970712890172156051e+01 2.023552569660950695e+01 3.829809512194189303e+00 3.048674142758058814e+00 6.799999999999999822e+00 5.799999999999999822e+00 1.449999999999999956e+00
1.102193775006918486e+01 1.124875395238136733e+01 1.136936045893073022e+01 1.102906577468279714e+01 1.118414553327442462e+01 1.112287251870428051e+01 1.090715269989278013e+01 1.113118536988396734e+01 1.108158225220092419e+01 1.100492177976441965e+01 1.089214513022129971e+01 1.100515508273935694e+01 1.509825594261978665e+01 2.518059767631828905e+01 2.483227534561527960e+01 2.498178289554723008e+01 2.490738899065716794e+01 2.511343179502468814e+01 2.468870542308558313e+01 2.531212525793010926e+01 2.465444483086243110e+01 2.954030717993855859e+01 1.952483815428133695e+01 3.964613081430075425e+01 2.034455756521695946e+01 3.601856975226492619e+00 3.221358182774102019e+00 6.799999999999999822e+00 5.799999999999999822e+00 1.449999999999999956e+00
1.127879118126436353e+01 1.114177082150669840e+01 1.140461981689249704e+01 1.105179206091478150e+01 1.120340948035019402e+01 1.116632062239925105e+01 1.097736954755304417e+01 1.105509753120490757e+01 1.116320446615600481e+01 1.109974400384508897e+01 1.108149644307639292e+01 1.110046026683336251e+01 1.532815608701995203e+01 2.494834175847642044e+01 2.510750819831693192e+01 2.470887062072506168e+01 2.517479711366549111e+01 2.489081388268293793e+01 2.484104584716745379e+01 2.521116537968805815e+01 2.470174216000249956e+01 2.946186066131167181e+01 1.963293138603036780e+01 3.966103105887039959e+01 2.035327196656309212e+01 3.752074636927683393e+00 3.113162525024871563e+00 6.799999999999999822e+00 5.799999999999999822e+00 1.449999999999999956e+00
1.114336330245051521e+01 1.115988745156388084e+01 1.139405743101979951e+01 1.110685422052186766e+01 1.113110810671574669e+01 1.117772229938001693e+01 1.103735773062804526e+01 1.102087624538463118e+01 1.106875558543658222e+01 1.111693630628443685e+01 1.107732673744609109e+01 1.108556867589001804e+01 1.534367114393559817e+01 2.498959895089907235e+01 2.496200028881798971e+01 2.493104930062057889e+01 2.490279698911384898e+01 2.511045397063617912e+01 2.472996625816522354e+01 2.522454426505488811e+01 2.479292160662613753e+01 2.913364797398365269e+01 1.969684371173701365e+01 3.978405424455532113e+01 2.016971144759245860e+01 3.927754200469364410e+00 2.972551234814442278e+00 6.799999999999999822e+00 5.799999999999999822e+00 1.449999999999999956e+00
1.101035230845891633e+01 1.131380770868380736e+01 1.128565320923423521e+01 1.101538255838678459e+01 1.125464888677773168e+01 1.105107538015571755e+01 1.107464919469951070e+01 1.095787293709555499e+01 1.106832986270219088e+01 1.106003194238570408e+01 1.091550555060090311e+01 1.102847536766470427e+01 1.542890663951992813e+01 2.492641114534241353e+01 2.503174432781000291e+01 2.488582443892328655e+01 2.499808690578876025e+01 2.499231379770733952e+01 2.487030840207807358e+01 2.513368530995284900e+01 2.480460919406580089e+01 2.939472115464111113e+01 1.939466487795108662e+01 3.973057285231470104e+01 2.031139553882110960e+01 3.718506640774695171e+00 3.118889300882104809e+00 6.799999999999999822e+00 5.799999999999999822e+00 1.449999999999999956e+00
1.118849792141956101e+01 1.123006108085954224e+01 1.136179270521605567e+01 1.105871206620538061e+01 1.119894187916314898e+01 1.088008420167558121e+01 1.115779351697312904e+01 1.100653652214047895e+01 1.102551624006957987e+01 1.099740927043287542e+01 1.106427285355063539e+01 1.107238607693732568e+01 1.512214156083423688e+01 2.520223394190034227e+01 2.485440654452653675e+01 2.496782205709243740e+01 2.500334576047134050e+01 2.488338430144949953e+01 2.504577437877337331e+01 2.489939493635573342e+01 2.505006992045991865e+01 2.893877783374510670e+01 1.931873932559880558e+01 3.991512592211777388e+01 2.010999541719852957e+01 3.880277643797852782e+00 3.148253285013300928e+00 6.799999999999999822e+00 5.799999999999999822e+00 1.449999999999999956e+00
1.105098505224768424e+01 1.136408930483229618e+01 1.128005718150369674e+01 1.112376937429768198e+01 1.107799676684957291e+01 1.102046488578327654e+01 1.105381437006230705e+01 1.107135407130678573e+01 1.108605113638791373e+01 1.096905440512317931e+01 1.100330509360578901e+01 1.098958380515717614e+01 1.537994372613209926e+01 2.489088881157166000e+01 2.512360458197976598e+01 2.477121850168636286e+01 2.507325308668632147e+01 2.494010292167403264e+01 2.489164326720820597e+01 2.511716885938131938e+01 2.480161231813259448e+01 2.944642345948333428e+01 1.921928471860668708e+01 3.978673972218501120e+01 2.024305463177273978e+01 3.830251215291130773e+00 3.089235941028689147e+00 6.799999999999999822e+00 5.799999999999999822e+00 1.449999999999999956e+00
1.123328070910490517e+01 1.116775322494619793e+01 1.133226357771138382e+01 1.102313811173618596e+01 1.120606789500530809e+01 1.098155494120980258e+01 1.104313045146137107e+01 1.108328043333061963e+01 1.102428049105074948e+01 1.107676842030528519e+01 1.097064300796344227e+01 1.104934658512973655e+01 1.522157735433169101e+01 2.504786224817256723e+01 2.505507728975172199e+01 2.476686053152224432e+01 2.511573264119641635e+01 2.495440335633981377e+01 2.483185964918825306e+01 2.516625228175744766e+01 2.476098712174944794e+01 2.948778733848190825e+01 1.929648166798918041e+01 3.974457988939062858e+01 2.023409665859637130e+01 3.869185608082547301e+00 3.100533829569092958e+00 6.799999999999999822e+00 5.799999999999999822e+00 1.449999999999999956e+00
1.093499847057114494e+01 1.115151593269632002e+01 1.143056549980508052e+01 1.113804388869666084e+01 1.121818918761292672e+01 1.102118615261715995e+01 1.106109340495838467e+01 1.107052715848601743e+01 1.104407382744456356e+01 1.100191535045428814e+01 1.098106684005305489e+01 1.106438656972392032e+01 1.531530261048575170e+01 2.493296882851932850e+01 2.512515175794016287e+01 2.481775728834573869e+01 2.501734974250218002e+01 2.504300130814937475e+01 2.478832434114632477e+01 2.522753854240322724e+01 2.472779963082646404e+01 2.935095855109241469e+01 1.957698632548499162e+01 3.973228754128314932e+01 2.027356210679114668e+01 3.744418649050637260e+00 3.201125732066847362e+00 6.799999999999999822e+00 5.799999999999999822e+00 1.449999999999999956e+00
1.115950988236490815e+01 1.140635164448167771e+01 1.134466352845619852e+01 1.100208036178251980e+01 1.125509245081078191e+01 1.100051798581300311e+01 1.108896675917612207e+01 1.105291031289392656e+01 1.091950905210501155e+01 1.096725474037234171e+01 1.082431540683593774e+01 1.110334331234220429e+01 1.510112337948128669e+01 2.514674338962417011e+01 2.502354353530060038e+01 2.470696121146191615e+01 2.520546914718858034e+01 2.487799331043325779e+01 2.486328263030900487e+01 2.519812817003121097e+01 2.466681480143974881e+01 2.972858632794664402e+01 1.947801642615171147e+01 3.958685452278423611e+01 2.038044836250864122e+01 3.741396099324482361e+00 3.310899880873852119e+00 6.799999999999999822e+00 5.799999999999999822e+00 1.449999999999999956e+00
1.127838400627572746e+01 1.121067065178890054e+01 1.132579182194675305e+01 1.107954273364153330e+01 1.111536017530550247e+01 1.097412527769030000e+01 1.111866744251956263e+01 1.109549205416882423e+01 1.100631965265167800e+01 1.114249009784129640e+01 1.094196342204736716e+01 1.106169869511042592e+01 1.529730605423289447e+01 2.501578085826555053e+01 2.500011037750547871e+01 2.489520014991462205e+01 2.490829753827751603e+01 2.518226371802480301e+01 2.463439895710558858e+01 2.535510053911105999e+01 2.462668749805395407e+01 2.956610339455588132e+01 1.945707412753588983e+01 3.962129319507150882e+01 2.037452950230003879e+01 3.734169359454796222e+00 3.320763034868239316e+00 6.799999999999999822e+00 5.799999999999999822e+00 1.449999999999999956e+00
1.096160173300203411e+01 1.117675586103544738e+01 1.137191688167103365e+01 1.101946994461146900e+01 1.114767785154894497e+01 1.116676297492585235e+01 1.096681794579684777e+01 1.121965183076457784e+01 1.108838763325223553e+01 1.114292168855820719e+01 1.101610867238841784e+01 1.109717212988085855e+01 1.534870718236705933e+01 2.496894143553521062e+01 2.502924398112166671e+01 2.485956932751601300e+01 2.502544660677823174e+01 2.496030955325731071e+01 2.486097335186116553e+01 2.514255653141554347e+01 2.479544833623334910e+01 2.934180431349029305e+01 1.941160278797438465e+01 3.976093038544770053e+01 2.025094796343186232e+01 3.836609212662516200e+00 3.089140833824264298e+00 6.799999999999999822e+00 5.799999999999999822e+00 1.449999999999999956e+00
1.105296010384889271e+01 1.113272654543531459e+01 1.139737609894656600e+01 1.113321801360993035e+01 1.106218770628311709e+01 1.110245212616571031e+01 1.092440108245732766e+01 1.115131270554759624e+01 1.114022003266058825e+01 1.103369862143104818e+01 1.097819568476399965e+01 1.098897097268842771e+01 1.533010137972607900e+01 2.497366292920926156e+01 2.505858859064218080e+01 2.481196828019627887e+01 2.505152463667813478e+01 2.501686045803248248e+01 2.477332734132694014e+01 2.526738663751929082e+01 2.475409254476904408e+01 2.932658209203742317e+01 1.952277375281748206e+01 3.979127909184094136e+01 2.016080997181245493e+01 3.973886150565924869e+00 2.940794851600506465e+00 6.799999999999999822e+00 5.799999999999999822e+00 1.449999999999999956e+00
1.133332005179994795e+01 1.115722686001099895e+01 1.147887962992736099e+01 1.108882563574618274e+01 1.103094969337464804e+01 1.112310642621379841e+01 1.108168193216218000e+01 1.108466130241986392e+01 1.098751729189316251e+01 1.102546279050996603e+01 1.102741046271829539e+01 1.102481359241658154e+01 1.543947693346099115e+01 2.489202563288666781e+01 2.507851085217919618e+01 2.481585306564755555e+01 2.500986843279072502e+01 2.506217547397763568e+01 2.473090342144269371e+01 2.525933381819679369e+01 2.473065239223024037e+01 2.944061428352590681e+01 1.920293098988570790e+01 3.985622580817570793e+01 2.009344433447872191e+01 4.041074189939555694e+00 2.858261301710695701e+00 6.799999999999999822e+00 5.799999999999999822e+00 1.449999999999999956e+00
1.108200341321112248e+01 1.117659351781396104e+01 1.141001014811861403e+01 1.096606768388949149e+01 1.101717008310115986e+01 1.110975874102492611e+01 1.104316596969538899e+01 1.108852638994433448e+01 1.103828852917446390e+01 1.099492912076851781e+01 1.099665057120961187e+01 1.107993196508127021e+01 1.516394471478608530e+01 2.514719055614586196e+01 2.487245258011091664e+01 2.497720816656702070e+01 2.492808785456806575e+01 2.502936906456661958e+01 2.483671263601753765e+01 2.511906392313057168e+01 2.481835367588572439e+01 2.942382977056367466e+01 1.911570605259207412e+01 3.981560126755663021e+01 2.015299451599792846e+01 3.877656933640647896e+00 3.073764949967856097e+00 6.799999999999999822e+00 5.799999999999999822e+00 1.449999999999999956e+00
1.121929119994814705e+01 1.120836860583263928e+01 1.127768735315408755e+01 1.109078399537721538e+01 1.107673130329212086e+01 1.100731468154947379e+01 1.110509086932378153e+01 1.108413877386960422e+01 1.104594988993620674e+01 1.102752399832861840e+01 1.097895856579379803e+01 1.107662504713069573e+01 1.533416294746903752e+01 2.501165415152004812e+01 2.494462679970345675e+01 2.496386297433948798e+01 2.486667108227489464e+01 2.516684153865459095e+01 2.471128556709888002e+01 2.526249374383021973e+01 2.474269930747210111e+01 2.930440848286642108e+01 1.937668323269658899e+01 3.984836097285113965e+01 2.023722363724660767e+01 3.806139483404540336e+00 3.144578910940039052e+00 6.799999999999999822e+00 5.799999999999999822e+00 1.449999999999999956e+00
1.113217613587496935e+01 1.121175675086480972e+01 1.131443879728768742e+01 1.107942017514244526e+01 1.107619564897976261e+01 1.106651691284642602e+01 1.110848055580106042e+01 1.098990610582177219e+01 1.106890559548774711e+01 1.102589044854092393e+01 1.093636577810640809e+01 1.107596161880772101e+01 1.536837349033525157e+01 2.494159528261491587e+01 2.508664862073195678e+01 2.481553239685160861e+01 2.507571490830625294e+01 2.488190140419612817e+01 2.499760770635050022e+01 2.496600652292261913e+01 2.500608496372258571e+01 2.903539728533881714e+01 1.888153564987412025e+01 4.014697847914899853e+01 2.009341638505279093e+01 3.943938503180677291e+00 3.036908643795898755e+00 6.799999999999999822e+00 5.799999999999999822e+00 1.449999999999999956e+00
1.095989022405122526e+01 1.121759589451989569e+01 1.138205932690859612e+01 1.107094735482445280e+01 1.118022350145952259e+01 1.116597444229313751e+01 1.105946418054242741e+01 1.110412728488444500e+01 1.110868924077109732e+01 1.095959389520111493e+01 1.085656810278483597e+01 1.102359193872929133e+01 1.519566600425159386e+01 2.515578627636542208e+01 2.485100709980967437e+01 2.499989437316332186e+01 2.497163671686494979e+01 2.501169132384728044e+01 2.487970846352101972e+01 2.508570521103654372e+01 2.491748773164080077e+01 2.920753236700624100e+01 1.923129487141478933e+01 3.986106752555804178e+01 2.024882993563640099e+01 3.604634680837445426e+00 3.458530760281849581e+00 6.799999999999999822e+00 5.799999999999999822e+00 1.449999999999999956e+00
1.126530824756526350e+01 1.115326789081144021e+01 1.139346292571680941e+01 1.109763262243940041e+01 1.112782216176589323e+01 1.106232513028928643e+01 1.098411419451555027e+01 1.109619794166455264e+01 1.104134501480170272e+01 1.107434499096696179e+01 1.098229329093288698e+01 1.109786205255008440e+01 1.526891973159887783e+01 2.500354179461615445e+01 2.503772493712640568e+01 2.485870890826096158e+01 2.499101332861344460e+01 2.506797844926665420e+01 2.477325440956428793e+01 2.522041726829369424e+01 2.474073738238062958e+01 2.936641803851258459e+01 1.950592257979400657e+01 3.974767018613459868e+01 2.029872433217141392e+01 3.695762678671078660e+00 3.268935598311240032e+00 6.799999999999999822e+00 5.799999999999999822e+00 1.449999999999999956e+00
1.112020637731038875e+01 1.119354153436409050e+01 1.136229760609384698e+01 1.116843730647449995e+01 1.101424780004299109e+01 1.105731430485210787e+01 1.088351494114221296e+01 1.101669891036231874e+01 1.101510837494368289e+01 1.103483950123743007e+01 1.103573315562802293e+01 1.095768012338159991e+01 1.527409325092843240e+01 2.499326918229557748e+01 2.502725712276157921e+01 2.485667073310559516e+01 2.494175739482368215e+01 2.512628842926477191e+01 2.466048447483441564e+01 2.537180813303594107e+01 2.461205756950243284e+01 2.959945073492133361e+01 1.929012503282953261e+01 3.974898195141120283e+01 2.020790655013845694e+01 3.813193644249547543e+00 3.121141559279983380e+00 6.799999999999999822e+00 5.799999999999999822e+00 1.449999999999999956e+00
1.141784985960888577e+01 1.111933356432194309e+01 1.133156378346347637e+01 1.106514436430872905e+01 1.107520610994109234e+01 1.100274686005307601e+01 1.100193346295621311e+01 1.108805156977153672e+01 1.101459896183880360e+01 1.102918551162778016e+01 1.103631904170440947e+01 1.100378628031861972e+01 1.528148470287883143e+01 2.509752414868193071e+01 2.477729901333042051e+01 2.511970432327946412e+01 2.480984080816635995e+01 2.511431866925083511e+01 2.478722056388388140e+01 2.515850747559919043e+01 2.482808660281696689e+01 2.930464736417339466e+01 1.922870145033710187e+01 3.988052948600568470e+01 2.019462886827093229e+01 3.789045343640640162e+00 3.188604634853863029e+00 6.799999999999999822e+00 5.799999999999999822e+00 1.449999999999999956e+00
1.108591647381553003e+01 1.127469358113457787e+01 1.131689107132144123e+01 1.119802390419638805e+01 1.096571358240245964e+01 1.115070052631940278e+01 1.102389519697847753e+01 1.115933274398727981e+01 1.102719301111602590e+01 1.094365866525465059e+01 1.102425759562472329e+01 1.106321535422322100e+01 1.544497508243800432e+01 2.492082276870063851e+01 2.497430515381507732e+01 2.501368928862395080e+01 2.479946627584288521e+01 2.522206905733856885e+01 2.465371772480669321e+01 2.532084791489322129e+01 2.471975585398297426e+01 2.932151329431876619e+01 1.958735693595819427e+01 3.974964130689460262e+01 2.023375651616469284e+01 3.857791536444893588e+00 3.047911531994466294e+00 6.799999999999999822e+00 5.799999999999999822e+00 1.449999999999999956e+00
1.089616568164654176e+01 1.113923965943414984e+01 1.133686440622804525e+01 1.108766368340547892e+01 1.109653651658112672e+01 1.113050778470626945e+01 1.114543111539076570e+01 1.113879586553327883e+01 1.108470983711650959e+01 1.097205639937844346e+01 1.097124116260864746e+01 1.104936338847132049e+01 1.531830137398369551e+01 2.496287704962696097e+01 2.505966348169102176e+01 2.479933842465896987e+01 2.505370956687519524e+01 2.492230379437759069e+01 2.490059575326278463e+01 2.505774130066611249e+01 2.488038237708942191e+01 2.918200323000860763e+01 1.950956188170236416e+01 3.977584628566769709e+01 2.023035774626267269e+01 3.810331779661654483e+00 3.200762907578076799e+00 6.799999999999999822e+00 5.799999999999999822e+00 1.449999999999999956e+00
1.095994263395891188e+01 1.121214831478360985e+01 1.141454055651251842e+01 1.095127349734234201e+01 1.115491442164704772e+01 1.097037283122672058e+01 1.103858449980993761e+01 1.105514275600810770e+01 1.098970386093236762e+01 1.106261350122033882e+01 1.109870854112118366e+01 1.107914637216244813e+01 1.510074081506392041e+01 2.516690679858490398e+01 2.494557527336525382e+01 2.488017898368832448e+01 2.501521096874540717e+01 2.500313220585308827e+01 2.483907554076144208e+01 2.515734083242064045e+01 2.478088829566132745e+01 2.933757453741961996e+01 1.989014743298006493e+01 3.961674436087965034e+01 2.030906066225570328e+01 3.829471215306097687e+00 3.000731382610373643e+00 6.799999999999999822e+00 5.799999999999999822e+00 1.449999999999999956e+00
1.110266316730477598e+01 1.117018413146200295e+01 1.140535218284001573e+01 1.103891162673468074e+01 1.121658447096689137e+01 1.103634710416048215e+01 1.113214247608917873e+01 1.100724220450853785e+01 1.104789457028280175e+01 1.108576106069396339e+01 1.095150800318630857e+01 1.105046452326704021e+01 1.525429525655974494e+01 2.513339215679382477e+01 2.481442036065174150e+01 2.511039209217311807e+01 2.480502703378098772e+01 2.513960597851512091e+01 2.479656690479207626e+01 2.514200460846567253e+01 2.486955191796040410e+01 2.925953014490449888e+01 1.916018603009240451e+01 3.995649124772414496e+01 2.010045232773481061e+01 3.944447930827217341e+00 3.018378663180758092e+00 6.799999999999999822e+00 5.799999999999999822e+00 1.449999999999999956e+00
1.126839241817579840e+01 1.117947947729908442e+01 1.136019640479477211e+01 1.109125170278783301e+01 1.121994066704275994e+01 1.107738520851413533e+01 1.108524374149755332e+01 1.110518047871585523e+01 1.101051604671668827e+01 1.100722663481545816e+01 1.099271290060156758e+01 1.099992842835911411e+01 1.523347539960542463e+01 2.505050213379545454e+01 2.505771858173238442e+01 2.480213979753690268e+01 2.508060196636970929e+01 2.495589162555762996e+01 2.486969301452723968e+01 2.516001758819813006e+01 2.476834284840786182e+01 2.934351686206711918e+01 1.958457879550492464e+01 3.969077742426685518e+01 2.032821366997810486e+01 3.656282212571660750e+00 3.300674925048806330e+00 6.799999999999999822e+00 5.799999999999999822e+00 1.449999999999999956e+00
1.135060955859525755e+01 1.106751010079399578e+01 1.144082636337459036e+01 1.106993998374657906e+01 1.121422666898501497e+01 1.102837899277320410e+01 1.101172320061940013e+01 1.108492364631430682e+01 1.116708247046987701e+01 1.105740892120078733e+01 1.102836686379542108e+01 1.110649537284843547e+01 1.554377731357987358e+01 2.485592754827288786e+01 2.502791128991694691e+01 2.493542958291391898e+01 2.491518726172011711e+01 2.510518964828305499e+01 2.477472636388402094e+01 2.519079003110942239e+01 2.479348289656350701e+01 2.944578020074842684e+01 1.927052586426447789e+01 3.978895532908368438e+01 2.034825199333282697e+01 3.646094234421517033e+00 3.401095568836288496e+00 6.799999999999999822e+00 5.799999999999999822e+00 1.449999999999999956e+00
1.097531762729382265e+01 1.131460256214627691e+01 1.131533066343997440e+01 1.101011992517218907e+01 1.117716816296766957e+01 1.117662790852082288e+01 1.094283130579337282e+01 1.106283304722055938e+01 1.110054253945449609e+01 1.112166683526487709e+01 1.106312214315826736e+01 1.094205238532735791e+01 1.509682470426462508e+01 2.520566001382226418e+01 2.493873560488535901e+01 2.485131380348556007e+01 2.509751507432621764e+01 2.486978318806653832e+01 2.498139229240288017e+01 2.507650443447008826e+01 2.486264380396760743e+01 2.928493309034794834e+01 1.939432894707247712e+01 3.981478745400887931e+01 2.020987093416232483e+01 3.776059337762540213e+00 3.148914689147299661e+00 6.799999999999999822e+00 5.799999999999999822e+00 1.449999999999999956e+00
1.109490205518440042e+01 1.126761285622044184e+01 1.134705986838819136e+01 1.102987953933501153e+01 1.126769199294040469e+01 1.101198869201683905e+01 1.105193406367025233e+01 1.106484475136990753e+01 1.104347764399141241e+01 1.105065976566455888e+01 1.100637487482348398e+01 1.098937772427957604e+01 1.524701464255547201e+01 2.506650641013619207e+01 2.492399694411970401e+01 2.493523138635023528e+01 2.495991406706543714e+01 2.506362628693714356e+01 2.480977535320489480e+01 2.518478237252620389e+01 2.478324841071106022e+01 2.928807915840022602e+01 1.953175757561667680e+01 3.977998433600357231e+01 2.020576049484604297e+01 3.778006495502645556e+00 3.118428155120557044e+00 6.799999999999999822e+00 5.799999999999999822e+00 1.449999999999999956e+00
1.121137059746608777e+01 1.118418932991367143e+01 1.137613310861901006e+01 1.112481174911343551e+01 1.107945335456887648e+01 1.103764107215601165e+01 1.093966612594997656e+01 1.105485248416139044e+01 1.093717743519808394e+01 1.115294129956183689e+01 1.090307891383087302e+01 1.107774686165054412e+01 1.516820993449745991e+01 2.512351025055007270e+01 2.496761319464948059e+01 2.483220388072376394e+01 2.508314832864508404e+01 2.492501439176602318e+01 2.489982768110128575e+01 2.507807643878530257e+01 2.487071654665437848e+01 2.912947780496275740e+01 1.947876236435018527e+01 3.981892332685470848e+01 2.014708274398754284e+01 3.894469964929229366e+00 3.065445589702439744e+00 6.799999999999999822e+00 5.799999999999999822e+00 1.449999999999999956e+00
1.088430996999375644e+01 1.096849356987080348e+01 1.145085368615168875e+01 1.098265534338731975e+01 1.107367408778875806e+01 1.108694571642982396e+01 1.106346909541564649e+01 1.112050848907829170e+01 1.105043071155199996e+01 1.101386598975990161e+01 1.097158269150169474e+01 1.100995787395243219e+01 1.530409755752711476e+01 2.500254874212713929e+01 2.498256708281922300e+01 2.490933027490407525e+01 2.496357693710479708e+01 2.501028468959150786e+01 2.482735078611526447e+01 2.517345834786656766e+01 2.474899490949058034e+01 2.963241312460424837e+01 1.922981411865763590e+01 3.978529291300032611e+01 2.025115504681811984e+01 3.868380498781744947e+00 3.056167743121460667e+00 6.799999999999999822e+00 5.799999999999999822e+00 1.449999999999999956e+00
1.128198297651787563e+01 1.124742847988193972e+01 1.126146036529298655e+01 1.106146059042189833e+01 1.116638356277326416e+01 1.086695166176390970e+01 1.115346672616472823e+01 1.097188236520567450e+01 1.106698423344213822e+01 1.116157609090103442e+01 1.094137123725575478e+01 1.108610395133841742e+01 1.524562784143948591e+01 2.503283478113558047e+01 2.505034210428384966e+01 2.478840656549741084e+01 2.510004058475091782e+01 2.497106259558859165e+01 2.482822172203897892e+01 2.520506376899192347e+01 2.477731595376410922e+01 2.929402462635649229e+01 1.948931320517881005e+01 3.978415255499687930e+01 2.023474226691405420e+01 3.745497571185623098e+00 3.248003466837791287e+00 6.799999999999999822e+00 5.799999999999999822e+00 1.449999999999999956e+00
1.102016980484133946e+01 1.116689750950863669e+01 1.139374755251719584e+01 1.102020836741314547e+01 1.120977806369019980e+01 1.107587832302149344e+01 1.103525163366345652e+01 1.111364259967202095e+01 1.103303711019459499e+01 1.104237322550677369e+01 1.098487152064183370e+01 1.101555320164345453e+01 1.530017879825203586e+01 2.505080191181175309e+01 2.498511958513782361e+01 2.482547439477735907e+01 2.513078482536197455e+01 2.490369249795986306e+01 2.492082702960783536e+01 2.510471415282453478e+01 2.483944576215662892e+01 2.928112352609772628e+01 1.936902484255679369e+01 3.983850302267984489e+01 2.016231382788848592e+01 3.858292129667428405e+00 3.010137499737413513e+00 6.799999999999999822e+00 5.799999999999999822e+00 1.449999999999999956e+00
1.115021018546896947e+01 1.122359746924453283e+01 1.144216948094109298e+01 1.104251979452949861e+01 1.112062615501542062e+01 1.124686426128346284e+01 1.088203302859263033e+01 1.122321699284630370e+01 1.101163441193013348e+01 1.107137310840000843e+01 1.098061150717185264e+01 1.098394753952764269e+01 1.518750633102652969e+01 2.508356476938208246e+01 2.506348697124739644e+01 2.472852349087892776e+01 2.520489845998926270e+01 2.486559392231995247e+01 2.494591173144078056e+01 2.514522130590412274e+01 2.477568885532321730e+01 2.937558258584236270e+01 1.964367490473473765e+01 3.969113011207763719e+01 2.023370903597139048e+01 3.842718488412160127e+00 3.049865502935148243e+00 6.799999999999999822e+00 5.799999999999999822e+00 1.449999999999999956e+00
1.112423463401951018e+01 1.114935594124209928e+01 1.139482804905149216e+01 1.104269333511815532e+01 1.109520322995842179e+01 1.115590531244311201e+01 1.114753109458919234e+01 1.109278661453880410e+01 1.104209191947385094e+01 1.094390904456879454e+01 1.092602684915768307e+01 1.114167643926190010e+01 1.530707110692322637e+01 2.504760565424222918e+01 2.489890440877272226e+01 2.501689072240959177e+01 2.482978653826738835e+01 2.520420771573404295e+01 2.467746357435738958e+01 2.530750821252065563e+01 2.470328188165285255e+01 2.943459172830956305e+01 1.944779816843448828e+01 3.976556669293594837e+01 2.026563448894146191e+01 3.810561909165663952e+00 3.098859482575061719e+00 6.799999999999999822e+00 5.799999999999999822e+00 1.449999999999999956e+00
1.121336656102309881e+01 1.119976958139662493e+01 1.139403372737843156e+01 1.110482076676667873e+01 1.116547837253727771e+01 1.099985708147964658e+01 1.102466761078660262e+01 1.101057491375587993e+01 1.099532786712532584e+01 1.097427661287892420e+01 1.094066775594441765e+01 1.102475956960986636e+01 1.505582309441378541e+01 2.518517791175177578e+01 2.494419385973711556e+01 2.484420826743312816e+01 2.510364248697258915e+01 2.485157403999526338e+01 2.501555701551447797e+01 2.493752881683257172e+01 2.499456762733596449e+01 2.903532452800180863e+01 1.935658596549728827e+01 3.985346121507444650e+01 2.020302068340649271e+01 3.760896225673604043e+00 3.133780663934402799e+00 6.799999999999999822e+00 5.799999999999999822e+00 1.449999999999999956e+00
1.127584741036271687e+01 1.114922378428855332e+01 1.140866256947353818e+01 1.092621693160336704e+01 1.129866221600332032e+01 1.099738432829917301e+01 1.103968509064051240e+01 1.106723594080825812e+01 1.114489481086940437e+01 1.104019842607165280e+01 1.091141520699601841e+01 1.102065942886339123e+01 1.518011993108196123e+01 2.519402702969452079e+01 2.487401845798140343e+01 2.496103337416123580e+01 2.497015518838892945e+01 2.500007324198617198e+01 2.484237217131480335e+01 2.516581553939604632e+01 2.476592243059237219e+01 2.956712131456440318e+01 1.907267313166574141e+01 3.977113764670325935e+01 2.022262400478466660e+01 3.844157069362135637e+00 3.133871972694411312e+00 6.799999999999999822e+00 5.799999999999999822e+00 1.449999999999999956e+00
1.092960169286181937e+01 1.104362734137228053e+01 1.150522837461809367e+01 1.101769719810147841e+01 1.110767942507067474e+01 1.098343301434506003e+01 1.108241610463483084e+01 1.106078465940630551e+01 1.106290583987786746e+01 1.104720574013427736e+01 1.091521980313637918e+01 1.104595459544094282e+01 1.517392006870099408e+01 2.521355525045833446e+01 2.471735596691767256e+01 2.514447499053570567e+01 2.480216048982754629e+01 2.512542142969386560e+01 2.480169925096720718e+01 2.511407747786585887e+01 2.490453304200497797e+01 2.897948731934035393e+01 1.944822394058449433e+01 3.989581504929610389e+01 2.004088122318166398e+01 3.925883692219502397e+00 2.992099855956239729e+00 6.799999999999999822e+00 5.799999999999999822e+00 1.449999999999999956e+00
1.132093984262750119e+01 1.109551596306395460e+01 1.144657599452972896e+01 1.103206798723033621e+01 1.108274872858368632e+01 1.117255084911837848e+01 1.108961917964753674e+01 1.110700281493857133e+01 1.111578730806113668e+01 1.105294745052415628e+01 1.099444189102861813e+01 1.102951133679287388e+01 1.531762946231111577e+01 2.504972942802944047e+01 2.489975182241964191e+01 2.497739120305242722e+01 2.491171251990120439e+01 2.508440620691476042e+01 2.477035796131872658e+01 2.523891531608047600e+01 2.470130712582789911e+01 2.969235489714536769e+01 1.927783436952060470e+01 3.972130095418517470e+01 2.029087303525179919e+01 3.832742341827370947e+00 3.042530195438097884e+00 6.799999999999999822e+00 5.799999999999999822e+00 1.449999999999999956e+00
1.110668094706532294e+01 1.121375372977896312e+01 1.131196229110792295e+01 1.105894882656691181e+01 1.103495335414323897e+01 1.103530346532770601e+01 1.111706877192836984e+01 1.105175269018537065e+01 1.095246207469009470e+01 1.112104029834522834e+01 1.104758854685574221e+01 1.106140031219679187e+01 1.528756867530784014e+01 2.505950911614023013e+01 2.491539189181261094e+01 2.502325727436770819e+01 2.481248775606741219e+01 2.523261534587140886e+01 2.464726887325708304e+01 2.531974093435393769e+01 2.470314820996155447e+01 2.947067816459651368e+01 1.944031303925609322e+01 3.974411651879078278e+01 2.031837104152014462e+01 3.791325493993768170e+00 3.144192236603154278e+00 6.799999999999999822e+00 5.799999999999999822e+00 1.449999999999999956e+00
1.114634949283090037e+01 1.106620166663565996e+01 1.143792794403054458e+01 1.100267627585375152e+01 1.111892425471123680e+01 1.109718616914869926e+01 1.105486259646254155e+01 1.113153780081265687e+01 1.112827919409913058e+01 1.096525530532400161e+01 1.092395291292464776e+01 1.107020437108962518e+01 1.528367545672890948e+01 2.497919833149015645e+01 2.517861196239610422e+01 2.465444616910189168e+01 2.525602115382165636e+01 2.479771084817826576e+01 2.499037674107617946e+01 2.506025528157809745e+01 2.489591847409120007e+01 2.918439234785940428e+01 1.924205665054017445e+01 3.995047387256578730e+01 2.011783166592862315e+01 4.044384854128919571e+00 2.893099172957405152e+00 6.799999999999999822e+00 5.799999999999999822e+00 1.449999999999999956e+00
1.124249462965424939e+01 1.123738251208239980e+01 1.133519565489450542e+01 1.097603837352318479e+01 1.115472696540676978e+01 1.100765705280962869e+01 1.110760766728736826e+01 1.106784799139199116e+01 1.103090469488008196e+01 1.098045680601784468e+01 1.100534879080892203e+01 1.104145329470109083e+01 1.529855255247177226e+01 2.499082560882531467e+01 2.505995490580873764e+01 2.479487835546645158e+01 2.505670287459293277e+01 2.501488223385418408e+01 2.474684905473308305e+01 2.531512301821127409e+01 2.457882099219538574e+01 2.974745417800785674e+01 1.950191012618220299e+01 3.959280213921041991e+01 2.041335508852965930e+01 3.634871900003795897e+00 3.180540464310919191e+00 6.799999999999999822e+00 5.799999999999999822e+00 1.449999999999999956e+00
1.121786307190504672e+01 1.133383342775915636e+01 1.128767081316680176e+01 1.113092588396588312e+01 1.111826147257137087e+01 1.118083031768298952e+01 1.105543761305141892e+01 1.112439334083366127e+01 1.099271731609464098e+01 1.105117996106458200e+01 1.096061154921092395e+01 1.108328776309118702e+01 1.518775407322765858e+01 2.513091930072219782e+01 2.488129163575029423e+01 2.498870054659356299e+01 2.489327625885893269e+01 2.511026149252789352e+01 2.475903535452994220e+01 2.519458061138919547e+01 2.475392865443020796e+01 2.951234181812795754e+01 1.914940729160100119e+01 3.984203311492106536e+01 2.005614160973959059e+01 4.005371675654568975e+00 2.969358496188474472e+00 6.799999999999999822e+00 5.799999999999999822e+00 1.449999999999999956e+00
1.138585918916567508e+01 1.116204130202013367e+01 1.140583840711274100e+01 1.102420564729488106e+01 1.117478969663888755e+01 1.101131172886700504e+01 1.103223948733161386e+01 1.114757417099905012e+01 1.102174012082597088e+01 1.117134507901771023e+01 1.093252870180503677e+01 1.107666569137458623e+01 1.535636893193856523e+01 2.491396566166129034e+01 2.520942035413544602e+01 2.459327097337683554e+01 2.534621957363630784e+01 2.474872364859994178e+01 2.503504529616183305e+01 2.504390527165887192e+01 2.486892507861396595e+01 2.929095787249797667e+01 1.929474286504904867e+01 3.981142380680689996e+01 2.022990220184841803e+01 3.751855622866992146e+00 3.227992019853261674e+00 6.799999999999999822e+00 5.799999999999999822e+00 1.449999999999999956e+00
1.149567598893586329e+01 1.130334632621620550e+01 1.126538808670545855e+01 1.097648649403447152e+01 1.128354626154913021e+01 1.095830024840198291e+01 1.119342662976062108e+01 1.104632540071176727e+01 1.106852535775330004e+01 1.102916982655387201e+01 1.090641484723195198e+01 1.099165811151961059e+01 1.532366168995311995e+01 2.504090628305084110e+01 2.492201037443025768e+01 2.498034434573525431e+01 2.490043147509045340e+01 2.505810722607614593e+01 2.482078099492724377e+01 2.513478736214218756e+01 2.483363417139173990e+01 2.922722184587571448e+01 1.924579271746289422e+01 3.985817535884869756e+01 2.014815406057718050e+01 3.878915259754923461e+00 3.126002289810286161e+00 6.799999999999999822e+00 5.799999999999999822e+00 1.449999999999999956e+00
1.108686590848444276e+01 1.121867048968271696e+01 1.135890825171127183e+01 1.096261589750255183e+01 1.117999943871137702e+01 1.097966622736964304e+01 1.111194348228449513e+01 1.102494849746043393e+01 1.107198845643169527e+01 1.112058154926029729e+01 1.103684384802600960e+01 1.108062397143653754e+01 1.514924782766336619e+01 2.513390244084484593e+01 2.500525284024281447e+01 2.478917236133166213e+01 2.510691008907563315e+01 2.491256567422374602e+01 2.485842695094602917e+01 2.518521812225174727e+01 2.472899078701987463e+01 2.953104359095230080e+01 1.924600257535141168e+01 3.982705761758909091e+01 2.016064172875971749e+01 3.895946399937801896e+00 3.051029908766283327e+00 6.799999999999999822e+00 5.799999999999999822e+00 1.449999999999999956e+00
1.124183213881050492e+01 1.122921374654556992e+01 1.135664170752616720e+01 1.108706547373643403e+01 1.105751464982696675e+01 1.104881678699437408e+01 1.102117240504909823e+01 1.108922424507237103e+01 1.117679362555162825e+01 1.094060072367871683e+01 1.087864571270921843e+01 1.102294085330916396e+01 1.539718658945433560e+01 2.494538145151070907e+01 2.503850425904315458e+01 2.486811571449607072e+01 2.500355141751485277e+01 2.498780478830440899e+01 2.488351130387148302e+01 2.511082290353295576e+01 2.480868259039928958e+01 2.940517395872467432e+01 1.916464020328857032e+01 3.979043099180805143e+01 2.025473340609476480e+01 3.681404965536191121e+00 3.267494344319759048e+00 6.799999999999999822e+00 5.799999999999999822e+00 1.449999999999999956e+00
1.100988540060334309e+01 1.113644840016156046e+01 1.139816203945148843e+01 1.101499719522579213e+01 1.108129584513990196e+01 1.088822980791655048e+01 1.101314760377191782e+01 1.101180098702795718e+01 1.090608364500735306e+01 1.105654274585120866e+01 1.097988942122428746e+01 1.108615110632830714e+01 1.517547839306952184e+01 2.507292124831197455e+01 2.501148718858791753e+01 2.473767193470652970e+01 2.521313894516432796e+01 2.483371969508059252e+01 2.491119352998119396e+01 2.511971404737140290e+01 2.478279936867146560e+01 2.936375169180059785e+01 1.927671922082621592e+01 3.978422016498475955e+01 2.017396035887836092e+01 3.938353843769664575e+00 2.963005963137149479e+00 6.799999999999999822e+00 5.799999999999999822e+00 1.449999999999999956e+00
1.098609447327967814e+01 1.099999330859230717e+01 1.155237588275633343e+01 1.089910119811067624e+01 1.120434562118576771e+01 1.096062830679562694e+01 1.101965706541580481e+01 1.104142222592912859e+01 1.113465609346974894e+01 1.104165377401850812e+01 1.097201327450020436e+01 1.099085449502568501e+01 1.531952852150932820e+01 2.501640124005802690e+01 2.490579848550081365e+01 2.498456969871705979e+01 2.490211509204428353e+01 2.508144999944023112e+01 2.479665247351286794e+01 2.516052193428563299e+01 2.475801526826896293e+01 2.951352646557296211e+01 1.939431032144304012e+01 3.966612106042271080e+01 2.023260166358135592e+01 3.772860479726162897e+00 3.194654534151015302e+00 6.799999999999999822e+00 5.799999999999999822e+00 1.449999999999999956e+00
1.122825593856443582e+01 1.104067604802730429e+01 1.141623836311713092e+01 1.105527712521246819e+01 1.113815709046471980e+01 1.098957258075443733e+01 1.112061518597567300e+01 1.101343207948548475e+01 1.098547919860207323e+01 1.099227713387151972e+01 1.092207502694348520e+01 1.102321521509440316e+01 1.536896138179266380e+01 2.498962948627248792e+01 2.495919427075866182e+01 2.496314060149921232e+01 2.488418808645829472e+01 2.516130475100229802e+01 2.469738941865532666e+01 2.525682784803030145e+01 2.470671042852776367e+01 2.978076510719482428e+01 1.910830133393847063e+01 3.978735690766321653e+01 2.028517835273034464e+01 3.749031974404253731e+00 3.170818966726809407e+00 6.799999999999999822e+00 5.799999999999999822e+00 1.449999999999999956e+00
1.094033354417020654e+01 1.155627442148427164e+01 1.114256376031163676e+01 1.111844978053014721e+01 1.119665892803783969e+01 1.107884613029756338e+01 1.097493027507192487e+01 1.101460457844849650e+01 1.116893149983643241e+01 1.110641429253606738e+01 1.102975943770676714e+01 1.091550683110156861e+01 1.537667937447757716e+01 2.494709874645551650e+01 2.507121369254142706e+01 2.479130539170961356e+01 2.509221838316731734e+01 2.491190194739066754e+01 2.490188202148388186e+01 2.514507430872430760e+01 2.477933315358816202e+01 2.953485275289151346e+01 1.928669452361847192e+01 3.973661179217024397e+01 2.022952705757514380e+01 3.805383072055735116e+00 3.095224663456635383e+00 6.799999999999999822e+00 5.799999999999999822e+00 1.449999999999999956e+00
1.127064139658074815e+01 1.139500062885749365e+01 1.124748949977590051e+01 1.098891821315996609e+01 1.131861763804730536e+01 1.106126730134332981e+01 1.104867262622642698e+01 1.117177545014207141e+01 1.113373565160003587e+01 1.105843675362369183e+01 1.106467930216550499e+01 1.104627335728324589e+01 1.518513807316549169e+01 2.508614565120598883e+01 2.498508795473052047e+01 2.481995899966124952e+01 2.508591780950015249e+01 2.490249946093814870e+01 2.490105773819396973e+01 2.514106388572471573e+01 2.475037042129497422e+01 2.946168567634007118e+01 1.974908689799801920e+01 3.955181078853593135e+01 2.053971357299377587e+01 3.521041844744756677e+00 3.504783002654105584e+00 6.799999999999999822e+00 5.799999999999999822e+00 1.449999999999999956e+00
1.084066372361918873e+01 1.126573267287552582e+01 1.138496386358986179e+01 1.103852786553763110e+01 1.116792215350920259e+01 1.106778676629747338e+01 1.105401799421128928e+01 1.111519150790867627e+01 1.099975508544983249e+01 1.101973520131702422e+01 1.094223474832040210e+01 1.105668195045817193e+01 1.534719896726243782e+01 2.503416004759806057e+01 2.489354574899401129e+01 2.501500616422960377e+01 2.492203356269469694e+01 2.508433252504121924e+01 2.482969986021109676e+01 2.514864602150545281e+01 2.480069829232949630e+01 2.944067751543854428e+01 1.942111461084723700e+01 3.969676924535787066e+01 2.033985073485654382e+01 3.610190257252218871e+00 3.273840704898907106e+00 6.799999999999999822e+00 5.799999999999999822e+00 1.449999999999999956e+00
1.110895888230077055e+01 1.112900323494115895e+01 1.137789326212583241e+01 1.107143786957737319e+01 1.104816632141685062e+01 1.100298180155335359e+01 1.116002792673628718e+01 1.102968936317516579e+01 1.101199487692449885e+01 1.088715841401549866e+01 1.088321699655424801e+01 1.104439016941006102e+01 1.546844778337580983e+01 2.486578170700214940e+01 2.505823131014133054e+01 2.489341934717996452e+01 2.491406762216492154e+01 2.514598766025442700e+01 2.472492500938006899e+01 2.525790194968373470e+01 2.471006066252478206e+01 2.959635162347256099e+01 1.926824078561265452e+01 3.975923637724483228e+01 2.025676700007976905e+01 3.757062538238463034e+00 3.184220791715333565e+00 6.799999999999999822e+00 5.799999999999999822e+00 1.449999999999999956e+00
1.115566214960317915e+01 1.103202246157732702e+01 1.144825222815736687e+01 1.101675023923080943e+01 1.116332396895664125e+01 1.109194025651254734e+01 1.104524166875027369e+01 1.124003179015009657e+01 1.108020607858862583e+01 1.117142246751133783e+01 1.093031339891921050e+01 1.110154360117494043e+01 1.536960580085775163e+01 2.493716925094320658e+01 2.506126301313059201e+01 2.482028453629470732e+01 2.500175330425778952e+01 2.505759169263716757e+01 2.473934686605223021e+01 2.528104360024274655e+01 2.468987405103735000e+01 2.952529706172785851e+01 1.947243789796556257e+01 3.971754430955578385e+01 2.022987267799020827e+01 3.871978842954447497e+00 3.023850833691583251e+00 6.799999999999999822e+00 5.799999999999999822e+00 1.449999999999999956e+00
1.110611665140113224e+01 1.104453955566444456e+01 1.140779856841651174e+01 1.103454599423690219e+01 1.108938352228606306e+01 1.101010970144978174e+01 1.102696678172445210e+01 1.109524644797247106e+01 1.100581546702400182e+01 1.101710858320450548e+01 1.103422389430222594e+01 1.104171742586610350e+01 1.523344331171383992e+01 2.508828078816501161e+01 2.490434294396532167e+01 2.494668949291320104e+01 2.498554909311770800e+01 2.494715885293610214e+01 2.494256159463347799e+01 2.500123268781594277e+01 2.495992131785535051e+01 2.908040288362054326e+01 1.933238122962883665e+01 3.986041387610465847e+01 2.013483785066022591e+01 3.757824688342206176e+00 3.226355803397409794e+00 6.799999999999999822e+00 5.799999999999999822e+00 1.449999999999999956e+00
1.125676364066834978e+01 1.106520664090223249e+01 1.152753824520281078e+01 1.102000308481731317e+01 1.107820416609797931e+01 1.114964880355887544e+01 1.102963219138396589e+01 1.115628338802622110e+01 1.095435237103532877e+01 1.101135022095542126e+01 1.095200843152306014e+01 1.110134050052485222e+01 1.535057995582583956e+01 2.502224349334992581e+01 2.501350397000415171e+01 2.482375401987083308e+01 2.507185652265505738e+01 2.498349488496761595e+01 2.483364780568987840e+01 2.523541188619733333e+01 2.470463928244812379e+01 2.965681664415449958e+01 1.908132799202927998e+01 3.974307375977174672e+01 2.036641981469430007e+01 3.488710400928436428e+00 3.436935571985845428e+00 6.799999999999999822e+00 5.799999999999999822e+00 1.449999999999999956e+00
1.105472746189787259e+01 1.110300304436040619e+01 1.141741741952540323e+01 1.096616132446216696e+01 1.123460365901278912e+01 1.105040184644773404e+01 1.115945642180598441e+01 1.103040779404795124e+01 1.107780481909005132e+01 1.111795817540225428e+01 1.094252002807060720e+01 1.111694645571285633e+01 1.520388907759832620e+01 2.516707457425392391e+01 2.477186786021103870e+01 2.511017550237916396e+01 2.482633475426051817e+01 2.512085682241782436e+01 2.475072294656017391e+01 2.521058042112035480e+01 2.473800939691715328e+01 2.959584407765246539e+01 1.915395199463860365e+01 3.976657313170851893e+01 2.028161456020525222e+01 3.701365197015044295e+00 3.136522994708999867e+00 6.799999999999999822e+00 5.799999999999999822e+00 1.449999999999999956e+00
1.092716154527124495e+01 1.107787587110249738e+01 1.145092468055508306e+01 1.102201168335876780e+01 1.099625405593090299e+01 1.108562410704132972e+01 1.097407561180830626e+01 1.129376831561628869e+01 1.100064944591721527e+01 1.110289182040398259e+01 1.106486790146844079e+01 1.102843533245070873e+01 1.532954171443761204e+01 2.494301232912373933e+01 2.515706402622171822e+01 2.469770411054704340e+01 2.515772449094010099e+01 2.495398672273091023e+01 2.479135008485986091e+01 2.525736352309855093e+01 2.466455514615650202e+01 2.958564446129929593e+01 1.960097141892266848e+01 3.960407346726712063e+01 2.038325427895971842e+01 3.707967833707734862e+00 3.214131605748469678e+00 6.799999999999999822e+00 5.799999999999999822e+00 1.449999999999999956e+00
