1.139261184675310545e+01 1.114844023812683993e+01 1.144447059848513071e+01 1.131889095644483945e+01 1.113058952344996833e+01 1.107886444697386352e+01 1.118631558378563540e+01 1.106388152761398480e+01 1.091841483685653635e+01 1.128254699929098770e+01 1.124744754735464092e+01 1.112837392788736679e+01 1.585008800006225727e+01 2.472724041392928385e+01 2.487339093734700768e+01 2.482978357066548725e+01 2.511506409762180070e+01 2.485120612841577170e+01 2.497026932689049161e+01 2.498739289071075120e+01 2.487970464362124545e+01 2.944733729878835504e+01 1.899063335694917143e+01 3.989622403743415902e+01 2.015986747240936694e+01 1.023328110974335514e+00 7.280614030663405956e-01 6.799999999999999822e+00 5.799999999999999822e+00 1.449999999999999956e+00
1.154726362811838669e+01 1.139128900633903285e+01 1.136012561846407110e+01 1.125522264708398978e+01 1.116097326938733048e+01 1.102590916296660239e+01 1.119619561492391036e+01 1.108508005076424929e+01 1.108719261236905140e+01 1.125612556079883753e+01 1.106279043301789500e+01 1.108348383980257346e+01 1.593841906629264216e+01 2.483888664213295172e+01 2.474971226492946741e+01 2.500659360897663319e+01 2.491614643032441379e+01 2.497089044267996982e+01 2.488057294185142254e+01 2.509582558635637994e+01 2.477372999077368121e+01 2.949028976174325578e+01 1.946117280076892087e+01 3.960179464957336393e+01 2.043948199361570062e+01 7.990780551252792963e-01 7.931584547743278923e-01 6.799999999999999822e+00 5.799999999999999822e+00 1.449999999999999956e+00
1.114659435480517580e+01 1.129171975213279033e+01 1.135466467568831739e+01 1.123185696563963809e+01 1.084090887904221212e+01 1.104328661470058570e+01 1.113641820966648233e+01 1.119677223598003479e+01 1.112405216645786510e+01 1.133431520598556475e+01 1.101666010107399174e+01 1.111536752252028393e+01 1.612302487066246925e+01 2.486476429477657746e+01 2.481469916221378469e+01 2.494763396174532843e+01 2.497587203536728140e+01 2.492596816780591240e+01 2.489528135142194643e+01 2.500720764601361878e+01 2.487457977456443814e+01 2.928504893356887351e+01 1.898840596601073827e+01 3.992450692527032885e+01 2.025997881590740946e+01 1.039729381173294387e+00 7.962859596692037911e-01 6.799999999999999822e+00 5.799999999999999822e+00 1.449999999999999956e+00
1.126400402710686244e+01 1.132223974650068854e+01 1.130711820896546627e+01 1.109164093048039668e+01 1.113459731230452654e+01 1.094275818666472588e+01 1.113582357864045491e+01 1.140100549132106700e+01 1.126109526797297988e+01 1.103413503624272707e+01 1.099672462922473670e+01 1.089206076295350201e+01 1.607681120335274016e+01 2.478177561282860708e+01 2.489267227110194725e+01 2.498013789726944367e+01 2.487009999346368261e+01 2.500592547987148961e+01 2.480358332449411662e+01 2.510228120234468818e+01 2.485054232868015589e+01 2.924580711918389753e+01 1.912665614611343656e+01 3.980420912230744790e+01 2.020108513361347491e+01 1.111120017772564417e+00 7.048541569435288201e-01 6.799999999999999822e+00 5.799999999999999822e+00 1.449999999999999956e+00
1.129806962434392936e+01 1.109494279209829770e+01 1.131900116148602820e+01 1.126598856756574385e+01 1.125995172555975898e+01 1.072945915072399181e+01 1.121707311422735742e+01 1.092563004871896482e+01 1.119485344661645065e+01 1.094992973811436165e+01 1.094996136287921473e+01 1.077943204188608384e+01 1.586678072546460250e+01 2.484116606213425982e+01 2.484563160831188355e+01 2.497538357019699262e+01 2.487355937970777831e+01 2.504385283941253704e+01 2.478899462048406122e+01 2.514459871424726245e+01 2.473026817650464082e+01 2.971373632139133747e+01 1.891636490736999576e+01 3.977276857767716933e+01 2.017266794515398942e+01 1.079224580749628126e+00 9.413623203830173702e-01 6.799999999999999822e+00 5.799999999999999822e+00 1.449999999999999956e+00
1.141476904954881100e+01 1.109243331594772819e+01 1.130275798738992421e+01 1.132132093343456347e+01 1.094496383817036289e+01 1.080531525454171060e+01 1.108488512856542130e+01 1.120481021769270846e+01 1.114795830145605393e+01 1.136817455963700674e+01 1.099001112935219382e+01 1.102515786125019481e+01 1.612178438380022882e+01 2.465202813424027539e+01 2.509575914520556950e+01 2.471272988866304843e+01 2.516557003753042920e+01 2.479698227982154179e+01 2.495875315834201658e+01 2.504621010245480761e+01 2.478292599438985633e+01 2.962304257778119165e+01 1.877288342098675500e+01 4.001737752167134232e+01 2.012975995523744288e+01 1.266552743799221892e+00 1.878866295478909265e-01 6.799999999999999822e+00 5.799999999999999822e+00 1.449999999999999956e+00
1.139626941744581323e+01 1.133452726849823833e+01 1.129944936937430455e+01 1.125249003309440354e+01 1.119499113155950987e+01 1.112029449774460588e+01 1.109874096889676842e+01 1.102430379379056546e+01 1.097507842241112463e+01 1.129120425345575285e+01 1.112649262301401443e+01 1.098602721895586320e+01 1.601992680159206373e+01 2.466895321063948998e+01 2.490833163208264978e+01 2.499376743664325318e+01 2.486256053844218172e+01 2.514379777929426396e+01 2.462865449032050691e+01 2.533431982939576699e+01 2.462196837782133940e+01 2.967936621703022482e+01 1.939783138712532207e+01 3.964851467898066772e+01 2.027706767785146980e+01 1.023743452057161996e+00 1.043336070024657891e+00 6.799999999999999822e+00 5.799999999999999822e+00 1.449999999999999956e+00
1.141018781295102080e+01 1.125321926631545821e+01 1.137439383728781905e+01 1.112149896199985477e+01 1.111480353137411115e+01 1.111879511338492676e+01 1.129388267526521261e+01 1.111848618936506483e+01 1.108059217361680737e+01 1.103521280447409580e+01 1.114472885626370591e+01 1.108851739769894351e+01 1.618339811620801783e+01 2.485528222699018741e+01 2.485627523543518791e+01 2.490245112710026731e+01 2.505446254722374988e+01 2.485166085794659807e+01 2.495338696337180195e+01 2.492872719307501939e+01 2.496807534830461250e+01 2.938339903367121764e+01 1.855241248447183011e+01 3.996425097183703912e+01 2.015083767389262093e+01 1.188663803413317677e+00 7.587857566444140556e-01 6.799999999999999822e+00 5.799999999999999822e+00 1.449999999999999956e+00
1.128131398057115220e+01 1.137165570874691412e+01 1.124920814694160320e+01 1.127667593246323996e+01 1.123865489657008077e+01 1.108269718375987090e+01 1.101999221324634703e+01 1.086719880586559484e+01 1.108035969084044758e+01 1.135485207430190790e+01 1.088307209605993897e+01 1.089645683349065486e+01 1.610605405019971670e+01 2.464461906390280888e+01 2.491853440485279236e+01 2.489447692351255981e+01 2.491962850759396275e+01 2.502657602561487593e+01 2.475128891714261314e+01 2.524379426062359144e+01 2.472553420759880538e+01 2.956107754658559372e+01 1.899131807708619490e+01 3.975527682578510991e+01 2.031684066081433571e+01 1.062826216634914278e+00 3.790047046864502556e-01 6.799999999999999822e+00 5.799999999999999822e+00 1.449999999999999956e+00
1.145455895679716818e+01 1.117824783908127806e+01 1.128938461223872203e+01 1.128715665562442716e+01 1.129904398598566040e+01 1.103957505317160859e+01 1.125054420974318603e+01 1.096100625145189156e+01 1.071417502115095211e+01 1.106477597274217395e+01 1.077598861699562782e+01 1.089101904359382367e+01 1.603322257868531153e+01 2.462229554320347447e+01 2.506691786872808692e+01 2.478966723882832568e+01 2.494407828524918713e+01 2.491722408231352759e+01 2.492733388057698463e+01 2.497603914139630277e+01 2.493265728039976281e+01 2.923059812116571266e+01 1.858342452269058853e+01 4.005805845960440337e+01 1.996045123304843472e+01 1.255092169069455199e+00 7.666511219696224844e-01 6.799999999999999822e+00 5.799999999999999822e+00 1.449999999999999956e+00
1.112171858936671676e+01 1.120678385186518966e+01 1.120486713787311750e+01 1.142644492038573034e+01 1.105496612501164044e+01 1.096220534950125725e+01 1.090569008119871341e+01 1.115609609566772065e+01 1.088976393703705448e+01 1.125055774352717997e+01 1.111640480468610725e+01 1.086660657793579077e+01 1.602281299721461494e+01 2.460679446279504745e+01 2.505421825526093471e+01 2.481517866732590960e+01 2.503479936536558625e+01 2.494934584482336604e+01 2.483003202014267785e+01 2.508151943978395337e+01 2.482510557611876578e+01 2.944540773389851296e+01 1.883615367985646571e+01 3.988547518463841612e+01 2.010898111847873437e+01 1.179436299042697867e+00 5.545290644189281304e-01 6.799999999999999822e+00 5.799999999999999822e+00 1.449999999999999956e+00
1.113860959464402889e+01 1.119840343942700223e+01 1.128647763486474886e+01 1.140148389445503341e+01 1.105640727282841240e+01 1.105977713830123754e+01 1.116593289302045378e+01 1.112213470525525416e+01 1.093300241640632642e+01 1.101056774331177301e+01 1.076687037045013717e+01 1.078814672177723288e+01 1.582983025275073885e+01 2.468073735419210735e+01 2.501542536180983944e+01 2.472605205886839030e+01 2.512106869400096798e+01 2.482404156762448366e+01 2.491572158633186262e+01 2.506788087565313816e+01 2.483217147618269749e+01 2.955318324548024123e+01 1.881716978096050852e+01 3.989418935810493139e+01 2.014464370116083458e+01 1.244285974061142497e+00 6.555284189386783034e-01 6.799999999999999822e+00 5.799999999999999822e+00 1.449999999999999956e+00
1.120229938444827233e+01 1.137062242309017890e+01 1.122070196930608432e+01 1.128756326338712768e+01 1.083632076644540199e+01 1.095302855743621784e+01 1.100655957383404626e+01 1.119672481909978679e+01 1.127167712341444705e+01 1.097379833060802312e+01 1.089753888969555007e+01 1.099588735114648941e+01 1.566180290659680630e+01 2.468064152847345838e+01 2.502831196970519656e+01 2.480773218947964764e+01 2.501128285027474973e+01 2.498285713760908777e+01 2.483498983628377488e+01 2.507402301027267200e+01 2.474742912278531293e+01 2.957159296489215805e+01 1.900839839556788391e+01 3.989182433336941358e+01 2.018074963616589201e+01 9.672091144027166187e-01 9.920800450404636539e-01 6.799999999999999822e+00 5.799999999999999822e+00 1.449999999999999956e+00
1.101806814070066132e+01 1.135575910802054445e+01 1.129727652864648313e+01 1.136203796836604063e+01 1.095610019912332689e+01 1.112897412449291856e+01 1.104229324331493700e+01 1.101657113021910561e+01 1.115334126636579803e+01 1.108635372746156555e+01 1.088298866102232942e+01 1.111149365956670110e+01 1.607005204820494981e+01 2.485521611490715088e+01 2.483287060915567324e+01 2.488752265744241754e+01 2.505617065188083714e+01 2.485364401852465832e+01 2.495516442013718716e+01 2.501188576465013114e+01 2.481317260720729223e+01 2.951583763261732329e+01 1.895556091629642381e+01 3.996521014207819888e+01 2.017096201524895704e+01 9.742752230192510687e-01 1.010479112523485323e+00 6.799999999999999822e+00 5.799999999999999822e+00 1.449999999999999956e+00
1.122618436943757025e+01 1.109488148251640460e+01 1.147345852058826132e+01 1.123407661673725499e+01 1.112077032327566251e+01 1.111834406781601814e+01 1.116935331480117988e+01 1.130272167055754728e+01 1.114838074039703386e+01 1.125744051566302417e+01 1.091153238242488754e+01 1.109627707233986271e+01 1.589588493302426819e+01 2.471765179246079569e+01 2.479478825998996783e+01 2.499516748079810213e+01 2.487363455686234204e+01 2.495634319378762811e+01 2.483976175989864998e+01 2.516572982441926243e+01 2.473469077730932142e+01 2.985758710208161659e+01 1.889467017288922079e+01 3.982786090762366626e+01 2.009856954094092885e+01 1.127301605615230518e+00 7.237977222752671747e-01 6.799999999999999822e+00 5.799999999999999822e+00 1.449999999999999956e+00
1.131529326644731270e+01 1.125477220202802364e+01 1.138278172201259153e+01 1.123377182245347505e+01 1.121810054521816546e+01 1.088695323916551949e+01 1.093577453760519802e+01 1.125333791105464698e+01 1.095872912705980973e+01 1.108525574522440138e+01 1.104056516503353436e+01 1.101273824691362968e+01 1.607985195973552095e+01 2.484289003779479543e+01 2.470337611641578945e+01 2.514416628850696966e+01 2.476201344335439103e+01 2.506968141960997443e+01 2.483707628961822422e+01 2.512175281692895368e+01 2.477410492397649833e+01 2.989979435500185545e+01 1.902452278861793289e+01 3.991733212143888920e+01 2.025297005495293590e+01 9.961393679946548563e-01 7.520103157519197890e-01 6.799999999999999822e+00 5.799999999999999822e+00 1.449999999999999956e+00
1.146101141499659093e+01 1.124678207814299924e+01 1.129200124289393337e+01 1.126315461509967264e+01 1.083617095758380167e+01 1.112880507640373828e+01 1.126049920539571048e+01 1.088756190879489871e+01 1.101670576111542310e+01 1.114134694299723627e+01 1.110446037488250148e+01 1.106504407932742140e+01 1.600181567707362262e+01 2.468042769515684043e+01 2.484301964724245337e+01 2.501891416366392562e+01 2.477304165475386100e+01 2.510664594613118439e+01 2.480260930940549002e+01 2.508968476654398572e+01 2.482509057610006664e+01 2.949290088212537597e+01 1.898513729738943212e+01 3.987970156392436394e+01 2.011927660440660404e+01 1.143847088043270066e+00 8.246513261925826344e-01 6.799999999999999822e+00 5.799999999999999822e+00 1.449999999999999956e+00
1.171921395883347294e+01 1.125685895120504831e+01 1.126031152611174235e+01 1.118927730493773609e+01 1.137976206291650172e+01 1.119360924027501625e+01 1.137391457548312523e+01 1.123586368227418220e+01 1.092462076903093404e+01 1.104249434715966771e+01 1.099500227124656604e+01 1.107863877820486742e+01 1.589881105480199608e+01 2.473910741688382586e+01 2.491406950639660423e+01 2.491349666572112653e+01 2.494497563373528592e+01 2.508078068631722957e+01 2.467288034350377757e+01 2.528385662576695481e+01 2.468278107694863621e+01 2.949779800682672359e+01 1.923515975039075343e+01 3.985892697311533084e+01 2.024808819586677799e+01 9.992285707723886912e-01 1.225971130690721278e+00 6.799999999999999822e+00 5.799999999999999822e+00 1.449999999999999956e+00
1.138243628869982871e+01 1.129287843044217610e+01 1.126419983543476810e+01 1.126039847529675875e+01 1.094976576552994807e+01 1.109736962918907821e+01 1.117240377063815515e+01 1.110774485168764514e+01 1.108779857634807797e+01 1.092186910875595807e+01 1.111701187188749529e+01 1.128599518699761717e+01 1.600057461867132957e+01 2.467898024687001168e+01 2.480758036649214660e+01 2.507226331577626866e+01 2.481717969633796628e+01 2.512954180708301877e+01 2.474094693112511578e+01 2.517946487449662030e+01 2.477994722946577610e+01 2.961398523211306966e+01 1.893234247141806037e+01 3.987245124189405487e+01 2.027674959048355063e+01 8.998803337685192805e-01 7.731941334629158780e-01 6.799999999999999822e+00 5.799999999999999822e+00 1.449999999999999956e+00
1.137474435463782108e+01 1.133248884203104012e+01 1.123878603951814625e+01 1.127166153656705028e+01 1.125179595173708336e+01 1.102391016367208820e+01 1.101814503477453755e+01 1.095526464880882322e+01 1.108806229452537551e+01 1.117909482149771350e+01 1.100295995291883777e+01 1.115333510784130944e+01 1.592244778773521041e+01 2.495954710779436070e+01 2.474641216239043118e+01 2.500736433059883979e+01 2.486352097959488461e+01 2.505943439397499972e+01 2.477103342827138022e+01 2.519476243789724634e+01 2.467040644829376461e+01 2.968180989475628451e+01 1.905111785924834678e+01 3.976653898744983451e+01 2.017475954590845433e+01 1.212735586107566599e+00 8.095238911526672076e-01 6.799999999999999822e+00 5.799999999999999822e+00 1.449999999999999956e+00
1.145040735058540093e+01 1.140567134907735358e+01 1.125861151406661165e+01 1.117065061784110469e+01 1.095714785089757193e+01 1.115788702529211918e+01 1.112351098144142725e+01 1.112259432078938559e+01 1.127521978541556535e+01 1.108641917073876471e+01 1.103756057880702812e+01 1.121524975486783404e+01 1.599101303934314444e+01 2.490838602921716927e+01 2.486256392294491491e+01 2.494464556798696719e+01 2.491635066135821219e+01 2.502399188256408280e+01 2.473706208966100561e+01 2.521127404719214837e+01 2.468751119495280832e+01 2.952714292967215570e+01 1.922906588268951822e+01 3.977537118864569976e+01 2.007687625829975886e+01 1.209773070990284527e+00 7.239902294526209259e-01 6.799999999999999822e+00 5.799999999999999822e+00 1.449999999999999956e+00
1.115224221858472653e+01 1.128156131998728995e+01 1.129604372706119975e+01 1.117816337456278220e+01 1.099971911484765208e+01 1.154009701691938616e+01 1.112463381308339194e+01 1.093380867603833728e+01 1.097574445339226834e+01 1.106460222752254552e+01 1.126294762585651199e+01 1.107396476744539626e+01 1.627158486857484831e+01 2.450651845419326946e+01 2.518157373307142777e+01 2.464607798940335925e+01 2.526425748373662117e+01 2.476783408831888522e+01 2.489971600377877792e+01 2.513013254432626198e+01 2.479199182407693769e+01 2.966623829666735546e+01 1.902999945408885196e+01 3.976795194243719322e+01 2.020909309955679234e+01 1.025329258198097282e+00 4.668339499561278139e-01 6.799999999999999822e+00 5.799999999999999822e+00 1.449999999999999956e+00
1.133511962919198623e+01 1.139205243947743007e+01 1.124663251805122499e+01 1.139658930006973137e+01 1.134961522988967708e+01 1.103345579998068793e+01 1.128974662684353980e+01 1.099773338183176641e+01 1.137370080929728111e+01 1.098919964896075108e+01 1.096418569211286886e+01 1.082919909607888798e+01 1.618421443870184362e+01 2.460929012587168074e+01 2.494064680933131584e+01 2.500490248938720583e+01 2.486613227725305464e+01 2.504887713566491669e+01 2.477408688713174101e+01 2.516516034748795860e+01 2.477368097165427940e+01 2.946300485008558567e+01 1.919552617612574608e+01 3.970148954089489735e+01 2.034722699888299857e+01 1.021510487373805898e+00 7.799480571663840456e-01 6.799999999999999822e+00 5.799999999999999822e+00 1.449999999999999956e+00
1.143323532150410315e+01 1.098515911724736860e+01 1.136300380481929295e+01 1.129163672119594253e+01 1.099671060023519331e+01 1.115113406548477037e+01 1.103660458672393396e+01 1.122060291780005059e+01 1.119132503246484767e+01 1.107053934853154153e+01 1.093121005923618583e+01 1.108131819750482627e+01 1.611806504607656265e+01 2.470919111955558378e+01 2.494044698756398759e+01 2.494960062574783777e+01 2.478887378123974372e+01 2.520614118045569541e+01 2.461230384611189592e+01 2.534130154238706112e+01 2.464057509384152311e+01 2.955904489254666601e+01 1.922286118944973410e+01 3.975159541779779460e+01 2.019725666080553239e+01 1.203244314963288542e+00 9.849429108719678361e-01 6.799999999999999822e+00 5.799999999999999822e+00 1.449999999999999956e+00
1.139417040399828984e+01 1.100774960655444623e+01 1.154003787109124346e+01 1.126101664190641749e+01 1.094003807779858484e+01 1.139993795275102606e+01 1.097906138579948099e+01 1.113774230103256890e+01 1.093233843582788722e+01 1.110175766422197263e+01 1.126051901925728416e+01 1.105277723488475417e+01 1.603894087774675725e+01 2.486136570821966174e+01 2.477821261397471275e+01 2.506305413022228024e+01 2.484514503120855267e+01 2.506087639423951074e+01 2.471149185108027524e+01 2.527024629951400669e+01 2.470398039149222313e+01 2.955107071441851119e+01 1.924556394482160826e+01 3.977762800273024624e+01 2.020125133380780014e+01 1.127122097672046408e+00 8.039638856754408591e-01 6.799999999999999822e+00 5.799999999999999822e+00 1.449999999999999956e+00
1.142302386165746775e+01 1.103432818041929586e+01 1.144703237285514064e+01 1.132445266972131748e+01 1.118756136512476829e+01 1.087567324973720595e+01 1.133862111709326648e+01 1.092066142471449552e+01 1.101939369210485786e+01 1.094175001520434165e+01 1.124031235755167302e+01 1.100969972874750447e+01 1.605097559253582773e+01 2.482240500166663466e+01 2.475110520687883664e+01 2.506721284743436939e+01 2.476785094161499501e+01 2.518492472787185932e+01 2.470014852973227804e+01 2.516270942507474473e+01 2.478905612535004366e+01 2.950870284593818127e+01 1.906223300034590551e+01 3.990200562104927684e+01 2.007911533521506442e+01 1.146226096669413108e+00 1.032175601039542201e+00 6.799999999999999822e+00 5.799999999999999822e+00 1.449999999999999956e+00
1.126162627343065026e+01 1.132219085277844783e+01 1.122009914941821762e+01 1.128216556561988781e+01 1.108697018678524415e+01 1.106010401943983013e+01 1.092519233688486757e+01 1.118257977640897138e+01 1.095657814265458541e+01 1.078204458253040166e+01 1.096156182777769850e+01 1.120342706866346028e+01 1.619353462400592392e+01 2.464063310118157091e+01 2.495424654767412065e+01 2.483407165259107074e+01 2.500748360625164679e+01 2.491843143074631328e+01 2.486437337570836803e+01 2.509082010686378439e+01 2.479991262430972654e+01 2.933026270951259207e+01 1.908922096343126640e+01 3.988307750338447022e+01 2.016191509315468622e+01 1.166757000643722897e+00 8.373445443875345839e-01 6.799999999999999822e+00 5.799999999999999822e+00 1.449999999999999956e+00
1.148604102129723792e+01 1.120814717433029450e+01 1.141176756338877496e+01 1.111783249592963152e+01 1.089352953633766141e+01 1.109273280102940618e+01 1.092562075186150494e+01 1.120545578685739407e+01 1.093308901617928797e+01 1.137289719279894129e+01 1.099384159269278527e+01 1.105188244031637446e+01 1.597825450990036522e+01 2.481052871257079673e+01 2.477205742553506340e+01 2.501934232087980092e+01 2.482627749666512784e+01 2.513287984577034706e+01 2.464169260007674467e+01 2.530908942919318605e+01 2.467143475675053921e+01 2.949495304215277969e+01 1.941838120842545123e+01 3.971907547425977469e+01 2.023125478230719665e+01 1.106707560355960407e+00 9.013247255025829130e-01 6.799999999999999822e+00 5.799999999999999822e+00 1.449999999999999956e+00
1.144880782503209637e+01 1.127933343871289118e+01 1.124277842186128140e+01 1.133579779900051143e+01 1.093556965769112388e+01 1.100763780930161140e+01 1.098496680900459666e+01 1.124641690348369139e+01 1.070038170322794180e+01 1.101856703628178380e+01 1.117953160862988859e+01 1.120692565790611894e+01 1.597088397019228800e+01 2.463067793424003682e+01 2.490754855991480099e+01 2.482029773933810901e+01 2.508648386925072415e+01 2.475563897773812982e+01 2.505930590430411442e+01 2.502470250030558674e+01 2.480828929394488114e+01 2.952543344109727386e+01 1.902716606064498706e+01 3.983942444856405984e+01 2.018877985235052108e+01 1.080488727396217374e+00 1.945568063334567332e-01 6.799999999999999822e+00 5.799999999999999822e+00 1.449999999999999956e+00
1.135024388876398937e+01 1.123874323257152597e+01 1.134100926424177658e+01 1.133465712635608647e+01 1.083826754691387428e+01 1.118573129852187265e+01 1.097263101938260910e+01 1.120366875778495874e+01 1.139939164140240280e+01 1.093368427083634309e+01 1.099162368489804642e+01 1.121620245075089528e+01 1.596365578478186720e+01 2.487419376126096537e+01 2.472076117517832827e+01 2.525708255974483407e+01 2.464907375721407234e+01 2.520472309246191855e+01 2.470682834682213880e+01 2.518168541831822438e+01 2.477598838484459165e+01 2.932145540217047497e+01 1.916185862378933891e+01 3.987029285012902591e+01 2.024357811098810345e+01 1.118142138841208055e+00 8.565677645261066120e-01 6.799999999999999822e+00 5.799999999999999822e+00 1.449999999999999956e+00
1.177057238016429430e+01 1.103433405368983244e+01 1.138566211393837513e+01 1.125319604605986434e+01 1.096419176805482287e+01 1.114768592062158170e+01 1.119218519028417802e+01 1.100406949484345454e+01 1.125452352436166770e+01 1.126215113256646205e+01 1.092630272265325786e+01 1.108049197270820052e+01 1.589210431804198720e+01 2.493623211947608453e+01 2.472513256655133418e+01 2.508776929060914185e+01 2.488875090202131446e+01 2.501536162694720744e+01 2.484270760716237803e+01 2.497652258988686569e+01 2.492709172483507984e+01 2.919859501567721694e+01 1.902356661210549760e+01 3.991662993442528773e+01 2.023136556508762851e+01 1.021227205804126292e+00 6.682642730038754753e-01 6.799999999999999822e+00 5.799999999999999822e+00 1.449999999999999956e+00
1.179039607543927382e+01 1.136302797472707482e+01 1.129006758380927167e+01 1.117390632879610379e+01 1.094331869593901274e+01 1.097949949541976267e+01 1.101564983553786270e+01 1.101944824551425839e+01 1.079028490588089717e+01 1.096917667190656331e+01 1.089327854492792724e+01 1.104775617891140804e+01 1.602274669856838685e+01 2.471101747467184140e+01 2.494062056374179193e+01 2.475832501025091403e+01 2.516489546882867145e+01 2.482665961097428209e+01 2.481684004106095287e+01 2.514134770992050250e+01 2.479334335603081385e+01 2.940406071132497701e+01 1.907448307035849311e+01 3.984835380721430198e+01 2.008034396491433782e+01 1.097526518107997617e+00 9.292188654746652565e-01 6.799999999999999822e+00 5.799999999999999822e+00 1.449999999999999956e+00
1.114389963162427222e+01 1.125218072232463307e+01 1.123871475589370661e+01 1.144980678994036971e+01 1.097357188147124241e+01 1.088586872949801432e+01 1.108174134293996360e+01 1.128125089260754343e+01 1.113233724896318755e+01 1.108868077131876362e+01 1.092851134761797915e+01 1.101435699582211036e+01 1.623313459311152940e+01 2.459618446661072255e+01 2.494701583209246820e+01 2.498066448814797624e+01 2.481432014077650905e+01 2.516171420946081838e+01 2.461216160853196300e+01 2.539379574863322730e+01 2.456316541214107474e+01 2.974748646041878075e+01 1.923706406883037090e+01 3.962555579541796646e+01 2.031406618584095014e+01 9.763880519411808345e-01 3.148916435432288496e-01 6.799999999999999822e+00 5.799999999999999822e+00 1.449999999999999956e+00
1.137855574102790968e+01 1.128450337255262603e+01 1.134228389260012904e+01 1.120212565442249897e+01 1.115759827640924051e+01 1.136113067781997188e+01 1.132473331440463582e+01 1.096321606664494297e+01 1.132898044860900733e+01 1.104911212735726167e+01 1.130526416977448889e+01 1.093564762908045473e+01 1.613204891657015949e+01 2.477864139394246124e+01 2.479423023249536584e+01 2.493603971298304600e+01 2.489521455548165463e+01 2.505938336146506273e+01 2.480603618678873445e+01 2.514374631868270882e+01 2.482083694411588937e+01 2.933863016087836328e+01 1.918271118004437525e+01 3.990227769641784050e+01 2.006045446119263431e+01 1.177626706802263445e+00 1.171033152546718359e+00 6.799999999999999822e+00 5.799999999999999822e+00 1.449999999999999956e+00
1.145036710366845512e+01 1.122241375842027011e+01 1.132756025674681943e+01 1.124257293803142232e+01 1.107202650984318382e+01 1.067236321876259098e+01 1.115694262699217809e+01 1.101615765041696982e+01 1.081516862110405164e+01 1.129998965398083399e+01 1.094204494725150845e+01 1.099074737996047091e+01 1.586602057719319525e+01 2.468138500457213880e+01 2.507824521597233414e+01 2.472483426886791946e+01 2.516111163232113412e+01 2.477407681340089241e+01 2.493093214446117045e+01 2.508665619972199679e+01 2.475270980201392845e+01 2.951695856049997957e+01 1.923897124806928360e+01 3.975719117403679803e+01 2.019952908705913330e+01 1.060320537960951270e+00 6.387730700200409117e-01 6.799999999999999822e+00 5.799999999999999822e+00 1.449999999999999956e+00
1.144455020787069088e+01 1.125761115861589268e+01 1.134454520999914529e+01 1.133688268366354457e+01 1.101504498462582049e+01 1.114565911825554956e+01 1.136831125072159310e+01 1.120219902163129255e+01 1.103684773201239722e+01 1.105711921841007594e+01 1.106570652785772779e+01 1.097395986967538128e+01 1.597479726411560286e+01 2.462486087754651010e+01 2.511656908130887800e+01 2.458878452707273254e+01 2.536707743054763142e+01 2.464750724700750339e+01 2.506605627475186893e+01 2.496504241772983690e+01 2.482350311335880733e+01 2.963100137868843120e+01 1.888556475090308240e+01 3.987309696992684138e+01 2.024000681713896554e+01 1.012847626365680043e+00 7.658067274616543463e-01 6.799999999999999822e+00 5.799999999999999822e+00 1.449999999999999956e+00
1.130860184322705742e+01 1.129386307337113848e+01 1.131982013561194478e+01 1.129588760683323656e+01 1.089861086862778983e+01 1.076719865535793907e+01 1.093293821555961642e+01 1.096894757124869990e+01 1.111376505115681113e+01 1.099389393295427375e+01 1.124602933360419144e+01 1.090034296360478727e+01 1.591309751492973312e+01 2.489614041183070015e+01 2.483189835655798916e+01 2.491513016083527177e+01 2.500787794043491274e+01 2.487703439519100357e+01 2.493076542277485075e+01 2.504672628180657767e+01 2.487670497620473853e+01 2.916933575663116684e+01 1.902198037498294880e+01 4.005158936428612293e+01 1.999098772446340888e+01 1.202419374515598438e+00 9.547181677590711457e-01 6.799999999999999822e+00 5.799999999999999822e+00 1.449999999999999956e+00
1.158394945624714190e+01 1.131363476512931676e+01 1.128723712308800842e+01 1.121436607097769311e+01 1.076596921170376753e+01 1.107219318371637407e+01 1.112025812436385586e+01 1.123098115431123212e+01 1.109783152568921238e+01 1.106046774319093018e+01 1.112064977334550697e+01 1.105652192939868073e+01 1.599707328265385264e+01 2.479072667667215768e+01 2.500126286421030386e+01 2.474136175553882211e+01 2.514580114207787176e+01 2.484959961836580078e+01 2.491662203242486129e+01 2.506706977896454092e+01 2.478616261837977675e+01 2.942095195455414114e+01 1.913009093891492896e+01 3.985425980756512843e+01 2.017887175483457085e+01 1.023652253849763438e+00 8.523389113080572788e-01 6.799999999999999822e+00 5.799999999999999822e+00 1.449999999999999956e+00
1.128889443662889214e+01 1.126713242718756725e+01 1.139596609849311371e+01 1.129777615097645516e+01 1.125170562558072263e+01 1.081255911556177018e+01 1.092737727390086100e+01 1.114927721288635887e+01 1.097276122242550400e+01 1.120283372500327701e+01 1.093381998308624858e+01 1.111328793583773233e+01 1.590247131977868733e+01 2.483382366850948486e+01 2.478063225624628529e+01 2.498835054762786001e+01 2.500406680197977849e+01 2.492022725241845293e+01 2.484012159907660333e+01 2.513756383428641428e+01 2.475249505959376606e+01 2.975870406180043304e+01 1.894466152968167094e+01 3.980814395968245378e+01 2.034067031794117142e+01 9.505528044891504713e-01 5.815002156599180516e-01 6.799999999999999822e+00 5.799999999999999822e+00 1.449999999999999956e+00
1.133810021620836217e+01 1.125874642437052486e+01 1.140905484476320098e+01 1.128558006092867849e+01 1.097735354879642600e+01 1.114128738276668784e+01 1.103549434620196656e+01 1.146106842762004874e+01 1.077508007114128041e+01 1.098501518315077163e+01 1.095576817905709355e+01 1.094320628984884891e+01 1.583218356892180267e+01 2.478431444990853194e+01 2.486553725031507867e+01 2.493846881702159024e+01 2.484933656483807951e+01 2.508320697980445502e+01 2.478042538070035050e+01 2.518279727496346254e+01 2.474083732084602261e+01 2.966931052236201438e+01 1.908238304777044902e+01 3.981109197945134071e+01 2.027538818799927256e+01 1.028761889683066588e+00 8.344393471284494712e-01 6.799999999999999822e+00 5.799999999999999822e+00 1.449999999999999956e+00
1.105265946827087120e+01 1.141295922443154431e+01 1.120148486628506745e+01 1.128157301443430249e+01 1.126420607068674329e+01 1.112593704171598041e+01 1.104923534380574779e+01 1.082273061067663456e+01 1.090833535107174868e+01 1.094695858964878532e+01 1.092624546662542606e+01 1.093839008142891878e+01 1.633023336953552374e+01 2.469046277735995076e+01 2.496358532504360284e+01 2.489705665042007610e+01 2.490393509596704291e+01 2.497400735047740028e+01 2.482857689415853031e+01 2.514146332587557708e+01 2.478186265786251141e+01 2.959805287076731517e+01 1.892403767759133970e+01 3.987262642571739235e+01 2.014230214301711541e+01 1.084197278370778950e+00 9.330658388195792741e-01 6.799999999999999822e+00 5.799999999999999822e+00 1.449999999999999956e+00
1.148352871781263218e+01 1.099476802210603843e+01 1.135398663335990221e+01 1.134349562384518784e+01 1.133992037550950549e+01 1.095709411886142171e+01 1.115760503708206208e+01 1.109727479355385427e+01 1.090368117486144683e+01 1.091265928261404916e+01 1.109610734144236766e+01 1.113198247021272635e+01 1.601737658987250867e+01 2.475043600513130215e+01 2.474660995852871181e+01 2.520275084815294875e+01 2.463755475293443453e+01 2.522212541802602459e+01 2.472576823913207278e+01 2.516386633345605262e+01 2.479291560325542321e+01 2.955612348065289297e+01 1.910664357398042057e+01 3.978448770421780267e+01 2.010307444710846525e+01 1.265499649319349107e+00 1.184871593992975480e+00 6.799999999999999822e+00 5.799999999999999822e+00 1.449999999999999956e+00
1.143503213915548322e+01 1.132196885235531170e+01 1.133181397423290804e+01 1.128813682015231556e+01 1.078025479616469084e+01 1.102697755365816512e+01 1.110559596226822521e+01 1.130166439216640129e+01 1.089741003568224365e+01 1.109344988967439249e+01 1.089365831596254885e+01 1.120310014636156204e+01 1.600286678005664598e+01 2.469036779858578257e+01 2.493382751557088639e+01 2.495366811612949220e+01 2.483554194180974761e+01 2.520287616914259132e+01 2.461705250623565533e+01 2.530902468147199613e+01 2.463449016473140674e+01 2.976281540401108927e+01 1.891310023321578626e+01 3.978809207401204873e+01 2.026286352716407180e+01 1.005972165681935593e+00 3.324853903761713636e-01 6.799999999999999822e+00 5.799999999999999822e+00 1.449999999999999956e+00
1.158117713318531727e+01 1.115068521630770704e+01 1.135544242645198132e+01 1.122362289988055828e+01 1.101810658173607393e+01 1.125332919262498343e+01 1.095927462312624279e+01 1.092945329019884504e+01 1.087454528832153144e+01 1.116939136799804011e+01 1.082270589792918969e+01 1.117769833173188765e+01 1.592775878285982216e+01 2.473094087569836219e+01 2.490263829200051049e+01 2.497605176299165208e+01 2.485273003354699028e+01 2.507372833636479115e+01 2.474175451173101692e+01 2.515800595068727574e+01 2.477439681895920742e+01 2.951193537834811664e+01 1.906765645951508859e+01 3.973052565166105410e+01 2.024502217767300394e+01 1.036824934903017637e+00 6.460842348918939271e-01 6.799999999999999822e+00 5.799999999999999822e+00 1.449999999999999956e+00
1.136077979848568553e+01 1.123998039057599208e+01 1.143682599103998321e+01 1.124043757789991993e+01 1.099333558429671776e+01 1.115680335033715487e+01 1.100864087454630003e+01 1.128466027281979578e+01 1.118559935638894132e+01 1.080743409776052033e+01 1.114244931411542971e+01 1.100301075030493614e+01 1.615041960192155557e+01 2.476070528764931566e+01 2.489109354862144485e+01 2.495845048472882866e+01 2.493257422869142204e+01 2.495505116316844152e+01 2.484737196405618675e+01 2.506882458500898991e+01 2.485624262166055942e+01 2.932765092267586482e+01 1.911286076324477179e+01 3.986748571190300794e+01 2.008589189993782398e+01 1.081369447048780241e+00 7.803933678731577173e-01 6.799999999999999822e+00 5.799999999999999822e+00 1.449999999999999956e+00
1.120855975547083005e+01 1.122719229776246941e+01 1.124422158910225278e+01 1.130563328040032545e+01 1.134744033033829602e+01 1.127307175346147972e+01 1.095963409462757632e+01 1.115823251114238168e+01 1.121912241891793904e+01 1.114739133076423094e+01 1.092039767347641188e+01 1.110202885270074091e+01 1.603151477618060028e+01 2.472351270877933516e+01 2.508315312024152632e+01 2.476663382937536895e+01 2.503439977100078906e+01 2.495905497716799815e+01 2.476796747605468241e+01 2.523004054202629831e+01 2.465767518242300937e+01 2.994279088523571630e+01 1.912282979852794185e+01 3.973117784056753976e+01 2.014743885194325301e+01 1.201806877632536130e+00 5.757007817808350580e-01 6.799999999999999822e+00 5.799999999999999822e+00 1.449999999999999956e+00
1.160589011586632324e+01 1.135420544390112063e+01 1.119793513779240968e+01 1.132017217252374053e+01 1.080723520835485374e+01 1.125237202549939219e+01 1.135568847052607921e+01 1.117723652450272631e+01 1.085611023656368168e+01 1.101208500569020821e+01 1.107538696051811833e+01 1.092483526473511546e+01 1.586424076064172084e+01 2.488473687907914922e+01 2.477334595259853955e+01 2.506379025542790373e+01 2.480002712263078735e+01 2.516408130302412616e+01 2.462924735033943691e+01 2.531743735741381940e+01 2.464778354453158826e+01 2.961427548122156495e+01 1.923340317397416754e+01 3.976868597386830118e+01 2.028494997547279510e+01 9.986559841129581949e-01 6.655969809984614294e-01 6.799999999999999822e+00 5.799999999999999822e+00 1.449999999999999956e+00
1.158247959656339710e+01 1.110934344906625171e+01 1.145459641455294353e+01 1.128048129665187993e+01 1.095720835916669422e+01 1.086184843985249948e+01 1.116753098877561357e+01 1.119187315385427794e+01 1.102100325123054247e+01 1.138625201919012753e+01 1.097157238229858933e+01 1.097679854256441700e+01 1.589836423295288093e+01 2.488642896324682852e+01 2.478401385766317588e+01 2.503143226659427967e+01 2.490387122773058692e+01 2.502190435700024906e+01 2.479580385869347481e+01 2.512449707194456039e+01 2.480042733347153927e+01 2.923026723458123044e+01 1.919871140984002622e+01 3.985558324459616131e+01 2.020345140123570360e+01 1.040686839062558100e+00 1.112599486247557223e+00 6.799999999999999822e+00 5.799999999999999822e+00 1.449999999999999956e+00
1.122393325149963772e+01 1.117852795727333159e+01 1.129260010315842067e+01 1.124195973472306243e+01 1.078914196541241921e+01 1.097856933989276307e+01 1.112064882862289572e+01 1.097196402041308261e+01 1.098252972580134923e+01 1.092891887711489396e+01 1.103181969654399985e+01 1.103639566775772529e+01 1.604544010464298509e+01 2.479225241691030135e+01 2.490581691107661300e+01 2.476074629580837794e+01 2.521936452583050325e+01 2.478695267701520777e+01 2.496956039959724549e+01 2.501914174554027781e+01 2.484499251514742468e+01 2.947731424817033385e+01 1.885268208472147933e+01 3.995506184150652018e+01 2.014879822458095404e+01 1.060942299088334151e+00 7.781787807361747467e-01 6.799999999999999822e+00 5.799999999999999822e+00 1.449999999999999956e+00
1.146892368373292470e+01 1.116143020579045775e+01 1.142136081323332242e+01 1.128643036109357389e+01 1.121924545718517585e+01 1.103293150650641152e+01 1.105332186777725489e+01 1.113058054555217247e+01 1.105458293470301712e+01 1.113912139795863787e+01 1.098451359576350761e+01 1.120540213097650017e+01 1.612104081019037949e+01 2.464361829816939320e+01 2.491212937567176766e+01 2.503814056682327305e+01 2.478081021570710973e+01 2.523319025438201280e+01 2.459261690135349809e+01 2.535675169307468479e+01 2.459839638655316563e+01 2.979396363923596880e+01 1.888167701596681525e+01 3.983870236867127801e+01 2.025272626517443086e+01 1.023093070403123583e+00 1.110319423273288919e+00 6.799999999999999822e+00 5.799999999999999822e+00 1.449999999999999956e+00
1.159746550840693224e+01 1.114649634454253224e+01 1.136531126441906281e+01 1.128846904806859719e+01 1.095986547273330025e+01 1.126135649528325722e+01 1.111587184539589757e+01 1.126534979872112707e+01 1.111711291090500531e+01 1.110894910061498919e+01 1.088885869658560424e+01 1.102864309820797040e+01 1.587819384962099889e+01 2.475513215096689734e+01 2.479980256283050011e+01 2.503586399318923483e+01 2.483886920967028544e+01 2.509255614299943815e+01 2.477859478089260037e+01 2.516287725019284238e+01 2.469164692880795187e+01 2.982557010264008213e+01 1.886667755615341591e+01 3.988283109902907597e+01 2.008627163738956867e+01 1.220895130937084350e+00 1.106956740726494637e+00 6.799999999999999822e+00 5.799999999999999822e+00 1.449999999999999956e+00
1.125248494431001944e+01 1.129995409415745833e+01 1.115638269192740495e+01 1.133520026645024714e+01 1.118922645227761414e+01 1.100045382198644894e+01 1.113607713291815493e+01 1.088857760025009114e+01 1.112340307054343214e+01 1.116830336886302355e+01 1.099430156374097933e+01 1.091183479509087917e+01 1.590736770341863604e+01 2.483982448190781156e+01 2.482276885383999598e+01 2.501087945498082377e+01 2.491309646941275346e+01 2.503749842540523929e+01 2.478803440911817546e+01 2.512875272824425110e+01 2.476965139824537587e+01 2.967701239689106885e+01 1.913152848295085207e+01 3.978072597370006491e+01 2.019363410031851558e+01 1.010590990305200609e+00 1.401017513238958401e+00 6.799999999999999822e+00 5.799999999999999822e+00 1.449999999999999956e+00
1.124371459020789921e+01 1.136902823173075916e+01 1.131272638397991415e+01 1.114193373790374686e+01 1.092904265534497554e+01 1.135874484378268257e+01 1.123744716034298996e+01 1.110901490865055408e+01 1.096207639897924047e+01 1.118586361509153448e+01 1.118849676968049422e+01 1.092794832877885014e+01 1.604545198451124577e+01 2.484918951003278309e+01 2.486466001723737307e+01 2.491419886094029579e+01 2.499923775701354955e+01 2.491741510393038084e+01 2.486718441678516101e+01 2.508583563816344864e+01 2.481722484039780596e+01 2.944978609683639093e+01 1.860813698956537365e+01 4.005312568674606410e+01 2.006531799961226170e+01 1.312440166280930409e+00 5.373082583820447677e-01 6.799999999999999822e+00 5.799999999999999822e+00 1.449999999999999956e+00
1.150715005110402878e+01 1.133667756319953668e+01 1.132832152399161707e+01 1.122248433291038694e+01 1.104493872962889967e+01 1.095032065971728130e+01 1.139996605599018409e+01 1.110825185891090783e+01 1.102097500570863531e+01 1.106223136170349441e+01 1.090265468395185700e+01 1.112678562738217813e+01 1.607429806008809337e+01 2.484416840974786211e+01 2.472679071046796295e+01 2.510075814916278603e+01 2.477042266986450869e+01 2.507771455061275390e+01 2.485730241424880660e+01 2.506871845133852972e+01 2.487617602375162562e+01 2.927582861866884656e+01 1.919826141980664858e+01 3.981556023058315930e+01 2.014639933628330226e+01 1.000501999275930309e+00 6.766078878828061249e-01 6.799999999999999822e+00 5.799999999999999822e+00 1.449999999999999956e+00
1.107566827334859028e+01 1.151209932829749860e+01 1.118927083681577983e+01 1.142412768780156540e+01 1.065075653846418469e+01 1.100090091207070842e+01 1.104370626351645690e+01 1.092968538675885526e+01 1.093759850953658130e+01 1.107263006248944137e+01 1.110115753876549327e+01 1.108006436879903056e+01 1.616557186358205200e+01 2.483250056982157261e+01 2.464101630950336741e+01 2.521951809513801379e+01 2.470973808037091501e+01 2.516583005144626739e+01 2.466431386805465920e+01 2.532211793151797252e+01 2.468848856724742902e+01 2.958602905437204456e+01 1.907035586902187774e+01 3.973979545487527076e+01 2.035329876118848702e+01 9.592015401665822116e-01 8.543851674079607772e-01 6.799999999999999822e+00 5.799999999999999822e+00 1.449999999999999956e+00
1.132899490487512573e+01 1.125845561512142545e+01 1.130387986542172030e+01 1.122864639868912029e+01 1.094365564724895457e+01 1.088451070483497318e+01 1.103672065662048851e+01 1.094552954152267787e+01 1.103121716260634244e+01 1.105601238297795597e+01 1.094418243416758152e+01 1.091703895246322809e+01 1.620466569314582372e+01 2.469148475703612888e+01 2.486975062288416538e+01 2.500203985805807250e+01 2.486062769087645208e+01 2.506692402321597513e+01 2.473209388033985334e+01 2.518940385867500709e+01 2.473338976111348586e+01 2.972728101970793446e+01 1.890110290835345097e+01 3.989368433194666608e+01 2.016858212423336383e+01 1.117994773951037191e+00 2.756462196715203650e-01 6.799999999999999822e+00 5.799999999999999822e+00 1.449999999999999956e+00
1.173766422597060455e+01 1.123994201561355410e+01 1.126909648363228555e+01 1.131447361932220730e+01 1.087211951264771415e+01 1.086031455404116564e+01 1.099106310725090907e+01 1.104406254652089103e+01 1.083979310384319739e+01 1.110135458505534523e+01 1.101658452623534856e+01 1.100965488930783032e+01 1.608679462006483618e+01 2.459044488517204741e+01 2.506922991826941427e+01 2.471075321824827853e+01 2.522365498298167097e+01 2.473724999906645294e+01 2.507649391751639101e+01 2.490426488187116760e+01 2.494170006773749293e+01 2.933626258495358385e+01 1.897667573023978704e+01 3.985139135212624950e+01 2.021671929820178448e+01 9.451006381928326316e-01 9.609460254370846277e-01 6.799999999999999822e+00 5.799999999999999822e+00 1.449999999999999956e+00
1.154043322804945326e+01 1.129335821891625358e+01 1.135848911007528450e+01 1.122972385362505854e+01 1.110523853710731501e+01 1.098385040821472103e+01 1.098002073554805058e+01 1.091179625307876222e+01 1.103217309988602679e+01 1.107059221905404023e+01 1.110995779803863925e+01 1.116899159087004811e+01 1.578181994928223908e+01 2.482873375398531834e+01 2.458836874498447500e+01 2.523337771710141553e+01 2.471504905051451573e+01 2.504777971546207738e+01 2.479630567517310524e+01 2.505722618360885434e+01 2.492444531878944147e+01 2.944896305790771507e+01 1.870411160160547581e+01 4.003844609301358304e+01 1.993759646178704514e+01 1.384959473163075661e+00 3.427515230066170981e-01 6.799999999999999822e+00 5.799999999999999822e+00 1.449999999999999956e+00
1.148399693423824353e+01 1.133975380159036206e+01 1.134945110637771215e+01 1.123205148865291214e+01 1.100426555051813970e+01 1.124457594573462949e+01 1.120341263708007062e+01 1.094673308673841383e+01 1.108687032125440375e+01 1.100166897994259685e+01 1.102073932022372915e+01 1.101603362111987572e+01 1.606725403304782773e+01 2.479683591912965568e+01 2.468607707657058370e+01 2.519090911868862293e+01 2.468403758890408639e+01 2.523872704203430217e+01 2.458182307228173258e+01 2.531394293091202385e+01 2.471779438292794495e+01 2.952496344430498709e+01 1.903633486911757444e+01 3.987103518223768361e+01 2.007233700088247375e+01 1.223227395638461834e+00 9.174587639136917439e-01 6.799999999999999822e+00 5.799999999999999822e+00 1.449999999999999956e+00
1.152038088532509619e+01 1.130704854899186351e+01 1.126513557410484445e+01 1.133587156365974558e+01 1.123576611271428405e+01 1.114668416781446147e+01 1.108244503067871811e+01 1.090597025299522826e+01 1.142976648902545556e+01 1.104240620382713445e+01 1.086673476995161636e+01 1.113185859909655839e+01 1.594118695312407574e+01 2.495067768523987084e+01 2.461433398350059676e+01 2.527086796650302958e+01 2.469247441011876276e+01 2.517725631891670091e+01 2.466885724940960145e+01 2.520205024843973263e+01 2.478851600696372870e+01 2.959217357078132338e+01 1.879640071287205316e+01 3.997914432777994875e+01 2.013425473819577505e+01 1.100457894092278233e+00 1.025672150097145519e+00 6.799999999999999822e+00 5.799999999999999822e+00 1.449999999999999956e+00
1.155347681931927539e+01 1.111765964875320734e+01 1.130125102506078960e+01 1.122936499925140552e+01 1.122733071201067290e+01 1.107015096924808439e+01 1.123662334661305628e+01 1.123913635389150123e+01 1.111427493662408850e+01 1.123235227293196736e+01 1.099038742500958854e+01 1.107513914711918623e+01 1.613910784447610780e+01 2.465501085089068312e+01 2.500566471156987447e+01 2.477713072214358192e+01 2.511916792693194722e+01 2.488406418796283859e+01 2.481644273078909535e+01 2.519155974184874580e+01 2.473206621125727622e+01 2.959262107066690106e+01 1.925199047174269040e+01 3.973828252523387761e+01 2.020562327201277597e+01 1.023752804364641555e+00 1.002019191410948196e+00 6.799999999999999822e+00 5.799999999999999822e+00 1.449999999999999956e+00
1.127357023636272615e+01 1.142702093847077904e+01 1.112848383063068169e+01 1.134663544839833982e+01 1.089140750690051185e+01 1.126189878771667274e+01 1.110514650313405305e+01 1.101166185648703078e+01 1.107981536140690615e+01 1.122422921452921507e+01 1.119624408059790532e+01 1.091245999983193649e+01 1.622591743025928679e+01 2.469733597382380808e+01 2.494087843051397613e+01 2.487238284733523130e+01 2.494627681920118079e+01 2.501513164418453528e+01 2.478180284503765662e+01 2.522297337527817973e+01 2.470612320806479545e+01 2.960267240899768382e+01 1.887546075779372146e+01 3.980982203328005653e+01 2.019533172867152615e+01 1.113229024753396246e+00 9.129389397182469112e-01 6.799999999999999822e+00 5.799999999999999822e+00 1.449999999999999956e+00
1.141258628761883820e+01 1.113293497960749079e+01 1.134921302127765053e+01 1.123429471710900707e+01 1.092842675831219701e+01 1.090768829577186771e+01 1.093450862337926388e+01 1.117294582945249815e+01 1.100633693061850060e+01 1.116305574157846436e+01 1.096969642563898972e+01 1.105610464730964360e+01 1.615587176743942877e+01 2.470491423140443032e+01 2.479750815920750640e+01 2.508548748211810064e+01 2.478503977941030101e+01 2.509647397589647966e+01 2.472661986958920366e+01 2.527459888583417325e+01 2.467346912587850483e+01 2.968524922315402392e+01 1.914362321194228755e+01 3.974550372302542911e+01 2.025170084133398163e+01 1.041365348089561937e+00 9.400554291005103202e-01 6.799999999999999822e+00 5.799999999999999822e+00 1.449999999999999956e+00
1.144880411741698722e+01 1.107840011487998488e+01 1.139099582442283953e+01 1.132659003643652085e+01 1.075632633963625651e+01 1.126045999897543659e+01 1.116491966344847775e+01 1.123731034336438839e+01 1.100346830876540771e+01 1.127109581617573575e+01 1.100577679488264771e+01 1.124664937011279164e+01 1.610568148773329256e+01 2.480095083923110266e+01 2.493720534823214763e+01 2.493218522354230160e+01 2.487696551723810146e+01 2.506944114461512640e+01 2.474498490595550848e+01 2.515878196553500956e+01 2.478863758783277760e+01 2.960238664626653815e+01 1.873575727643346767e+01 3.996471971936303191e+01 2.012166110161250643e+01 1.209279353696000925e+00 5.785225296075373613e-01 6.799999999999999822e+00 5.799999999999999822e+00 1.449999999999999956e+00
1.142498272389858727e+01 1.104904380197785585e+01 1.152723842077281091e+01 1.121167451970043238e+01 1.088825076003958614e+01 1.130765159289403243e+01 1.121003468920434010e+01 1.105315138513900486e+01 1.109299046192038851e+01 1.130758750175180261e+01 1.095657656479246889e+01 1.112886682165633445e+01 1.576776969849383292e+01 2.477741154989173467e+01 2.486051465744579758e+01 2.499538007201124401e+01 2.476133751474932865e+01 2.525452724545933236e+01 2.461386328982645466e+01 2.535476339121374778e+01 2.451933354135691090e+01 3.001583886147253111e+01 1.903839477014849990e+01 3.973302624514646908e+01 2.017782517374711659e+01 1.145831151014197413e+00 1.113460566735062551e+00 6.799999999999999822e+00 5.799999999999999822e+00 1.449999999999999956e+00
1.140761152374685139e+01 1.141004529579627480e+01 1.120336705026581470e+01 1.131360692792832090e+01 1.091667747752310369e+01 1.126778691013325862e+01 1.122049568795835484e+01 1.109595290046897453e+01 1.126914085224558804e+01 1.133417076731080009e+01 1.092991846614542695e+01 1.099744497138421373e+01 1.620310783825662782e+01 2.464219097489671029e+01 2.491320808112073948e+01 2.502853476358394147e+01 2.483689914419536393e+01 2.518255044403438703e+01 2.458022510738512523e+01 2.540509908467188893e+01 2.462011022528075799e+01 2.964235376645044084e+01 1.939141056658580453e+01 3.963961080448851959e+01 2.034001928368745027e+01 9.619656137615080205e-01 3.313355803781496967e-01 6.799999999999999822e+00 5.799999999999999822e+00 1.449999999999999956e+00
1.147019017821149234e+01 1.127349306309329258e+01 1.120971989664693957e+01 1.132698006923982881e+01 1.110185169274360284e+01 1.114559036351002419e+01 1.086216687221982369e+01 1.109751521397877028e+01 1.116511836662521517e+01 1.115802358150566320e+01 1.103054036146600758e+01 1.102660889971030578e+01 1.599519997847930952e+01 2.458299003950180506e+01 2.503333142914099341e+01 2.473159488386252747e+01 2.513880283413390160e+01 2.483922860659306409e+01 2.489295185653362452e+01 2.504965987775780079e+01 2.489170922837311650e+01 2.932175236459000089e+01 1.894803024258461477e+01 3.995874573251036566e+01 2.012345832256610834e+01 1.157797807105762855e+00 5.349166935932179179e-01 6.799999999999999822e+00 5.799999999999999822e+00 1.449999999999999956e+00
1.138818609511832314e+01 1.125281256743027569e+01 1.129373088462081931e+01 1.122252661980392041e+01 1.108328041457609459e+01 1.123732832474817478e+01 1.120194396049859620e+01 1.128743221699952670e+01 1.115946381782950070e+01 1.092370605367814385e+01 1.108544266246281573e+01 1.108665511721152264e+01 1.627563447480097025e+01 2.462507283548605841e+01 2.498858092873599901e+01 2.484893724601442244e+01 2.498330746722974638e+01 2.502010772872684186e+01 2.469952519023193460e+01 2.530129991959213953e+01 2.461441297602612011e+01 2.974343626948198960e+01 1.938402632623352062e+01 3.960680596624550276e+01 2.029507610583586441e+01 1.142269912091911088e+00 1.885206699798671615e-01 6.799999999999999822e+00 5.799999999999999822e+00 1.449999999999999956e+00
1.137281494361083212e+01 1.088347341076051045e+01 1.145946714664612287e+01 1.124511083082662921e+01 1.081414492205914968e+01 1.105621640829424557e+01 1.096722856296558923e+01 1.101833861458323582e+01 1.121216483570403710e+01 1.099274154602422371e+01 1.102407223296983396e+01 1.099500116009149586e+01 1.607795991721207685e+01 2.459890037558363218e+01 2.497074036496830374e+01 2.483695479354907576e+01 2.491681798882354215e+01 2.504231400090436921e+01 2.478064729932739496e+01 2.516584051202439198e+01 2.469419995889638031e+01 3.004734226823754284e+01 1.874540736112744099e+01 3.991800155131978300e+01 2.009257097997758379e+01 1.135790400983394566e+00 1.127807901534229496e+00 6.799999999999999822e+00 5.799999999999999822e+00 1.449999999999999956e+00
1.125730350287635773e+01 1.115420629219303095e+01 1.141242995032764895e+01 1.123502959535902335e+01 1.113471745634812571e+01 1.102092822456231858e+01 1.109665034552323526e+01 1.120631422816084743e+01 1.098331078927283322e+01 1.082862591982403444e+01 1.109906347782469638e+01 1.093645419488667159e+01 1.610127858810541213e+01 2.460079700692663351e+01 2.497264864939966955e+01 2.486491057188185039e+01 2.492415299088258251e+01 2.498646238255532026e+01 2.475614319638807004e+01 2.521555077523542110e+01 2.475276778414898970e+01 2.948861362840866107e+01 1.899711492382260047e+01 3.983282640886777415e+01 2.018994887482438116e+01 1.214610662112989070e+00 8.416034056899370785e-01 6.799999999999999822e+00 5.799999999999999822e+00 1.449999999999999956e+00
1.126418302098147528e+01 1.112725524253862375e+01 1.128969798844332040e+01 1.123692092023088840e+01 1.130586149078198765e+01 1.105309227242531911e+01 1.116287188378351836e+01 1.096730514638711185e+01 1.100888722920108798e+01 1.108325590083842549e+01 1.110031517228566678e+01 1.101999157348046054e+01 1.609081891523143426e+01 2.478687473283268616e+01 2.483919905919614379e+01 2.493341296653196792e+01 2.484955391327250140e+01 2.506321468983297862e+01 2.485453805273115080e+01 2.504036540159106394e+01 2.482744917769499793e+01 2.936930827333478078e+01 1.902938951037588566e+01 3.990921443250510237e+01 2.007530255468257607e+01 1.220352732328538803e+00 7.898338860946276796e-01 6.799999999999999822e+00 5.799999999999999822e+00 1.449999999999999956e+00
1.145635644551010657e+01 1.120222460429750022e+01 1.130316724141146345e+01 1.112457526950847075e+01 1.104274804863925219e+01 1.106762871986996721e+01 1.099058792051948430e+01 1.096760017755563510e+01 1.099400849596612950e+01 1.103864773163392954e+01 1.098967314729273070e+01 1.117016904042549896e+01 1.598391096016314172e+01 2.483609014235941004e+01 2.487405364619270998e+01 2.498581725593023961e+01 2.482439611766196919e+01 2.519684959476379404e+01 2.456805338317066401e+01 2.532284245120391120e+01 2.466771160749043901e+01 2.939236493689087126e+01 1.936683106601004667e+01 3.977886509115455738e+01 2.022282447815771178e+01 1.116918342734045222e+00 7.465999147936622782e-01 6.799999999999999822e+00 5.799999999999999822e+00 1.449999999999999956e+00
1.115370535087635240e+01 1.125588836030592255e+01 1.120800380877537883e+01 1.126393316757547858e+01 1.107491158751009586e+01 1.106183807834217347e+01 1.113500838745099308e+01 1.123843925089825468e+01 1.085616788577011782e+01 1.119404387250854960e+01 1.097901059901174037e+01 1.092065469803558209e+01 1.607546914565810070e+01 2.476948483515238308e+01 2.497298117207508383e+01 2.490176393138834143e+01 2.487342350742447294e+01 2.516871198707604051e+01 2.462640855821537400e+01 2.535718106903316382e+01 2.456735697566222854e+01 2.977535811220975148e+01 1.940393812842337340e+01 3.967308103187134805e+01 2.024950538009638379e+01 1.020379985377224408e+00 8.500253736780247760e-01 6.799999999999999822e+00 5.799999999999999822e+00 1.449999999999999956e+00
1.146648306639925963e+01 1.133041663170853752e+01 1.138501472487932809e+01 1.117870518519202250e+01 1.140979639005461976e+01 1.104692217837877344e+01 1.117818508821802759e+01 1.101929970968974537e+01 1.088079667925351757e+01 1.089042544254881761e+01 1.111875400378769108e+01 1.112723287791566840e+01 1.623132313773565016e+01 2.489386241852753656e+01 2.477192837742089537e+01 2.497948065952378016e+01 2.498996638250052627e+01 2.487733298054380171e+01 2.491969202568587605e+01 2.504165686437467642e+01 2.489243101598814079e+01 2.935041502485107756e+01 1.907104570968529345e+01 3.986072592757560784e+01 2.024262589174275817e+01 1.016507002872289345e+00 5.851836690844107736e-01 6.799999999999999822e+00 5.799999999999999822e+00 1.449999999999999956e+00
1.141020287828300006e+01 1.104799961479475456e+01 1.142559762273224777e+01 1.123175532556918554e+01 1.118736281901832008e+01 1.104079581180142711e+01 1.102720033649855935e+01 1.093181155304750085e+01 1.123854997755252860e+01 1.118101497359725727e+01 1.079045218859926791e+01 1.112230352596201044e+01 1.603087395730754849e+01 2.477635988682796153e+01 2.497805148688961197e+01 2.477619648367804572e+01 2.510465689928769706e+01 2.486440950901807767e+01 2.493100963333710141e+01 2.504711084112694763e+01 2.479924482078666159e+01 2.933885044444445001e+01 1.900303775224699265e+01 3.989393878544392891e+01 2.009029867083051712e+01 1.205167262101910941e+00 5.388684443520528333e-01 6.799999999999999822e+00 5.799999999999999822e+00 1.449999999999999956e+00
1.136561137459771764e+01 1.136387999217948419e+01 1.120193356256659634e+01 1.140823623852979196e+01 1.125186360833954424e+01 1.097945029249950011e+01 1.092316528816550125e+01 1.110515676307826993e+01 1.126977951419949520e+01 1.125640663028671007e+01 1.119469371156832693e+01 1.102776111316908825e+01 1.606336168198505021e+01 2.491891287612273942e+01 2.478991358491933994e+01 2.501589614787079796e+01 2.484869208399693719e+01 2.509727148792043749e+01 2.477256041797981823e+01 2.508338147662270856e+01 2.486679910343010036e+01 2.950058666421393738e+01 1.895257758957901117e+01 3.993039613741097327e+01 2.017008608440409034e+01 1.151503721784711054e+00 9.166214644074589524e-01 6.799999999999999822e+00 5.799999999999999822e+00 1.449999999999999956e+00
1.168254913493148628e+01 1.124881701892453201e+01 1.144028094658170858e+01 1.111446804135015576e+01 1.113026080726494094e+01 1.128851534919875022e+01 1.091179255524751746e+01 1.110509033410191115e+01 1.123912428625292925e+01 1.100099657691014166e+01 1.093352810336732617e+01 1.109533539773385868e+01 1.605960850092534642e+01 2.476302567354865403e+01 2.481209636952138453e+01 2.506207498981908088e+01 2.480356736645887494e+01 2.510425072753394815e+01 2.476258283947244365e+01 2.508770506752712137e+01 2.483635073027146589e+01 2.926934285134081648e+01 1.920735458448518074e+01 3.985095738839189039e+01 2.015421604123418575e+01 1.055269340839920966e+00 1.114437024720893676e+00 6.799999999999999822e+00 5.799999999999999822e+00 1.449999999999999956e+00
1.133052078561656550e+01 1.121672607737651006e+01 1.134936998299554389e+01 1.128309797262995673e+01 1.132766828523943836e+01 1.125666953173165652e+01 1.110497383491869527e+01 1.099456140990654518e+01 1.113120221460556536e+01 1.068380233236383248e+01 1.100353497519337154e+01 1.113706795640944414e+01 1.611855812184573722e+01 2.474855990210934209e+01 2.497071646575298942e+01 2.472625370710554549e+01 2.525302802553560610e+01 2.469973282622963850e+01 2.502678889289289188e+01 2.495752875586420316e+01 2.491761147338698379e+01 2.941560503801357029e+01 1.883480539123676678e+01 3.989157009547416521e+01 2.011893179072543347e+01 1.124604847498998694e+00 7.254365917698688548e-01 6.799999999999999822e+00 5.799999999999999822e+00 1.449999999999999956e+00
1.156591531438217757e+01 1.123364332827980405e+01 1.133034196395501247e+01 1.127262113877297800e+01 1.086705215557886461e+01 1.111254335709821461e+01 1.124057624343149087e+01 1.119124232509195238e+01 1.117283564853428857e+01 1.101823179890791948e+01 1.112379207951472537e+01 1.096444856013074087e+01 1.624687564073088808e+01 2.475397828993550675e+01 2.483665637908124424e+01 2.495049681370871397e+01 2.483990299116371148e+01 2.504350941163838939e+01 2.476862953418954305e+01 2.518422449376120298e+01 2.475810304864744538e+01 2.955743103208027733e+01 1.908066509309537295e+01 3.972752004459415076e+01 2.027362974232000425e+01 1.053450660481483725e+00 1.088884373738732592e+00 6.799999999999999822e+00 5.799999999999999822e+00 1.449999999999999956e+00
1.135306018313440646e+01 1.125912406881594308e+01 1.141440369461692228e+01 1.122542489461880599e+01 1.101951885782482421e+01 1.100454671836735443e+01 1.106445483142775466e+01 1.112631662506091779e+01 1.122738793512304412e+01 1.117618418057703167e+01 1.099943926911390513e+01 1.081727541602348630e+01 1.578948197441769885e+01 2.489496172221848269e+01 2.481852054965572663e+01 2.493727082313511545e+01 2.494453296100994422e+01 2.504177765254352650e+01 2.476935556692496831e+01 2.512433722274262848e+01 2.475019659260294347e+01 2.952613029253551247e+01 1.901219712616872215e+01 3.987464098219195563e+01 2.022452836520433550e+01 1.138386044980530976e+00 7.945896224465757163e-01 6.799999999999999822e+00 5.799999999999999822e+00 1.449999999999999956e+00
1.122515651283732652e+01 1.104283685939678605e+01 1.138005598635924365e+01 1.123227808810397832e+01 1.141643650291295842e+01 1.115654975564358509e+01 1.111586486629689929e+01 1.105596537779194577e+01 1.128934511462167833e+01 1.118299419210258883e+01 1.119388194140017490e+01 1.093091635096159742e+01 1.614856658741891948e+01 2.487011061670163770e+01 2.486930552729308630e+01 2.487941886216862741e+01 2.497589224976327671e+01 2.494732044023232831e+01 2.486848465028101884e+01 2.515075154147056224e+01 2.471946483344081713e+01 2.981362850398623365e+01 1.887706519446921760e+01 3.993587435461852664e+01 2.008635072333500560e+01 1.195569082282679219e+00 7.581657410081901194e-01 6.799999999999999822e+00 5.799999999999999822e+00 1.449999999999999956e+00
1.124719906057169894e+01 1.129781211573951261e+01 1.135241869740834630e+01 1.124997486816262082e+01 1.076794469265405318e+01 1.133717436776265686e+01 1.098525500083803408e+01 1.103999476496873022e+01 1.078527797642975017e+01 1.103299522545033362e+01 1.116898975662722115e+01 1.100992583341514752e+01 1.602145260941396643e+01 2.465524277252161767e+01 2.488439429743799991e+01 2.499748340278534187e+01 2.483642775826860571e+01 2.509443297048463251e+01 2.473262448897978061e+01 2.509800653793911351e+01 2.488796695913402246e+01 2.926858155140550366e+01 1.910063459393584751e+01 3.991369574911899321e+01 2.009400139724544587e+01 1.250875740244652423e+00 4.673221432284556665e-01 6.799999999999999822e+00 5.799999999999999822e+00 1.449999999999999956e+00
1.115109671650508183e+01 1.140033296448409139e+01 1.119446236290512076e+01 1.141521198225650835e+01 1.102567029523279984e+01 1.085364580244123012e+01 1.100736255712753398e+01 1.084576338184937327e+01 1.081226186386002830e+01 1.105901962504318448e+01 1.108923212609616016e+01 1.087169981148743325e+01 1.590778819360099305e+01 2.480252093314521034e+01 2.483259937717940247e+01 2.498395424082875138e+01 2.494752120037278686e+01 2.487466498783434332e+01 2.492400756932720540e+01 2.498870341602107459e+01 2.490406570818249321e+01 2.925979575652723952e+01 1.897044478003628498e+01 4.001796163064844336e+01 1.997391049510164862e+01 1.203900174145812851e+00 9.369886380420695549e-01 6.799999999999999822e+00 5.799999999999999822e+00 1.449999999999999956e+00
1.139489574604814948e+01 1.114712189805352693e+01 1.142709642861175290e+01 1.119349752617761951e+01 1.112094559520472714e+01 1.115872540755931652e+01 1.109986892616001164e+01 1.112509086847717299e+01 1.114551105135481990e+01 1.110544121578770138e+01 1.094480869064809525e+01 1.083776162360772055e+01 1.598179340426422534e+01 2.473472542695540000e+01 2.503737050879020742e+01 2.476154042941098865e+01 2.510441532757565497e+01 2.486674801663245304e+01 2.483196796084364522e+01 2.511258749661864087e+01 2.482516344054067403e+01 2.956108804730938999e+01 1.876937541150550004e+01 3.998782256757741038e+01 2.003760390576643857e+01 1.246071507446554483e+00 8.481871732575471112e-01 6.799999999999999822e+00 5.799999999999999822e+00 1.449999999999999956e+00
1.182168093172396439e+01 1.108836792509401015e+01 1.141599163883879164e+01 1.128178181268038394e+01 1.132007623480033587e+01 1.120171177234094806e+01 1.110510006301543839e+01 1.093943922184135786e+01 1.098722016544789426e+01 1.104245750508107626e+01 1.099728250522227135e+01 1.124509651081943673e+01 1.627444265049187067e+01 2.481049152767492316e+01 2.494450815421836509e+01 2.489282683766848692e+01 2.490121629984139418e+01 2.511363771341467199e+01 2.463958438209493451e+01 2.538810808450316259e+01 2.457610074216756146e+01 2.973013455076181799e+01 1.934699477066109097e+01 3.960337281319753799e+01 2.031733671758317072e+01 1.090920759654824046e+00 4.727957874872660282e-01 6.799999999999999822e+00 5.799999999999999822e+00 1.449999999999999956e+00
1.150856808805895071e+01 1.136691078383875464e+01 1.139015289696832234e+01 1.121858607339260594e+01 1.102009356966619968e+01 1.118096799261256002e+01 1.118288724695493741e+01 1.102594653534048419e+01 1.117545270417014258e+01 1.123653366025229872e+01 1.082664348084079897e+01 1.101784602298624627e+01 1.601257859277037099e+01 2.486016857235825483e+01 2.469197363585147897e+01 2.509428794317261691e+01 2.480296410768665538e+01 2.501620690820282888e+01 2.483041800382279973e+01 2.517231244555297920e+01 2.472628170292525240e+01 2.957225304754212303e+01 1.913758862213277112e+01 3.977316393427749830e+01 2.016723227626036063e+01 1.063634090442401536e+00 9.921659887745107875e-01 6.799999999999999822e+00 5.799999999999999822e+00 1.449999999999999956e+00
1.143818679954002526e+01 1.105042586117994752e+01 1.145581875008168815e+01 1.133600934081628075e+01 1.104672220220332157e+01 1.111525387927369657e+01 1.102900973792553430e+01 1.120776784199943243e+01 1.111876461175455155e+01 1.087185411206512420e+01 1.089603722791542673e+01 1.124953920151311770e+01 1.610192050923428297e+01 2.476122226659482095e+01 2.485159386607060128e+01 2.500880724842572533e+01 2.484918311297142779e+01 2.506283803930488929e+01 2.474350701011142206e+01 2.515893124403582348e+01 2.478070020686183383e+01 2.967840385657887126e+01 1.902892396855060753e+01 3.976829372193697765e+01 2.018548751927536955e+01 1.125800956548990817e+00 4.485808725151054777e-01 6.799999999999999822e+00 5.799999999999999822e+00 1.449999999999999956e+00
1.140248609816680414e+01 1.121598331781574132e+01 1.135391078670127030e+01 1.129977050112212744e+01 1.099455211353267892e+01 1.114670454683232848e+01 1.120094112219334193e+01 1.106386607646224363e+01 1.110258022336483918e+01 1.122067401230114214e+01 1.102102389190642384e+01 1.108504582526980720e+01 1.620096554283824375e+01 2.473911806418589876e+01 2.481998543721172013e+01 2.499733801960257651e+01 2.486609332168963959e+01 2.506491440611632626e+01 2.474347974372021497e+01 2.522604826510671927e+01 2.472061369698061029e+01 2.953968243563771168e+01 1.907219387550343015e+01 3.985430797305512129e+01 2.027087527955196222e+01 9.567902740053193522e-01 1.373259223127037298e+00 6.799999999999999822e+00 5.799999999999999822e+00 1.449999999999999956e+00
1.129436076567457903e+01 1.141444328778517203e+01 1.134765311693210599e+01 1.126428819522164027e+01 1.083264162489471616e+01 1.098257459897690325e+01 1.091609004415770201e+01 1.101735425727925133e+01 1.105355025296695537e+01 1.101739697679137642e+01 1.119007587715653607e+01 1.119169364089139940e+01 1.635601962378636998e+01 2.478656301693224506e+01 2.476622475869001505e+01 2.507552290283501506e+01 2.487245437327877084e+01 2.501017476597071010e+01 2.477951727883655053e+01 2.513615195780776190e+01 2.481932172361715416e+01 2.945794493165543315e+01 1.901592490742540775e+01 3.992128318645883667e+01 2.007130859733134542e+01 1.059616402554695691e+00 1.075481794903797805e+00 6.799999999999999822e+00 5.799999999999999822e+00 1.449999999999999956e+00
1.126285643379231516e+01 1.125610147552491469e+01 1.130816818123546597e+01 1.129129574028080363e+01 1.121066623262710671e+01 1.123164719600164219e+01 1.111066562915636879e+01 1.115494815084662861e+01 1.109718428073558449e+01 1.114213192402807273e+01 1.130656852107249399e+01 1.111201910088261435e+01 1.624254369371824325e+01 2.481054796039244081e+01 2.478526691524650971e+01 2.504347171815300399e+01 2.491498375313494762e+01 2.491437417336324245e+01 2.490202468986920437e+01 2.508930503979290449e+01 2.485682757194132719e+01 2.942627632542303573e+01 1.907607032131483393e+01 3.984900708131758762e+01 2.021176336272744223e+01 9.736981275260827573e-01 5.218823761573514464e-01 6.799999999999999822e+00 5.799999999999999822e+00 1.449999999999999956e+00
1.159866476251738021e+01 1.131136794206330620e+01 1.124729299280203598e+01 1.126599696342573331e+01 1.104437226821936235e+01 1.105381539010266145e+01 1.107380158607423759e+01 1.106370157756649775e+01 1.125688474852277920e+01 1.094759882077293511e+01 1.065783150774048771e+01 1.109982799178076895e+01 1.586362406892379084e+01 2.474882259605649182e+01 2.489978572271576951e+01 2.477802391237614899e+01 2.518579064753069119e+01 2.474845403175553926e+01 2.491707492332349361e+01 2.504782367557326594e+01 2.485275652146277992e+01 2.953058874381106591e+01 1.880219827480827988e+01 3.996811277762307668e+01 2.009052619581273902e+01 1.227492822804898909e+00 8.960174096954032219e-01 6.799999999999999822e+00 5.799999999999999822e+00 1.449999999999999956e+00
1.142247359117984118e+01 1.145042694226822988e+01 1.119301736878589004e+01 1.128173312825301444e+01 1.102196478750615505e+01 1.111782883210078943e+01 1.105299000176299806e+01 1.102857817219423531e+01 1.107196719662480611e+01 1.116228602444355644e+01 1.095226578483082669e+01 1.113465389174445264e+01 1.614872253620499620e+01 2.462235920519711385e+01 2.499456791101200182e+01 2.488247666577251493e+01 2.489090466776764643e+01 2.505477151961876814e+01 2.479783946801667227e+01 2.513278357864485102e+01 2.478058738721446730e+01 2.946845241752668443e+01 1.921746645240110496e+01 3.987508453302921652e+01 2.021081135167148801e+01 1.060952250225294380e+00 9.112423546840415778e-01 6.799999999999999822e+00 5.799999999999999822e+00 1.449999999999999956e+00
1.150763603388439194e+01 1.122949977774895025e+01 1.132310836666494680e+01 1.131586667147659853e+01 1.090629238803552958e+01 1.111257117332961464e+01 1.120538550381863097e+01 1.117963247326288467e+01 1.111666419461877453e+01 1.088346767705195006e+01 1.116594675530228109e+01 1.113703840763914421e+01 1.602579729360494909e+01 2.484014118873109922e+01 2.485164906384534333e+01 2.500282437671576119e+01 2.486482890437325111e+01 2.501898349248870801e+01 2.477997479416180227e+01 2.522537295926157697e+01 2.468581617602366052e+01 2.959417972918590678e+01 1.917805217057547296e+01 3.972372917905754974e+01 2.034911965190230276e+01 1.031349731284320947e+00 2.601470566611258084e-01 6.799999999999999822e+00 5.799999999999999822e+00 1.449999999999999956e+00
1.153876483480375015e+01 1.123464909239319276e+01 1.132990116195151842e+01 1.123909001863133383e+01 1.093609581788409990e+01 1.118797359208201314e+01 1.109275136537666917e+01 1.130205132772834986e+01 1.076321704291319925e+01 1.099241689053565452e+01 1.097475764672876331e+01 1.108910543925023795e+01 1.611824687746221230e+01 2.480675604878453910e+01 2.492178750835682877e+01 2.490384809022303969e+01 2.504348222519690736e+01 2.491158054213570949e+01 2.487303148705420242e+01 2.507264537973100715e+01 2.481246599197665148e+01 2.943915965694542791e+01 1.919062899750723972e+01 3.979888959536914683e+01 2.022445780201214660e+01 1.139719990486896650e+00 6.329680101483924348e-01 6.799999999999999822e+00 5.799999999999999822e+00 1.449999999999999956e+00
1.123647995523877974e+01 1.132644294168346910e+01 1.120427099711874774e+01 1.140835052296769803e+01 1.113460528721174114e+01 1.106469521476733320e+01 1.135627943144513630e+01 1.118542163673544110e+01 1.095644103159586535e+01 1.116030237426631544e+01 1.099179275712818082e+01 1.085140248355063086e+01 1.603500619189571808e+01 2.480763594344102074e+01 2.495808766973304671e+01 2.489484430519762270e+01 2.495622392340979800e+01 2.498597710818676276e+01 2.479574103290728715e+01 2.516486046697185586e+01 2.474666309604563352e+01 2.959490346637825908e+01 1.894370755963677766e+01 4.001325613106010337e+01 2.006928231599874835e+01 1.200018702352355859e+00 1.025002156893632055e+00 6.799999999999999822e+00 5.799999999999999822e+00 1.449999999999999956e+00
1.124480710254073124e+01 1.133160097838545255e+01 1.119151297823526292e+01 1.132376823062721449e+01 1.112477469868625057e+01 1.076696941772668481e+01 1.114287284448145066e+01 1.081843905193095701e+01 1.123678006713814348e+01 1.112215004988512490e+01 1.086936364922364717e+01 1.094092630450671244e+01 1.596219888836072442e+01 2.451950824338281265e+01 2.520092646963349736e+01 2.459988926207473625e+01 2.526311019753611831e+01 2.478985037593833241e+01 2.487631303941887495e+01 2.515471144452954988e+01 2.467907571919053566e+01 2.961768158441893917e+01 1.902208328006387816e+01 3.980134635157501322e+01 2.022994126338316789e+01 1.044419589793196490e+00 7.813118736704915968e-01 6.799999999999999822e+00 5.799999999999999822e+00 1.449999999999999956e+00
1.142746600397080670e+01 1.116909635490640440e+01 1.143686847116131133e+01 1.120609516417672857e+01 1.089564271837295273e+01 1.111417343788983203e+01 1.137795608548670856e+01 1.099392687804997593e+01 1.107371562154804323e+01 1.094740139148074753e+01 1.086742268676979606e+01 1.104798868655651312e+01 1.624083095147449995e+01 2.477352104991294368e+01 2.497960958792360486e+01 2.482879853863355279e+01 2.508708041350037377e+01 2.488561451247306167e+01 2.489858372604718895e+01 2.498593814150587633e+01 2.493834201947905171e+01 2.919974066740026686e+01 1.876325643572536706e+01 4.002455991469368257e+01 2.006411258303024425e+01 1.171816123449058056e+00 4.156851760365538051e-01 6.799999999999999822e+00 5.799999999999999822e+00 1.449999999999999956e+00
1.143345163819735077e+01 1.115088684016333609e+01 1.135005512476429779e+01 1.133638055054327332e+01 1.090135896654847159e+01 1.125191440750922212e+01 1.112333177262379103e+01 1.118613913733625154e+01 1.105421397637031156e+01 1.098992988023722184e+01 1.115752909933379833e+01 1.118987843501428792e+01 1.597745521113528255e+01 2.477244295008209107e+01 2.487094460414359531e+01 2.488062935524203922e+01 2.499257713005892256e+01 2.491492161825295781e+01 2.487974762642359394e+01 2.497667543404015689e+01 2.490630159381727182e+01 2.909214280660856389e+01 1.909693541520347182e+01 3.995171354222464544e+01 1.988965086109514147e+01 1.534021657434089470e+00 4.046099006531431175e-01 6.799999999999999822e+00 5.799999999999999822e+00 1.449999999999999956e+00
1.142039538064061865e+01 1.130594914720918531e+01 1.130524043612584606e+01 1.122376865795539125e+01 1.086387823434962208e+01 1.123082690669274264e+01 1.115912918534056786e+01 1.110619628173170881e+01 1.116132455478556373e+01 1.128484272712766234e+01 1.083152953642223082e+01 1.115809174880924814e+01 1.604257856689132566e+01 2.477196807637659859e+01 2.470518855355793875e+01 2.515647274191893956e+01 2.479434098916301110e+01 2.511367471567169574e+01 2.470242689789331081e+01 2.514846414275341147e+01 2.480972968251176525e+01 2.968903608324641397e+01 1.896317794658262201e+01 3.987094297644290464e+01 2.013051862340703835e+01 1.137986414365259602e+00 4.501288956249959172e-01 6.799999999999999822e+00 5.799999999999999822e+00 1.449999999999999956e+00
1.137295382818854783e+01 1.132601487061939061e+01 1.126956738595196228e+01 1.130079428407285747e+01 1.087263811122041623e+01 1.093341703142863430e+01 1.107229931659096600e+01 1.105109625442737631e+01 1.078896178731334388e+01 1.104151469521411144e+01 1.101942307793877696e+01 1.112296538997469320e+01 1.589431217726938605e+01 2.487401862524108509e+01 2.489730648105895128e+01 2.483458602075458899e+01 2.507202363021739089e+01 2.490900472321000336e+01 2.484743710542135275e+01 2.506622640419600145e+01 2.480520932934307510e+01 2.945718530344428743e+01 1.908017464576774458e+01 3.987922953924775271e+01 2.015772262721779740e+01 1.211843611983291158e+00 6.232323103852498436e-01 6.799999999999999822e+00 5.799999999999999822e+00 1.449999999999999956e+00
1.144713959955178240e+01 1.112407328527814521e+01 1.138029410475093606e+01 1.121986393690779416e+01 1.098304850504116992e+01 1.108633120256186544e+01 1.115901920741625020e+01 1.095783358137284758e+01 1.084921769240350997e+01 1.127688090039156066e+01 1.104546563368641543e+01 1.089006148783768069e+01 1.602851072083412376e+01 2.466206432553735439e+01 2.499359165650163206e+01 2.478088994829401770e+01 2.507052918147950749e+01 2.479580831085380055e+01 2.498078135650775167e+01 2.496635674379060177e+01 2.488590008436015566e+01 2.943604048683850749e+01 1.897066559417741516e+01 3.977717356399126913e+01 2.020749274769737980e+01 1.018723446907028318e+00 3.001301821103652401e-01 6.799999999999999822e+00 5.799999999999999822e+00 1.449999999999999956e+00
1.156727307323264320e+01 1.114803717447819231e+01 1.149143120740617974e+01 1.127767867518652878e+01 1.114097375574981896e+01 1.099536712136738359e+01 1.116135938700918828e+01 1.119821404598079262e+01 1.116726562111698584e+01 1.097852040896523107e+01 1.104099080049151738e+01 1.112752816776122522e+01 1.603755917966696387e+01 2.479265838563249602e+01 2.488656298376194798e+01 2.493871002730421793e+01 2.491866769813411508e+01 2.507567521371324304e+01 2.473176348850539696e+01 2.519069665368042621e+01 2.472548169071719570e+01 2.961529996824620881e+01 1.913465626861977142e+01 3.977343015245800473e+01 2.021367127537861919e+01 1.103099647959435936e+00 6.879076046489893681e-01 6.799999999999999822e+00 5.799999999999999822e+00 1.449999999999999956e+00
1.147937120625915242e+01 1.101348668749262316e+01 1.140218281955598201e+01 1.137088874482618195e+01 1.089004569582561466e+01 1.124537836768321242e+01 1.111849726894518753e+01 1.105443222614933063e+01 1.130244795768419230e+01 1.120356338794319662e+01 1.115213934141538488e+01 1.120334121090569290e+01 1.585954629393788018e+01 2.485966385394240774e+01 2.478714559366598635e+01 2.497633028008154454e+01 2.489929516255411812e+01 2.507157955058694299e+01 2.471697878599265863e+01 2.523053658131901855e+01 2.465416235293182012e+01 2.971137557662627415e+01 1.928837880398485538e+01 3.965181642978765808e+01 2.038840072155319305e+01 9.144263553822910007e-01 6.513885099840441839e-01 6.799999999999999822e+00 5.799999999999999822e+00 1.449999999999999956e+00
1.109012545579051334e+01 1.125347475201506597e+01 1.133285063401190662e+01 1.131182121707096577e+01 1.092363319618637796e+01 1.084199965244537367e+01 1.112534815002811328e+01 1.107626035449336399e+01 1.126127454174944376e+01 1.097324441898043901e+01 1.095307283238356888e+01 1.099236735002026855e+01 1.610905406394152806e+01 2.482837209860839778e+01 2.485429067163662609e+01 2.495593552197270526e+01 2.489417920632192249e+01 2.504324941869939991e+01 2.476801590576072343e+01 2.524516430707903325e+01 2.470858201718375113e+01 2.961887203489551723e+01 1.942434381413362487e+01 3.962360351199185970e+01 2.041190160940714904e+01 8.615529991855265246e-01 9.511251677928248549e-01 6.799999999999999822e+00 5.799999999999999822e+00 1.449999999999999956e+00
1.128785488048979602e+01 1.139704844251776983e+01 1.132095164324804593e+01 1.130509080090985208e+01 1.111098940571736371e+01 1.121491051774092718e+01 1.103480907901014163e+01 1.101123354271552657e+01 1.112409718434388139e+01 1.100362179109606231e+01 1.091896321964545713e+01 1.106764620438643121e+01 1.584951609258996186e+01 2.474125847438259740e+01 2.493688400722646037e+01 2.483975363592417551e+01 2.505428494762966807e+01 2.493718536422769105e+01 2.484816566016333539e+01 2.505766798493018044e+01 2.482530287176830086e+01 2.969969932443563110e+01 1.901487913311385824e+01 3.995247731954698622e+01 2.007875160232286049e+01 1.098115378839200185e+00 1.022323344998679273e+00 6.799999999999999822e+00 5.799999999999999822e+00 1.449999999999999956e+00
1.138972521674313043e+01 1.121310401805048507e+01 1.133555125945247077e+01 1.126080242180718294e+01 1.084104858533421556e+01 1.122097307251857323e+01 1.117263647605517640e+01 1.114060453017675378e+01 1.130716021697454288e+01 1.093145281915716716e+01 1.125263326490157567e+01 1.108480882298600001e+01 1.602139953783755288e+01 2.464499772874809835e+01 2.508550810028886602e+01 2.476679605199205980e+01 2.507652124597197130e+01 2.489781621413846224e+01 2.476341165519407284e+01 2.524001818675902697e+01 2.464721515817281627e+01 2.998712123496143889e+01 1.897231903725780811e+01 3.976347495223706119e+01 2.019363523234833480e+01 1.145456424660274086e+00 8.625914500223400561e-01 6.799999999999999822e+00 5.799999999999999822e+00 1.449999999999999956e+00
1.155496751546439782e+01 1.112498563343402580e+01 1.136242075183741385e+01 1.119939979304122701e+01 1.078230270947760872e+01 1.108551696679886511e+01 1.126254699243036406e+01 1.109529319189001484e+01 1.092090616711695361e+01 1.101718237899922492e+01 1.101521288578777380e+01 1.100141980654816720e+01 1.607885748004210313e+01 2.464802321609489866e+01 2.498711307552090943e+01 2.486240967206924424e+01 2.498264070616727395e+01 2.496001551771180615e+01 2.478007863621126106e+01 2.509424519688039368e+01 2.484147929888445461e+01 2.933181711735160846e+01 1.902805668224597468e+01 3.982378759626161724e+01 1.998695168683124024e+01 1.242834094372323950e+00 1.193050715565469488e+00 6.799999999999999822e+00 5.799999999999999822e+00 1.449999999999999956e+00
1.143042270119571491e+01 1.120790655011768067e+01 1.140459846031112434e+01 1.127249965478707594e+01 1.135829480663908697e+01 1.088332933843309824e+01 1.099223704771181787e+01 1.103264471488323473e+01 1.112612614529527733e+01 1.102804030671259028e+01 1.111275719165995213e+01 1.108696061217224660e+01 1.600460781353304895e+01 2.472227800488050420e+01 2.481246157489495374e+01 2.505889500735706932e+01 2.479400862501783820e+01 2.508253860694807358e+01 2.476080190793623004e+01 2.514020172053359303e+01 2.479456227571174765e+01 2.954149802053490248e+01 1.904142204741674504e+01 3.984846409483134266e+01 2.032049707159537633e+01 9.925518686383727474e-01 7.503485047098569227e-01 6.799999999999999822e+00 5.799999999999999822e+00 1.449999999999999956e+00
1.103498367327792273e+01 1.136033163319555861e+01 1.130520885901371386e+01 1.126035084293237176e+01 1.097742886651416327e+01 1.117085777384975565e+01 1.089874956991304522e+01 1.115140030585869013e+01 1.100503411663609832e+01 1.113358192985539397e+01 1.113657567975031526e+01 1.081863679879066353e+01 1.610162722753816311e+01 2.472235808146484004e+01 2.495486615561794252e+01 2.488216725868001333e+01 2.496235329209764231e+01 2.492164190429082637e+01 2.489093879718011237e+01 2.499945056687082356e+01 2.487013842373638539e+01 2.952871145497033467e+01 1.883656721752439367e+01 3.991030293520789485e+01 2.012091128149208785e+01 1.128962089314947015e+00 1.022590695737446875e+00 6.799999999999999822e+00 5.799999999999999822e+00 1.449999999999999956e+00
1.137927011122129528e+01 1.125590206198931575e+01 1.123089159502714729e+01 1.128252832581284260e+01 1.087816216566279337e+01 1.134059590710362464e+01 1.108071198479549224e+01 1.091498795324756976e+01 1.088971125638324722e+01 1.122780353722266611e+01 1.123513303210042658e+01 1.095713952124024892e+01 1.597840805005336051e+01 2.482533153766633305e+01 2.476867977175091085e+01 2.496215867343807204e+01 2.494416077483518990e+01 2.499451378653367684e+01 2.476350564257021247e+01 2.526067018469183267e+01 2.466498853234698174e+01 2.972966039269199356e+01 1.917023807230397736e+01 3.969741544909847164e+01 2.030072061471374667e+01 1.046789158048700985e+00 6.382380827778038057e-01 6.799999999999999822e+00 5.799999999999999822e+00 1.449999999999999956e+00
1.138312226460103815e+01 1.108705420331889613e+01 1.145499604729308452e+01 1.116438892889755152e+01 1.117797091927070241e+01 1.115056533296765551e+01 1.099022655132227833e+01 1.110074229327248219e+01 1.099921617593743584e+01 1.111556417270372066e+01 1.109609075707215631e+01 1.099709844264778624e+01 1.603902032181422044e+01 2.494931892161895348e+01 2.464779660558690111e+01 2.512976546732330618e+01 2.480061548857306519e+01 2.508365707253027921e+01 2.478282071252504082e+01 2.513904826025578032e+01 2.470799583932297949e+01 2.973415089880860407e+01 1.906134797860736185e+01 3.976633642217067433e+01 2.018484068784500352e+01 1.201786165177553212e+00 4.423028006209088758e-01 6.799999999999999822e+00 5.799999999999999822e+00 1.449999999999999956e+00
1.114441022558727745e+01 1.141596677400313808e+01 1.131838619431425208e+01 1.130221376037473924e+01 1.122653600714947153e+01 1.069772250764118304e+01 1.118089995035805018e+01 1.089562274964717048e+01 1.098913566845027567e+01 1.115080061258296062e+01 1.119678204300872260e+01 1.100773184804080529e+01 1.597251722754428194e+01 2.462445807478345472e+01 2.494973073878822589e+01 2.481723332938332049e+01 2.494620001889814276e+01 2.501190322952324863e+01 2.482298443885068906e+01 2.507342699339325520e+01 2.479719720052110077e+01 2.931445870976223489e+01 1.919770643996093895e+01 3.983741308299931205e+01 2.013553382779903345e+01 1.114349575613017285e+00 8.359272365823879891e-01 6.799999999999999822e+00 5.799999999999999822e+00 1.449999999999999956e+00
1.126472557661038643e+01 1.104309451358400906e+01 1.131768638342052746e+01 1.122770440260365277e+01 1.113259065880426313e+01 1.128246285609118083e+01 1.109962428921049060e+01 1.104492890120899240e+01 1.109750634791546631e+01 1.088536661125361071e+01 1.078418996158779919e+01 1.079412691308140282e+01 1.607359694373937486e+01 2.460184060385247662e+01 2.497835393230447565e+01 2.482833238524156272e+01 2.503547960977488529e+01 2.488555849286271382e+01 2.484828501120686894e+01 2.506235881627150164e+01 2.491806254808045651e+01 2.928395282096093055e+01 1.886340612564343289e+01 4.000011829295831944e+01 1.995960278320336556e+01 1.172412170134030207e+00 1.774919550313479144e+00 6.799999999999999822e+00 5.799999999999999822e+00 1.449999999999999956e+00
1.124150900799081754e+01 1.108598165376098521e+01 1.126993267057186365e+01 1.142558392256987432e+01 1.119948864247533571e+01 1.124968965043235336e+01 1.102250368107968015e+01 1.116475481530087066e+01 1.100646889467657275e+01 1.114829483702949275e+01 1.089108670571041770e+01 1.094236652109295527e+01 1.619085222323680640e+01 2.455791225534368394e+01 2.514507761182296974e+01 2.476051685067369945e+01 2.503689746007038153e+01 2.500075912961294833e+01 2.474657123910655443e+01 2.521953180228198121e+01 2.476779707979029155e+01 2.931067306066663036e+01 1.904741231005424851e+01 3.991000843722984825e+01 2.013601981991192602e+01 1.243896347420726745e+00 9.306864636813109160e-01 6.799999999999999822e+00 5.799999999999999822e+00 1.449999999999999956e+00
1.151797031477269329e+01 1.106966995838449996e+01 1.144833167863506951e+01 1.124232302959212682e+01 1.118421596043006261e+01 1.137151260679444498e+01 1.101085478182433874e+01 1.107960383654208947e+01 1.137362489541145649e+01 1.105259903400078692e+01 1.096325203689249861e+01 1.119618828152608181e+01 1.614345024250687644e+01 2.463700781581803412e+01 2.494278984652837394e+01 2.494390690503470509e+01 2.483841175330862683e+01 2.509315961902237646e+01 2.471267593764769543e+01 2.522875331971339818e+01 2.470841488132517583e+01 2.980215140793791306e+01 1.900949173066766917e+01 3.976286349055107650e+01 2.024465582940155883e+01 1.164911337733386620e+00 3.544509799397941308e-01 6.799999999999999822e+00 5.799999999999999822e+00 1.449999999999999956e+00
1.125087996533302181e+01 1.127221208772968808e+01 1.131220832042346380e+01 1.139151496367865768e+01 1.104114815080411383e+01 1.108027462237082261e+01 1.103237631304647337e+01 1.103849500100322523e+01 1.117280382180560672e+01 1.088307846123760925e+01 1.101047480332388240e+01 1.094258864078833149e+01 1.620371138455332272e+01 2.475808550687522569e+01 2.504105658125101286e+01 2.478396300252374829e+01 2.503919975747765392e+01 2.489623734516165499e+01 2.493505868794364133e+01 2.506934867061827177e+01 2.480692652879314863e+01 2.936606712577993505e+01 1.912304005966742437e+01 3.981373452709964766e+01 2.022489246242797378e+01 1.089164040535017364e+00 1.126209548116245962e+00 6.799999999999999822e+00 5.799999999999999822e+00 1.449999999999999956e+00
1.140748214307845210e+01 1.124254310265308909e+01 1.129089588583408776e+01 1.134474774033166433e+01 1.112168154443956070e+01 1.093774745992666553e+01 1.124528777641753052e+01 1.108579727066403819e+01 1.107965148314563564e+01 1.109314023082825607e+01 1.073294624541553688e+01 1.081568671980344121e+01 1.621470063011133078e+01 2.484397388474892310e+01 2.475322141436008749e+01 2.499417416668151759e+01 2.498050563436949645e+01 2.488368489178259324e+01 2.482835334206104605e+01 2.514506530534295692e+01 2.478619534263581770e+01 2.946977659780923986e+01 1.895710956738571795e+01 3.983800514050400920e+01 2.002563684118328169e+01 1.177539207247540132e+00 7.766399735379152514e-01 6.799999999999999822e+00 5.799999999999999822e+00 1.449999999999999956e+00
1.114392910800321168e+01 1.138223235624040974e+01 1.128645639480408569e+01 1.124177243086945843e+01 1.101017672853940077e+01 1.116351846984269081e+01 1.112217972015023015e+01 1.126544245884807260e+01 1.141688858843583709e+01 1.106289177469536078e+01 1.103141968712105125e+01 1.107239865170434712e+01 1.580375671797433590e+01 2.486449818280347657e+01 2.475711547772071341e+01 2.510122736427003787e+01 2.473050516373665531e+01 2.512132800661451526e+01 2.473915458324604089e+01 2.528204292332845782e+01 2.463159395035866339e+01 2.953036980534543332e+01 1.940147409764560038e+01 3.958109296099209473e+01 2.035997020653287493e+01 9.951121112456151607e-01 7.471514853187469773e-01 6.799999999999999822e+00 5.799999999999999822e+00 1.449999999999999956e+00
1.139799044708247777e+01 1.108997301797979773e+01 1.148119448026924339e+01 1.109691690788947582e+01 1.102747514225188041e+01 1.080808165733777493e+01 1.099866215585294249e+01 1.125614692216413992e+01 1.110006899090205579e+01 1.107093315670818789e+01 1.093133706965780938e+01 1.103336118789262699e+01 1.616006033954717580e+01 2.462699082192924038e+01 2.494683386071850961e+01 2.489929588464972454e+01 2.491928684841526476e+01 2.500563729737046970e+01 2.473783685725629056e+01 2.519381577675582307e+01 2.475030224856424965e+01 2.969929792370281518e+01 1.912499943898278687e+01 3.979808128904412001e+01 2.010323311344914998e+01 1.230906820125436729e+00 6.223432606775620712e-01 6.799999999999999822e+00 5.799999999999999822e+00 1.449999999999999956e+00
1.121120572602953658e+01 1.138896697285668580e+01 1.130495301698989685e+01 1.124486767293126199e+01 1.113797487684578691e+01 1.108769099816908010e+01 1.115700764242126830e+01 1.117078628853214362e+01 1.107231238331983292e+01 1.097952373272013382e+01 1.086375371478976071e+01 1.097796392899978990e+01 1.586654978245862146e+01 2.460811246973338484e+01 2.496440386669159039e+01 2.486743038285684193e+01 2.494146548544088304e+01 2.498290353331402258e+01 2.482227244319092208e+01 2.518574526413458159e+01 2.471935823577430114e+01 2.962785906147518844e+01 1.897146240286543417e+01 3.985615847077027496e+01 2.014689763759402297e+01 1.195339378338899028e+00 7.232599131066004272e-01 6.799999999999999822e+00 5.799999999999999822e+00 1.449999999999999956e+00
1.158310784439407470e+01 1.087338453754839662e+01 1.151223231791368384e+01 1.119164758399799275e+01 1.128175529025632251e+01 1.104515464990055484e+01 1.131460423187090925e+01 1.093108133453117681e+01 1.113748706978921277e+01 1.106741358376910256e+01 1.118625381968161570e+01 1.097928060217123125e+01 1.586303611750570219e+01 2.477285660180066884e+01 2.501258664378146435e+01 2.473615365232391738e+01 2.511977038298346443e+01 2.489201849788971188e+01 2.481699879284754218e+01 2.522965426736151073e+01 2.462740830612739984e+01 2.980593101830458380e+01 1.915186023678151628e+01 3.975244364642913553e+01 2.017513621256665957e+01 1.218974191638485749e+00 3.915438097545024254e-01 6.799999999999999822e+00 5.799999999999999822e+00 1.449999999999999956e+00
1.116761345397491212e+01 1.125787590444262953e+01 1.132016136650816840e+01 1.123841926848426276e+01 1.109463678959590460e+01 1.113651756459557696e+01 1.124565455128433911e+01 1.111828624386821041e+01 1.103110960218934267e+01 1.125159775881914648e+01 1.081038204138066661e+01 1.105064581825090997e+01 1.632791267197180929e+01 2.464316189591976780e+01 2.500704859863665064e+01 2.485898595002906930e+01 2.500238133876833757e+01 2.495352943613002950e+01 2.482992027101927235e+01 2.514337251291742703e+01 2.477397431282713214e+01 2.943547517078254572e+01 1.900487198110394615e+01 3.985461552214176351e+01 2.019610732524109054e+01 1.111771861275041129e+00 6.805021463557104910e-01 6.799999999999999822e+00 5.799999999999999822e+00 1.449999999999999956e+00
1.159208819148279090e+01 1.139974531950414871e+01 1.129198818425162010e+01 1.125625720045530542e+01 1.101745691954312711e+01 1.104757934178056367e+01 1.099373985702507994e+01 1.095979361584153544e+01 1.092311973429143812e+01 1.090024411951819516e+01 1.100730657149014391e+01 1.090294081927147829e+01 1.588000240647231642e+01 2.486651859911574292e+01 2.483483883962378158e+01 2.490269282875438961e+01 2.500996509925063194e+01 2.484496220495473651e+01 2.496579190139215498e+01 2.492569128161844105e+01 2.502543695533550405e+01 2.922508819958146020e+01 1.893258562414089852e+01 3.998421218248697073e+01 2.006748889450155815e+01 1.198046404619463212e+00 8.461882904708348807e-01 6.799999999999999822e+00 5.799999999999999822e+00 1.449999999999999956e+00
1.162068178894187120e+01 1.126382688691840350e+01 1.131527243221566614e+01 1.118654048166402859e+01 1.140215235730285848e+01 1.089643740848346276e+01 1.116145985066021495e+01 1.108390182622014564e+01 1.127604968766001825e+01 1.140178985333547068e+01 1.088546219418026872e+01 1.103063663700413422e+01 1.593854835681764470e+01 2.466670245567586051e+01 2.496980688922681679e+01 2.493536541969658415e+01 2.491641203643860791e+01 2.504762158474035871e+01 2.475048338286232052e+01 2.516413962178004837e+01 2.477883443659874985e+01 2.954484250106369103e+01 1.907904194804790876e+01 3.985095148089670403e+01 2.015645204735595541e+01 1.045661632586891709e+00 1.201755751350920276e+00 6.799999999999999822e+00 5.799999999999999822e+00 1.449999999999999956e+00
1.136408793903683012e+01 1.123546333517826490e+01 1.129012927112103881e+01 1.120547381273476262e+01 1.104627949416214072e+01 1.113498431797852994e+01 1.124447650590458991e+01 1.133627338862532419e+01 1.111622736786905108e+01 1.115496160068067510e+01 1.127731608255664142e+01 1.109793010313930850e+01 1.615185727010231886e+01 2.475029101630194717e+01 2.492120197819840399e+01 2.486602770195667489e+01 2.506319784832625785e+01 2.492080487802303779e+01 2.472984256316733109e+01 2.520072462679245362e+01 2.477181262851803467e+01 2.933267186163904938e+01 1.933339390692729154e+01 3.973598371187694767e+01 2.023043769098935840e+01 1.075023598202903496e+00 1.035926369911587708e+00 6.799999999999999822e+00 5.799999999999999822e+00 1.449999999999999956e+00
1.136827688143603510e+01 1.118576544130496053e+01 1.149640567622197551e+01 1.110461746598190835e+01 1.113944853561167392e+01 1.117392431972337619e+01 1.127686699811768456e+01 1.121059068663106117e+01 1.094063200686045079e+01 1.135912420602480566e+01 1.094873025434429259e+01 1.117790782565012542e+01 1.609946158062615496e+01 2.470806877695816794e+01 2.480559542766847869e+01 2.504437745465725129e+01 2.478691079859452984e+01 2.512868384144631406e+01 2.472262982185856117e+01 2.518236749846771261e+01 2.474957984295518187e+01 2.954993227991120008e+01 1.891732152517593590e+01 3.988076870765427628e+01 2.003128652877230209e+01 1.253403399483086877e+00 1.348698675748127185e+00 6.799999999999999822e+00 5.799999999999999822e+00 1.449999999999999956e+00
1.124911568787600480e+01 1.132784513900832657e+01 1.131672959442607507e+01 1.119730797907903685e+01 1.108934399980924290e+01 1.113250109329164239e+01 1.104742476530066497e+01 1.109463362006283305e+01 1.099165975266926587e+01 1.110471402917132444e+01 1.102939281139330774e+01 1.124976189004859961e+01 1.612076116380696789e+01 2.478978286795522834e+01 2.500168706695512455e+01 2.473436437433645452e+01 2.522778784244986383e+01 2.477210206913091994e+01 2.491809475860425493e+01 2.501832406610864368e+01 2.488251702100606977e+01 2.924887339352019566e+01 1.913836558402570276e+01 3.992060687168695665e+01 2.003346835360470024e+01 1.207631057937481822e+00 7.222120496659230060e-01 6.799999999999999822e+00 5.799999999999999822e+00 1.449999999999999956e+00
1.142564459191332205e+01 1.112270836063169099e+01 1.132112094783818357e+01 1.125546222172044963e+01 1.089239743626573365e+01 1.132681526930414329e+01 1.111741875863518381e+01 1.117114657908943620e+01 1.111634896444723175e+01 1.109840332836903620e+01 1.103844509479180047e+01 1.107583938310685845e+01 1.589610775199662740e+01 2.490597130479336130e+01 2.464919424521922409e+01 2.513957417922200221e+01 2.481474532776599773e+01 2.502447659461632412e+01 2.487958747003192883e+01 2.501642046917397266e+01 2.487990058556954054e+01 2.920224296062168889e+01 1.929653431886977444e+01 3.980693047249197747e+01 2.023271975901419495e+01 1.138435466025328413e+00 4.183941896884212919e-01 6.799999999999999822e+00 5.799999999999999822e+00 1.449999999999999956e+00
1.144519618850303821e+01 1.131010006024441417e+01 1.127763861940792367e+01 1.133815806165736007e+01 1.099858036009067419e+01 1.086608052266946700e+01 1.129933523085327529e+01 1.116478382827055427e+01 1.116813133892814847e+01 1.114450081166380180e+01 1.109383973900128062e+01 1.125818414902690101e+01 1.590293169529193307e+01 2.502881221831347247e+01 2.456041042565216870e+01 2.521300842489375427e+01 2.470977109580114828e+01 2.511874406175718022e+01 2.482071832171796189e+01 2.509789884565621065e+01 2.478247195794941504e+01 2.934880243227393848e+01 1.921306676373614408e+01 3.978081310566077633e+01 2.014678308138085328e+01 1.125173929244703386e+00 4.607093694273510232e-01 6.799999999999999822e+00 5.799999999999999822e+00 1.449999999999999956e+00
1.167741735943144654e+01 1.124838724318969518e+01 1.136954839018848595e+01 1.129048119322609800e+01 1.107826518906240842e+01 1.121891698753424649e+01 1.118179415939275323e+01 1.105362198669933349e+01 1.096263711064054114e+01 1.107136257556756753e+01 1.107068373738703215e+01 1.101642975642338840e+01 1.603078606261214745e+01 2.462538846346339838e+01 2.494281038963904606e+01 2.487059282565036966e+01 2.495489347936459978e+01 2.500355847849118263e+01 2.475771881325501411e+01 2.514829083201611581e+01 2.478837638235021146e+01 2.950874923768077096e+01 1.906395515396675222e+01 3.979562116226009749e+01 2.021120319013166622e+01 1.024235055835631014e+00 1.124970097303348515e+00 6.799999999999999822e+00 5.799999999999999822e+00 1.449999999999999956e+00
1.134815431211962533e+01 1.143554877669260961e+01 1.114152118294520477e+01 1.129260419800426085e+01 1.115751844314902996e+01 1.115283763857957133e+01 1.115319003842160939e+01 1.109147488067166520e+01 1.115542530827177714e+01 1.106568724458214881e+01 1.083235639037715892e+01 1.104263830843876804e+01 1.574189134464576334e+01 2.481140074274279073e+01 2.485882552461218609e+01 2.488166967199997259e+01 2.503733372460553852e+01 2.494369376648305447e+01 2.475364838441850068e+01 2.520673726596961117e+01 2.467086943093369911e+01 3.007371104863654310e+01 1.882727385015495614e+01 3.988125608319430881e+01 2.023553351672356015e+01 1.139393170491437068e+00 6.147760863535415288e-01 6.799999999999999822e+00 5.799999999999999822e+00 1.449999999999999956e+00
1.128998260278960153e+01 1.126297781368338669e+01 1.126705802301299464e+01 1.134383297763320542e+01 1.113817956102861473e+01 1.103071978617303017e+01 1.095899400733691209e+01 1.136656595190958541e+01 1.102941146461709465e+01 1.110841936358853488e+01 1.104820325587776253e+01 1.112029232993613803e+01 1.579832390316970958e+01 2.476272379833649140e+01 2.483224138610465914e+01 2.506791634653858480e+01 2.476802370599732939e+01 2.513844004790515996e+01 2.472851185916517380e+01 2.515220394187261732e+01 2.481725203213573749e+01 2.954806230581614557e+01 1.861783990774415187e+01 4.001800903434465795e+01 2.019789209386665974e+01 1.090953748114163124e+00 6.222867685680877337e-01 6.799999999999999822e+00 5.799999999999999822e+00 1.449999999999999956e+00
1.125199236520424684e+01 1.114763498094369787e+01 1.142977578902292990e+01 1.122678031713565794e+01 1.104581761611247614e+01 1.084688248016649403e+01 1.101451507973309418e+01 1.123645453633205982e+01 1.123129638056922985e+01 1.088572309358900547e+01 1.106511628375573508e+01 1.104054220143383880e+01 1.613044239912781919e+01 2.461552143924413016e+01 2.505778227678659675e+01 2.478504885867425855e+01 2.500333824794995863e+01 2.493918351606646056e+01 2.486270334065989118e+01 2.514150008823152760e+01 2.474532543742743940e+01 2.954010291972925017e+01 1.908536382753955607e+01 3.980493314980508757e+01 2.032481489357016713e+01 9.942281332561714313e-01 8.866893979300214390e-01 6.799999999999999822e+00 5.799999999999999822e+00 1.449999999999999956e+00
1.128539869872211732e+01 1.140338181101204640e+01 1.113255481451492557e+01 1.133166350991402815e+01 1.082153358940393417e+01 1.128011761465110574e+01 1.101418484748758964e+01 1.102335907470967591e+01 1.092971457117554124e+01 1.115170496458713778e+01 1.100971634284399947e+01 1.118496887498649883e+01 1.628650312540764844e+01 2.470180872796933258e+01 2.487854496664826343e+01 2.501714938422773926e+01 2.474465567534857158e+01 2.521219308672345605e+01 2.466707850780079525e+01 2.528603718551974922e+01 2.468073406206499598e+01 2.964170805321198543e+01 1.899256651924548578e+01 3.976360427032523148e+01 2.025196831265587250e+01 1.009532013206310364e+00 8.084002777406624762e-01 6.799999999999999822e+00 5.799999999999999822e+00 1.449999999999999956e+00
1.150489857247050907e+01 1.118367987807679320e+01 1.125026805156167953e+01 1.129513318710039549e+01 1.121702234082435012e+01 1.082119505150055616e+01 1.103839624653692120e+01 1.099305081016186492e+01 1.080564677487548586e+01 1.134523871567731312e+01 1.094485476050847517e+01 1.115826343959260214e+01 1.612947543500555980e+01 2.464591466714303536e+01 2.489480699298073674e+01 2.494869206687575058e+01 2.498729719923606396e+01 2.496415459499906575e+01 2.469971962706507540e+01 2.521379931280648279e+01 2.480338380016154787e+01 2.933746675464205467e+01 1.917723103748495461e+01 3.979628910448709433e+01 1.998643857804998447e+01 1.193157243710883275e+00 5.541986132619584060e-01 6.799999999999999822e+00 5.799999999999999822e+00 1.449999999999999956e+00
1.144008588697285767e+01 1.126089518565249925e+01 1.141769863393359863e+01 1.123221893517255410e+01 1.115225002198479309e+01 1.145950144537930804e+01 1.101147484934475429e+01 1.092713106504287346e+01 1.087936223711519546e+01 1.079590541789705860e+01 1.117320538270916153e+01 1.113872621806464913e+01 1.583558149701384998e+01 2.464167706108361955e+01 2.494494379584586241e+01 2.483293408532543012e+01 2.499725208570382762e+01 2.497526142877850219e+01 2.477386814569445406e+01 2.520363115164830958e+01 2.473952544140794529e+01 2.948987352020420616e+01 1.922683546356459772e+01 3.974968801552433462e+01 2.021334280456475341e+01 1.096645904131225313e+00 5.873347628767269235e-01 6.799999999999999822e+00 5.799999999999999822e+00 1.449999999999999956e+00
1.132538803288313112e+01 1.125278833496026287e+01 1.138952154615257406e+01 1.132539618106649293e+01 1.104317113440018794e+01 1.096703914726056972e+01 1.081773536335376917e+01 1.138744175885339871e+01 1.105805210367559788e+01 1.114940626651539546e+01 1.095377355937725206e+01 1.090694957152676281e+01 1.598735942872565197e+01 2.477768497180233709e+01 2.478669494178182831e+01 2.507261185873700171e+01 2.487162951637430197e+01 2.504227173499792869e+01 2.475596286843148164e+01 2.519348420155102986e+01 2.476590068729172600e+01 2.943104235362684662e+01 1.910012039569707198e+01 3.983291264967348866e+01 2.025256310974997120e+01 1.102905063603441205e+00 3.643582992666229425e-01 6.799999999999999822e+00 5.799999999999999822e+00 1.449999999999999956e+00
1.128055654080814207e+01 1.117216672839317759e+01 1.133285153288594849e+01 1.125408195173131176e+01 1.114136347002552618e+01 1.104867155457273853e+01 1.082757888503435595e+01 1.105738878073325004e+01 1.133572180880998026e+01 1.122612994846328327e+01 1.099274830397707170e+01 1.106543314277363699e+01 1.620436294021452994e+01 2.463816302792752921e+01 2.511689781055595816e+01 2.459529896857042885e+01 2.533749647388845005e+01 2.473262917859575793e+01 2.494229887178019567e+01 2.512115598156032092e+01 2.473126957909827794e+01 2.973713420970580046e+01 1.901129217013723860e+01 3.982983836617830775e+01 2.017938717972281282e+01 1.012831299456012468e+00 8.296366041574683159e-01 6.799999999999999822e+00 5.799999999999999822e+00 1.449999999999999956e+00
1.161924367046982454e+01 1.131036109030722514e+01 1.130415565329404082e+01 1.125897762217809017e+01 1.125659793267090159e+01 1.108360712946749160e+01 1.095581069804944718e+01 1.081125805763439196e+01 1.093643551832295913e+01 1.102170749660360016e+01 1.092821644074805043e+01 1.100746782276043234e+01 1.641894365259152977e+01 2.476236233453034785e+01 2.493870324786690418e+01 2.486750946589955902e+01 2.499613918428063641e+01 2.498308706506195875e+01 2.484151704953898587e+01 2.512023920398252486e+01 2.476077318650517967e+01 2.975692810656982346e+01 1.923718067683557464e+01 3.975450395724449493e+01 2.025040510959117057e+01 8.938072253321966976e-01 5.563917680463112969e-01 6.799999999999999822e+00 5.799999999999999822e+00 1.449999999999999956e+00
1.123031141899044627e+01 1.130128802098719376e+01 1.133949929734293427e+01 1.127193765652202728e+01 1.054784365186871042e+01 1.112117839816499831e+01 1.110311817208815377e+01 1.102564387846087612e+01 1.106648881276118068e+01 1.113230336882817362e+01 1.094520757300945668e+01 1.099414934058161464e+01 1.594153689893409265e+01 2.484613743467881974e+01 2.463886007302616221e+01 2.519093550545861859e+01 2.467895104058085209e+01 2.517541269574885021e+01 2.473793730671329172e+01 2.512341015309833736e+01 2.478523599726949911e+01 2.951926802077034750e+01 1.899214934471037353e+01 3.986548723933871230e+01 2.015687698792952531e+01 1.145519935810501932e+00 4.237792111691058294e-01 6.799999999999999822e+00 5.799999999999999822e+00 1.449999999999999956e+00
1.141235857965564193e+01 1.123960734586564136e+01 1.138477892857890872e+01 1.125689805209236738e+01 1.094598102916657645e+01 1.119441245933647444e+01 1.112293180466101461e+01 1.122324558116572391e+01 1.093503146833121953e+01 1.100070919144405579e+01 1.095144688201931515e+01 1.115444256533151979e+01 1.598014422543930735e+01 2.485191603605974819e+01 2.483282703715933692e+01 2.494612448028495777e+01 2.499802011470457686e+01 2.494182975128286017e+01 2.487358454245002548e+01 2.508555259762755085e+01 2.481222500793184693e+01 2.954834122519633510e+01 1.885125443935544709e+01 3.989568519050658324e+01 2.025598895728484194e+01 1.009748278712036207e+00 1.040562205645790161e+00 6.799999999999999822e+00 5.799999999999999822e+00 1.449999999999999956e+00
1.128117293181991343e+01 1.114693380279968871e+01 1.136325267640784276e+01 1.128559874981986866e+01 1.112443054546873711e+01 1.095635090134371659e+01 1.112271529045887775e+01 1.126367385527858822e+01 1.125962652182762191e+01 1.139513474058357367e+01 1.106670978806314487e+01 1.091511715089665202e+01 1.590664421535924511e+01 2.486052270606155545e+01 2.486005252781945885e+01 2.497454834248397404e+01 2.493028648531873159e+01 2.495647823698841350e+01 2.485920744466296739e+01 2.506981296297830397e+01 2.477764792166673047e+01 2.982719092024236218e+01 1.878594610446218027e+01 3.990778198709564606e+01 2.008806867617745340e+01 1.311868108000453503e+00 6.058411350052502753e-01 6.799999999999999822e+00 5.799999999999999822e+00 1.449999999999999956e+00
1.165956983978578343e+01 1.122271196076369648e+01 1.136110102996468996e+01 1.128006261635679408e+01 1.082068860129859722e+01 1.059336656541263899e+01 1.107423221748595843e+01 1.118255540580233465e+01 1.098966346869886834e+01 1.098346972721988379e+01 1.083087068285212418e+01 1.075062798221521376e+01 1.601493942061070896e+01 2.463867809116527496e+01 2.503268703237664994e+01 2.476089459100108314e+01 2.515261522089915047e+01 2.480941753634094482e+01 2.489815008003312968e+01 2.517348377327617825e+01 2.465022478075868406e+01 2.998353752973900654e+01 1.895173967972668549e+01 3.971794423205101054e+01 2.024124750881115986e+01 1.085635015116271695e+00 8.665815356694054339e-01 6.799999999999999822e+00 5.799999999999999822e+00 1.449999999999999956e+00
1.141868732765683347e+01 1.114986747633305697e+01 1.130961586781536354e+01 1.133545434288593334e+01 1.103558786726520324e+01 1.114346761432149080e+01 1.104227881023236968e+01 1.084869417401742631e+01 1.104605296072356246e+01 1.109768716680514622e+01 1.102146862326307186e+01 1.105760251383115822e+01 1.627673134181257808e+01 2.467764697476563285e+01 2.498108875110648697e+01 2.486215943238266135e+01 2.505115978595401671e+01 2.482062913725449960e+01 2.496988199357785732e+01 2.506040971481949242e+01 2.484572829801532379e+01 2.949934751378613740e+01 1.908791215298584376e+01 3.983778055507246307e+01 2.018156871829479471e+01 1.150227721836928341e+00 4.277559127584610321e-01 6.799999999999999822e+00 5.799999999999999822e+00 1.449999999999999956e+00
1.115229290050890221e+01 1.135584613616886074e+01 1.125574397869253396e+01 1.131372329739661353e+01 1.124520635172673444e+01 1.110791578597581086e+01 1.101712464001882630e+01 1.134498870910034896e+01 1.112698809120521659e+01 1.113111684449257943e+01 1.110617887421754268e+01 1.098291954652704661e+01 1.596851162990229511e+01 2.485073839000412477e+01 2.472417929219803767e+01 2.504109930413879326e+01 2.488228814571940717e+01 2.500354206069851415e+01 2.477650892889067435e+01 2.510992874760384908e+01 2.484189772709664723e+01 2.951443646870025361e+01 1.897146409956288693e+01 3.988191082339129423e+01 2.003275655407206912e+01 1.313950836934657529e+00 9.985968733429605448e-01 6.799999999999999822e+00 5.799999999999999822e+00 1.449999999999999956e+00
1.142786657739136480e+01 1.133679279475949997e+01 1.135189400465584519e+01 1.120799170781772247e+01 1.119052434163941712e+01 1.118484045720351361e+01 1.131773219476611736e+01 1.105261506490185752e+01 1.091873390191095439e+01 1.110678306853232478e+01 1.092373799819526070e+01 1.101366954637073903e+01 1.596869211408639089e+01 2.467670565646879055e+01 2.485136144919321666e+01 2.499452382035914511e+01 2.473694687459054720e+01 2.510656090731178836e+01 2.473613539136449191e+01 2.517203837356910157e+01 2.482787115411789358e+01 2.929881353142741318e+01 1.889375238891197384e+01 3.991260493228790551e+01 2.014567569597898000e+01 1.152346732792615791e+00 1.126328586974812751e+00 6.799999999999999822e+00 5.799999999999999822e+00 1.449999999999999956e+00
1.160720462479937254e+01 1.135820101646050162e+01 1.125869522457264438e+01 1.116635263116090648e+01 1.081982005583778950e+01 1.105713965723297143e+01 1.098260580266006059e+01 1.108598299757453454e+01 1.138694243593130118e+01 1.099304804857273155e+01 1.140744272877985033e+01 1.143142660453017356e+01 1.605188205506097887e+01 2.471854955361279593e+01 2.504958461277613679e+01 2.464672564359392481e+01 2.520794825091300950e+01 2.482698217773506499e+01 2.485108432181187155e+01 2.520331714783960919e+01 2.464042405105233513e+01 2.994524740440418498e+01 1.912048420369959700e+01 3.966916249580530263e+01 2.037751826596443649e+01 8.785372056666702623e-01 9.985908365636364525e-01 6.799999999999999822e+00 5.799999999999999822e+00 1.449999999999999956e+00
1.129380337355616604e+01 1.121200519355508263e+01 1.130500312505620819e+01 1.132964221952423145e+01 1.099485179248357447e+01 1.096240599634803381e+01 1.123534588407864554e+01 1.108532915492717841e+01 1.095276929219577511e+01 1.114418502628496910e+01 1.093431056343818142e+01 1.096977917931495661e+01 1.600857226029117086e+01 2.471121053768328224e+01 2.490442568634748355e+01 2.490995599485062328e+01 2.493918482017602045e+01 2.505558201100941673e+01 2.472419161705254709e+01 2.519613645489610576e+01 2.471028524240115587e+01 2.982314596341247892e+01 1.891823482013301927e+01 3.976330711325567080e+01 2.031326293911770975e+01 9.369511942076452771e-01 8.488036983225900611e-01 6.799999999999999822e+00 5.799999999999999822e+00 1.449999999999999956e+00
1.133223608187104325e+01 1.122783303434711932e+01 1.131315710694208221e+01 1.131169486010067438e+01 1.072179015441600036e+01 1.123639388285948293e+01 1.098949359116407898e+01 1.111185094263146311e+01 1.088146561438866478e+01 1.105355474942071758e+01 1.100860991265514066e+01 1.101935761973124706e+01 1.625013423552270453e+01 2.465337265860707205e+01 2.503105312199048171e+01 2.479865591327480701e+01 2.504152201902094177e+01 2.494128812659743843e+01 2.483611501918908360e+01 2.506419111757127283e+01 2.487522977817742031e+01 2.940588216427370227e+01 1.907815280059549323e+01 3.981476741166949296e+01 2.015079897668930542e+01 1.072806608176579024e+00 9.306111468221096583e-01 6.799999999999999822e+00 5.799999999999999822e+00 1.449999999999999956e+00
1.123398408856821185e+01 1.137371061718413401e+01 1.124992025389121508e+01 1.131573840701316058e+01 1.097648111537701432e+01 1.115088020007362068e+01 1.123687739466016744e+01 1.133431968072581419e+01 1.101523858951139090e+01 1.074173314759382158e+01 1.096516378668953351e+01 1.089831868425647343e+01 1.606033190733615967e+01 2.467994227497599979e+01 2.494005091293605147e+01 2.493276654741029219e+01 2.495915233765147789e+01 2.496390027131470291e+01 2.488257148396077056e+01 2.499643031119728676e+01 2.489756274183600482e+01 2.939668457867594498e+01 1.903855189726708375e+01 3.980417331081287102e+01 2.020322504731881352e+01 1.010337315569556749e+00 9.628424225088317856e-01 6.799999999999999822e+00 5.799999999999999822e+00 1.449999999999999956e+00
1.152038205968282192e+01 1.134085070597808986e+01 1.130727542453204748e+01 1.135810058872365325e+01 1.104497336130445007e+01 1.117968325721451528e+01 1.102589793860886225e+01 1.116296091984960270e+01 1.096038198957095666e+01 1.088569723427595726e+01 1.101541005010916763e+01 1.107348911664214874e+01 1.591627666565408639e+01 2.495751778029018197e+01 2.464844182641957815e+01 2.513831939751982247e+01 2.482989306402625473e+01 2.499899825451688784e+01 2.492289733895901094e+01 2.501481771056193182e+01 2.484852575946226949e+01 2.956063944208446514e+01 1.920242347191761922e+01 3.978969156067543622e+01 2.027717663897471922e+01 1.045233909823918284e+00 4.002520246722601205e-01 6.799999999999999822e+00 5.799999999999999822e+00 1.449999999999999956e+00
1.145303739182037361e+01 1.108965535938190961e+01 1.146150273014023036e+01 1.125412410856849554e+01 1.092653145502790579e+01 1.099668340288349278e+01 1.102093182695783824e+01 1.120423642161998323e+01 1.101501826919203353e+01 1.123529782595503690e+01 1.097591901386195801e+01 1.098224398088745879e+01 1.611501359372991971e+01 2.478451341128333496e+01 2.487418055765066072e+01 2.502818850483664193e+01 2.486703615964956171e+01 2.508066828758282441e+01 2.473189922810401242e+01 2.512029733413135091e+01 2.487628999530625862e+01 2.926284219875931925e+01 1.904403205504351959e+01 3.996697089186154273e+01 1.994032598086350561e+01 1.374494012129335418e+00 5.055191321300833707e-01 6.799999999999999822e+00 5.799999999999999822e+00 1.449999999999999956e+00
1.132437389529761518e+01 1.103287965788224767e+01 1.139070181770538071e+01 1.134206901715225513e+01 1.077700807520664839e+01 1.103312942831754206e+01 1.077527467245170278e+01 1.095939868389920413e+01 1.116136333748792886e+01 1.122931345858732399e+01 1.116463097098760038e+01 1.105752922852177100e+01 1.607728721456888366e+01 2.504303189188443213e+01 2.469731750681104643e+01 2.512478852843966237e+01 2.479351010713140013e+01 2.504527935293270247e+01 2.481739362598840160e+01 2.512003257899277386e+01 2.476457654886975845e+01 2.964727655778162330e+01 1.881813597027046470e+01 3.992177024578258226e+01 2.003018445219993993e+01 1.160024114214303292e+00 7.870795832026085126e-01 6.799999999999999822e+00 5.799999999999999822e+00 1.449999999999999956e+00
1.139478810777423412e+01 1.125617754881054111e+01 1.148148586527075032e+01 1.117317197696464959e+01 1.103396191991608788e+01 1.119239699702909441e+01 1.094147400000813697e+01 1.099571501913030325e+01 1.121572956927557385e+01 1.098449231352430111e+01 1.097199218188364256e+01 1.100583717149103258e+01 1.586099935287580465e+01 2.497172890879626905e+01 2.467809452893703792e+01 2.506148380833867151e+01 2.500003670020504742e+01 2.488232808704858101e+01 2.485115602398413515e+01 2.511000704393372018e+01 2.479642431278632131e+01 2.952941588123409744e+01 1.914294488295261942e+01 3.980053129690693225e+01 2.015656912786550947e+01 1.072531375579626634e+00 2.362479116843831939e-01 6.799999999999999822e+00 5.799999999999999822e+00 1.449999999999999956e+00
1.132800350369402409e+01 1.114726448801043190e+01 1.140377514162734407e+01 1.132012949339676666e+01 1.126942106303403790e+01 1.112058026271066424e+01 1.148332223297772536e+01 1.103887635223427388e+01 1.099208068005057370e+01 1.104955481977175147e+01 1.106745350417393681e+01 1.099256443456792809e+01 1.601900511160691210e+01 2.478115905741031000e+01 2.478756454605926862e+01 2.496605397206619514e+01 2.498675185676239963e+01 2.491808338690833935e+01 2.488774105890177069e+01 2.511522646257499503e+01 2.474985618298576640e+01 2.948838656244783252e+01 1.893252644515979100e+01 3.986441630101334965e+01 2.014049636027474932e+01 1.184380622714038100e+00 4.280351763132323462e-01 6.799999999999999822e+00 5.799999999999999822e+00 1.449999999999999956e+00
1.139499837652518899e+01 1.107498070012042213e+01 1.144294665742411965e+01 1.122054833884294034e+01 1.106850532043747037e+01 1.113643447685814891e+01 1.101098221855068537e+01 1.103283738914401368e+01 1.091439452199858628e+01 1.096335740630677336e+01 1.112138541651227897e+01 1.092580192193295474e+01 1.588628399908096078e+01 2.472301357616400708e+01 2.495203636353559062e+01 2.490027842481245202e+01 2.489331475639935931e+01 2.499238338204644094e+01 2.484341252145853218e+01 2.510631299313715203e+01 2.480705011078577016e+01 2.963324739573128852e+01 1.902226569406131418e+01 3.980965173643570409e+01 2.024200890946653075e+01 1.126621141586098052e+00 9.191680118962427537e-01 6.799999999999999822e+00 5.799999999999999822e+00 1.449999999999999956e+00
1.171323288782552474e+01 1.116659265162858361e+01 1.126601084385882956e+01 1.135311943048267480e+01 1.099671715542523920e+01 1.111328449159453591e+01 1.105249707963576355e+01 1.118108199894300192e+01 1.106147222262424989e+01 1.106836417570268871e+01 1.098090654396242627e+01 1.127661820409761795e+01 1.577406068068907352e+01 2.468383694918117399e+01 2.492519655569032366e+01 2.488555008219253750e+01 2.496049029775947403e+01 2.497675559770844700e+01 2.475536020758990574e+01 2.522895780269946542e+01 2.470991214216026677e+01 2.968897873564030121e+01 1.903452888684937960e+01 3.976321612920563808e+01 2.027824026556867665e+01 9.878193544769158230e-01 7.173123459502551702e-01 6.799999999999999822e+00 5.799999999999999822e+00 1.449999999999999956e+00
1.099210782234857042e+01 1.136788097785287910e+01 1.136841709894798491e+01 1.131568077347021450e+01 1.119281387474188882e+01 1.096520707355420576e+01 1.100152416127762045e+01 1.127464641502437459e+01 1.111703446375713433e+01 1.125926655393617004e+01 1.102277625830535435e+01 1.099449334663583144e+01 1.606738748765036462e+01 2.488757888699464260e+01 2.479196495253289001e+01 2.496895295039831808e+01 2.496552715058850680e+01 2.494082934101452054e+01 2.478691874880702883e+01 2.520759742847436158e+01 2.475112378546281633e+01 2.947282782205630980e+01 1.902531284095017838e+01 3.987867505398740775e+01 2.009020792627910268e+01 1.225395898089473690e+00 1.243521762774289385e+00 6.799999999999999822e+00 5.799999999999999822e+00 1.449999999999999956e+00
1.137212412767813419e+01 1.128380013207074306e+01 1.132197008418190798e+01 1.117984822775217602e+01 1.106170442365328555e+01 1.099165695196596459e+01 1.108563581651943686e+01 1.111159667788821537e+01 1.109946290795768498e+01 1.086927494667161653e+01 1.087619095308434503e+01 1.101423820098558792e+01 1.603847446023865686e+01 2.481610743505373406e+01 2.471320736019817232e+01 2.510156767826736157e+01 2.477626844087021851e+01 2.511223201481637091e+01 2.471882207660921793e+01 2.521190301261607658e+01 2.476874268635024734e+01 2.944407614134033579e+01 1.897132528992913691e+01 3.993311988077786623e+01 2.018603011287932247e+01 1.238135678266008899e+00 7.656109697108184342e-01 6.799999999999999822e+00 5.799999999999999822e+00 1.449999999999999956e+00
1.157486200773375629e+01 1.129613590147977931e+01 1.133348866812260525e+01 1.128777155998728254e+01 1.091776641207038701e+01 1.116600314587660669e+01 1.116913262198327672e+01 1.094983070888024734e+01 1.094079921615137252e+01 1.099791262040520046e+01 1.104656919100503210e+01 1.100232581116968511e+01 1.615603343162604233e+01 2.464422438777371838e+01 2.496794868051671656e+01 2.478457298892406158e+01 2.507057103628121908e+01 2.482378504998467150e+01 2.498092274369579258e+01 2.502523965997395194e+01 2.482975091542980906e+01 2.933351849062253791e+01 1.930491341739300992e+01 3.979744780720574227e+01 2.025029617449159502e+01 1.014006995465762007e+00 8.156609917474387794e-01 6.799999999999999822e+00 5.799999999999999822e+00 1.449999999999999956e+00
1.135520514752212051e+01 1.128393235595614641e+01 1.135384069117191608e+01 1.111780754162534279e+01 1.107577727440291682e+01 1.108315207577440376e+01 1.124836639185035025e+01 1.126265560152689282e+01 1.089530737220084156e+01 1.112152207182636765e+01 1.105879572643510933e+01 1.095821059769584238e+01 1.610092325348917441e+01 2.455516004875007141e+01 2.497529502025657777e+01 2.480133988820645286e+01 2.506707360107590787e+01 2.484008107812284649e+01 2.493845999411001557e+01 2.497075474211270674e+01 2.495220022412545902e+01 2.925628204224563689e+01 1.902115203663464271e+01 3.984433847842062448e+01 2.015991298781528229e+01 1.055433508180817492e+00 3.695649678528366566e-01 6.799999999999999822e+00 5.799999999999999822e+00 1.449999999999999956e+00
1.158112609895382406e+01 1.116153198404697200e+01 1.128147917526726651e+01 1.127853108721883757e+01 1.090699439416720651e+01 1.085757618555455295e+01 1.131027556916055765e+01 1.101625164567313142e+01 1.113648398199475942e+01 1.106705166333248691e+01 1.114714434087788320e+01 1.099777405466021030e+01 1.635134703890172858e+01 2.471246131336194551e+01 2.483931078707167828e+01 2.497209702531489128e+01 2.493172234725018299e+01 2.501255786250317570e+01 2.476116688985354131e+01 2.519507142628268070e+01 2.476851430602070536e+01 2.941100876067445924e+01 1.903300931928480821e+01 3.979909046457912325e+01 2.026084972418318486e+01 1.001952364278415164e+00 9.450417284509510241e-01 6.799999999999999822e+00 5.799999999999999822e+00 1.449999999999999956e+00
1.146324727467234617e+01 1.121813796308780731e+01 1.141461041900045537e+01 1.113911844316953292e+01 1.093681677398723551e+01 1.112290210963981885e+01 1.108043830388700002e+01 1.104598007255355618e+01 1.063938324444815997e+01 1.103456731877407115e+01 1.094518253730134916e+01 1.100266212242485686e+01 1.609983977684454004e+01 2.459910340027542119e+01 2.497285835135155807e+01 2.483840306213385674e+01 2.500535754853515158e+01 2.493863793096881309e+01 2.488171157845008707e+01 2.509475082294570925e+01 2.481216136715744369e+01 2.939367044831696063e+01 1.902508557479362494e+01 3.987276902488964225e+01 2.011575338929527490e+01 1.235054489235738684e+00 4.591898513464587328e-01 6.799999999999999822e+00 5.799999999999999822e+00 1.449999999999999956e+00
1.132348382441178458e+01 1.115043131867101067e+01 1.151693572626878037e+01 1.111559750850453554e+01 1.101978736039900930e+01 1.075021437579009032e+01 1.113773306602170621e+01 1.123420875542094421e+01 1.093061744816201042e+01 1.101713481464267552e+01 1.112148594261061341e+01 1.108454988016831422e+01 1.616121035978377662e+01 2.466652744064804637e+01 2.498174462808028196e+01 2.482758500799090484e+01 2.500383723330315888e+01 2.501622007193552477e+01 2.469420133311027499e+01 2.523511966813344642e+01 2.469382875888207352e+01 2.942475245258347272e+01 1.941481610469448782e+01 3.977276756434770277e+01 2.012091276484150981e+01 1.216397428382625989e+00 5.676395381478072100e-01 6.799999999999999822e+00 5.799999999999999822e+00 1.449999999999999956e+00
1.153975356012688813e+01 1.112500987949957221e+01 1.154510246035252230e+01 1.119946744298758112e+01 1.105660629488451896e+01 1.089233132966037054e+01 1.101724163757544872e+01 1.120285933119833821e+01 1.120130336971481633e+01 1.102351191440713585e+01 1.095600304959740789e+01 1.109919417715006063e+01 1.585532110244240833e+01 2.483360373517605524e+01 2.475583034562139062e+01 2.499205250424950009e+01 2.484572713592936566e+01 2.504216787240951803e+01 2.484244802896407123e+01 2.509419196025218923e+01 2.478542605356023287e+01 2.929797337193010165e+01 1.917489748502384472e+01 3.993149030326001281e+01 2.018010229727388705e+01 1.081898248705585708e+00 1.026198242913041181e+00 6.799999999999999822e+00 5.799999999999999822e+00 1.449999999999999956e+00
1.147788738849500056e+01 1.125955863122443290e+01 1.125659346095711300e+01 1.132576286978700075e+01 1.078126930844926790e+01 1.080383191771861107e+01 1.133653929681767636e+01 1.109995702136863471e+01 1.099091562093934371e+01 1.116885446587150099e+01 1.110877741052315493e+01 1.118379402230979203e+01 1.631944310156477940e+01 2.475402616246413956e+01 2.487352318797823614e+01 2.503861460147599516e+01 2.478422123094615870e+01 2.508963655983162511e+01 2.477639262938532738e+01 2.514047746432522956e+01 2.478890414085564586e+01 2.931835887932892248e+01 1.919559167016911871e+01 3.978981446819705070e+01 2.009629991223228629e+01 1.228533271415147787e+00 -1.282778148083330017e-02 6.799999999999999822e+00 5.799999999999999822e+00 1.449999999999999956e+00
1.154868795627541544e+01 1.118262681405603054e+01 1.147914611278877928e+01 1.116493022755893350e+01 1.086014421747771053e+01 1.102542620844287136e+01 1.103177046534814032e+01 1.111535270226963945e+01 1.110545103557986657e+01 1.091255443805230207e+01 1.113296228132577248e+01 1.111355066577025497e+01 1.600506304518581402e+01 2.475214499794062561e+01 2.480788837066736008e+01 2.498047102299679523e+01 2.485426010419643816e+01 2.501722925917794527e+01 2.478038380798011886e+01 2.511712868375120067e+01 2.480532768150855105e+01 2.978559511504082735e+01 1.889301189840576711e+01 3.987906009043798861e+01 2.001485505085843286e+01 1.263040890696469631e+00 8.618117544288743659e-01 6.799999999999999822e+00 5.799999999999999822e+00 1.449999999999999956e+00
1.134482407686668104e+01 1.110453554964623279e+01 1.142096136359715075e+01 1.124335820795646157e+01 1.132939279386982889e+01 1.101918023122451018e+01 1.136249895095356521e+01 1.107999476309676723e+01 1.102250310331455374e+01 1.132461789593336654e+01 1.100728052564902626e+01 1.086077657278574371e+01 1.599542945181086573e+01 2.484650317353807125e+01 2.483034853568366174e+01 2.500545863016427006e+01 2.486745168565932573e+01 2.496187608469158192e+01 2.486487050717937208e+01 2.511768560470967415e+01 2.480581383682310914e+01 2.933194061057738722e+01 1.913054664293838414e+01 3.987699377510652710e+01 2.011836947117654972e+01 1.230330358687012904e+00 7.895590474276598103e-01 6.799999999999999822e+00 5.799999999999999822e+00 1.449999999999999956e+00
1.150241849671722782e+01 1.122269706842529935e+01 1.143458503147340366e+01 1.120745326626728655e+01 1.109953568248997513e+01 1.105356294360882963e+01 1.135106304502966879e+01 1.115075785319509016e+01 1.127117206654057036e+01 1.111210181231072092e+01 1.095408309531170055e+01 1.110950024597719299e+01 1.589010543835279066e+01 2.475627330783104441e+01 2.476605838570831963e+01 2.513956909889952485e+01 2.475479585100254099e+01 2.509323362353642395e+01 2.475162043984121851e+01 2.522044732600395989e+01 2.471617569256928348e+01 2.974920132939548623e+01 1.884917281222777063e+01 3.991927059914934262e+01 2.024180765538326199e+01 1.086997035157707403e+00 1.227778949635077277e+00 6.799999999999999822e+00 5.799999999999999822e+00 1.449999999999999956e+00
1.135207477117771191e+01 1.104756017368130472e+01 1.135210186927774423e+01 1.130621503690878349e+01 1.090021492707610840e+01 1.114061145360761174e+01 1.115953799693459558e+01 1.102538833796747397e+01 1.117033466108706818e+01 1.108092823113443082e+01 1.100203539539156949e+01 1.118838407968924464e+01 1.602073683714530006e+01 2.478797341139794241e+01 2.481449838561278654e+01 2.504078270153251395e+01 2.484251496877353205e+01 2.501740763789606703e+01 2.484483633327582197e+01 2.505826697100982869e+01 2.484506131848431565e+01 2.927173853265195547e+01 1.903679895010917278e+01 3.988157435488779612e+01 2.014996450155720353e+01 1.108507800288915268e+00 6.822993294950737697e-01 6.799999999999999822e+00 5.799999999999999822e+00 1.449999999999999956e+00
1.132846075245729800e+01 1.126467036964383972e+01 1.128921652279312227e+01 1.138556198309573020e+01 1.114513335101951164e+01 1.127465703049351831e+01 1.099079036966308465e+01 1.105026050593466991e+01 1.101657684466956333e+01 1.090894709771163029e+01 1.130893372639742367e+01 1.111617932536530517e+01 1.594501549582228783e+01 2.459247940714302061e+01 2.508290081716423003e+01 2.471709199262568291e+01 2.508316647013291600e+01 2.489342931725377639e+01 2.487909787765527270e+01 2.514734864644337264e+01 2.474888938805858984e+01 2.949937756926337684e+01 1.908327252238873939e+01 3.981970221837350010e+01 2.013105799007540853e+01 1.061991272212368553e+00 8.359868690338434494e-01 6.799999999999999822e+00 5.799999999999999822e+00 1.449999999999999956e+00
1.138210241879814433e+01 1.120137442747118506e+01 1.133265100074580722e+01 1.127347918864488108e+01 1.082126645297268475e+01 1.099492211430450794e+01 1.114057691252354765e+01 1.099604714601843902e+01 1.102075104994830212e+01 1.115386209949642193e+01 1.095542589012828039e+01 1.096286683838504139e+01 1.633699558650502937e+01 2.459653655353152146e+01 2.505251797036483907e+01 2.480040324479738345e+01 2.504234738588915121e+01 2.486328721784128959e+01 2.492503245759619901e+01 2.500325880562001046e+01 2.490207741114110718e+01 2.955496248421891181e+01 1.872552748424032742e+01 3.994744304126032119e+01 2.012077783209155513e+01 1.256783932803227311e+00 -1.009250383201513168e-01 6.799999999999999822e+00 5.799999999999999822e+00 1.449999999999999956e+00
1.149395379332974265e+01 1.125572388363146459e+01 1.135507051731766737e+01 1.112359548689208921e+01 1.093798893227831392e+01 1.134024063539876437e+01 1.114995087423309350e+01 1.090915537468368690e+01 1.106533539825780643e+01 1.122189565171646386e+01 1.100426938411402489e+01 1.097641678902271956e+01 1.610501817467669738e+01 2.464412414584455036e+01 2.500004504911822423e+01 2.480028020634096464e+01 2.506700834460482952e+01 2.485174326955043256e+01 2.490613500859238982e+01 2.502041159672572235e+01 2.489394502992707459e+01 2.933944836394739752e+01 1.886842022421599907e+01 3.993256111222417104e+01 2.003693871463403298e+01 1.296614441663542339e+00 4.779811666032004469e-01 6.799999999999999822e+00 5.799999999999999822e+00 1.449999999999999956e+00
1.136453878335635892e+01 1.123184163142773606e+01 1.126863970112566449e+01 1.117957093109688138e+01 1.077502910427777572e+01 1.113672894990638085e+01 1.132450452966413579e+01 1.102154772001474292e+01 1.093470742772620952e+01 1.080466692122337413e+01 1.101711406654041525e+01 1.078722806973791748e+01 1.612563811508509204e+01 2.474222358778634501e+01 2.493447889594426670e+01 2.486886064816956576e+01 2.495015429927592976e+01 2.502215312204958764e+01 2.478013629233275950e+01 2.521504752627175705e+01 2.467109902202707872e+01 2.975953719507814554e+01 1.913325783612311071e+01 3.972164783087564643e+01 2.028123090619056157e+01 1.013607241562068051e+00 8.886168495877150297e-01 6.799999999999999822e+00 5.799999999999999822e+00 1.449999999999999956e+00
1.177816389825240506e+01 1.127339983538163359e+01 1.124532164342947560e+01 1.135429651890536462e+01 1.101202419768733876e+01 1.104213956175204459e+01 1.106428365926001689e+01 1.110273142708039806e+01 1.104540098055558062e+01 1.097585803639436541e+01 1.093380154734685838e+01 1.090512862778423120e+01 1.611727166683346368e+01 2.471334709629911686e+01 2.486522165681592966e+01 2.495181205793006640e+01 2.490490490534250867e+01 2.506552190131815294e+01 2.471305960574883898e+01 2.523002908317731041e+01 2.476055008645127842e+01 2.964051168591890573e+01 1.901866911392962578e+01 3.978784714293708191e+01 2.014482297825136570e+01 1.133913845516901997e+00 8.920136140402646907e-01 6.799999999999999822e+00 5.799999999999999822e+00 1.449999999999999956e+00
1.113907607469785965e+01 1.110453041262613461e+01 1.123383271713030140e+01 1.130664115931728375e+01 1.111925597870675908e+01 1.136547250653611663e+01 1.109985728941522076e+01 1.092062772619699196e+01 1.104241161347005473e+01 1.091027991458169133e+01 1.106271156306691772e+01 1.111230870851015418e+01 1.608270427119774482e+01 2.462837049449208138e+01 2.504577920337769825e+01 2.477073162135132378e+01 2.504358574783597646e+01 2.493333661442467530e+01 2.483886919395426318e+01 2.513803033830879130e+01 2.472528934742809525e+01 2.961305437383310490e+01 1.935031376956781912e+01 3.964997697089563644e+01 2.032260375957487142e+01 9.658334357653292068e-01 5.853021364135740923e-01 6.799999999999999822e+00 5.799999999999999822e+00 1.449999999999999956e+00
1.140432551983885290e+01 1.118968989876525733e+01 1.135883215536540547e+01 1.132894569138264984e+01 1.090928215166653814e+01 1.103221249283239125e+01 1.102311674554959886e+01 1.109800002422894849e+01 1.112077615477989312e+01 1.105891597804774129e+01 1.108756329217532155e+01 1.116371829469261989e+01 1.600461512108088158e+01 2.476234587960896150e+01 2.486488756865740868e+01 2.497682211276515929e+01 2.487332125969475172e+01 2.501549086290693680e+01 2.481526429854243432e+01 2.513668371457658779e+01 2.470996343146187257e+01 2.971170825125970083e+01 1.914561036421673634e+01 3.977128979220810834e+01 2.017443007318313875e+01 1.063870821826265134e+00 6.172129627078872804e-01 6.799999999999999822e+00 5.799999999999999822e+00 1.449999999999999956e+00
1.126974774809798419e+01 1.127305524507739953e+01 1.135302623638492570e+01 1.122557397222716702e+01 1.090658351041611418e+01 1.112031004144568946e+01 1.106446828664422100e+01 1.118098654620076715e+01 1.115830907021446983e+01 1.127871175599356235e+01 1.104321200055657748e+01 1.094441774614977803e+01 1.586488035478608793e+01 2.478673700352747034e+01 2.485928360791497127e+01 2.499127754741548912e+01 2.482574314910411672e+01 2.507642238459978046e+01 2.484861570819514398e+01 2.510513065934623000e+01 2.480710182049148571e+01 2.929877356446977643e+01 1.923319182481793277e+01 3.984993746150311011e+01 2.024314852518871533e+01 9.816403500919674840e-01 7.818258214865634326e-01 6.799999999999999822e+00 5.799999999999999822e+00 1.449999999999999956e+00
1.144731607196501955e+01 1.132550049092447075e+01 1.138041053390792179e+01 1.122954352739790096e+01 1.111242884585546697e+01 1.118476077599564000e+01 1.120539580664904022e+01 1.127956818355063895e+01 1.100271977181875016e+01 1.128039330146465069e+01 1.094612797632413326e+01 1.121850828121959331e+01 1.603010033702059189e+01 2.487400880471814801e+01 2.477981782013634060e+01 2.495060725065943430e+01 2.499680268960238294e+01 2.495522728772408882e+01 2.481944566874224378e+01 2.516728638192740064e+01 2.472998879274829065e+01 2.947979786440779293e+01 1.915727320001287026e+01 3.979701057350749949e+01 2.027124430826183499e+01 1.081026405819443870e+00 7.212657309259781213e-01 6.799999999999999822e+00 5.799999999999999822e+00 1.449999999999999956e+00
1.129048341603039773e+01 1.122876693246964308e+01 1.134497572072716487e+01 1.119243803759759004e+01 1.131004187285397578e+01 1.112606722679248783e+01 1.121872342425537106e+01 1.102752558294963947e+01 1.083337486751428358e+01 1.091295267959233861e+01 1.099881022908359185e+01 1.089239184026139284e+01 1.614668450602212246e+01 2.461752895981837597e+01 2.502808173882944232e+01 2.485173098875022646e+01 2.503617707962604655e+01 2.480822630149691932e+01 2.502593678226725515e+01 2.489507311739339457e+01 2.501890924400301586e+01 2.909617770159939099e+01 1.880840234415034473e+01 3.996735555460196565e+01 2.014098573546526794e+01 1.142801073841376081e+00 6.731371148375802083e-01 6.799999999999999822e+00 5.799999999999999822e+00 1.449999999999999956e+00
1.129768151589181358e+01 1.121275634888078443e+01 1.135858881851053326e+01 1.131507641192933278e+01 1.119476077766575095e+01 1.082151834845118188e+01 1.116198329045466053e+01 1.113584966359889172e+01 1.105205192403299286e+01 1.104320951244311644e+01 1.109490402293320876e+01 1.088442704002327055e+01 1.604560176882960221e+01 2.457925235250616325e+01 2.515246538937021370e+01 2.462511887755078277e+01 2.530368349814510864e+01 2.469590376556357469e+01 2.502994850040657226e+01 2.497876139298379883e+01 2.487478162739454035e+01 2.943367647482037341e+01 1.875000323519068601e+01 3.992247533623663713e+01 2.029924312712544676e+01 1.024517914702147481e+00 8.628840261936461253e-01 6.799999999999999822e+00 5.799999999999999822e+00 1.449999999999999956e+00
1.164387988370858729e+01 1.124592800776500923e+01 1.144638400169297476e+01 1.112609534336561090e+01 1.108132227254355584e+01 1.105295436954778587e+01 1.115634146641840907e+01 1.125832496056206544e+01 1.094607189318864116e+01 1.104726693399630300e+01 1.108736688788969538e+01 1.118622170822210826e+01 1.614381994727303393e+01 2.473591546461542379e+01 2.487941644605125191e+01 2.500232346754345514e+01 2.495347692758788583e+01 2.498511701542728503e+01 2.478668582669228826e+01 2.510694875028008610e+01 2.486348536891804528e+01 2.946662774608985913e+01 1.897135038279101593e+01 3.988924505772556017e+01 2.016207454020559098e+01 1.087226809552014783e+00 1.014264726828848495e+00 6.799999999999999822e+00 5.799999999999999822e+00 1.449999999999999956e+00
1.166033250124654330e+01 1.123081571245861809e+01 1.131100573931634123e+01 1.134501689504651267e+01 1.120895448997102584e+01 1.093175892384749837e+01 1.115800518928715590e+01 1.085708533519484931e+01 1.087283791169067726e+01 1.101017674467980001e+01 1.113431164363090708e+01 1.105656188114157246e+01 1.586050607298518145e+01 2.492113454761778257e+01 2.479198938837953037e+01 2.490612009543021088e+01 2.505192580815301540e+01 2.489449479143725341e+01 2.487552725936078701e+01 2.509570326575561694e+01 2.485395593439294259e+01 2.960042844008361840e+01 1.854774706863855016e+01 4.020574135486902634e+01 2.007534588409987109e+01 1.271905962330154294e+00 9.103562965755751524e-01 6.799999999999999822e+00 5.799999999999999822e+00 1.449999999999999956e+00
1.139365688252923725e+01 1.097400738286378363e+01 1.134084033418249149e+01 1.130046719854340331e+01 1.122774379995876792e+01 1.110673804794150854e+01 1.133172735913815288e+01 1.089277860052775537e+01 1.069825533065314360e+01 1.097286849818183185e+01 1.120634090242644376e+01 1.112326665882440935e+01 1.586963711935577948e+01 2.467014591012503288e+01 2.508432452104169741e+01 2.474465195009175389e+01 2.509747537270473927e+01 2.489328612478754010e+01 2.487951403117543236e+01 2.512252987665653237e+01 2.476458704215638207e+01 2.936237933985400517e+01 1.911233068224396803e+01 3.983904054761742231e+01 2.007795145241682988e+01 1.081721312206642693e+00 1.007656918189436590e+00 6.799999999999999822e+00 5.799999999999999822e+00 1.449999999999999956e+00
1.106292954534460371e+01 1.129743601726314139e+01 1.115675139674222294e+01 1.132627134057389640e+01 1.117473401005070954e+01 1.102635058866148654e+01 1.087185266773702352e+01 1.089723588803551557e+01 1.095220119768514522e+01 1.123503579574160582e+01 1.100716649429974403e+01 1.097766318570886668e+01 1.609316222945155772e+01 2.471357359345228843e+01 2.497582120022407537e+01 2.483886347843164444e+01 2.499579704110857392e+01 2.494084852890640036e+01 2.487552769914128703e+01 2.508393727433534792e+01 2.485276012012197455e+01 2.940647318759697271e+01 1.929798695057856150e+01 3.978477025784425791e+01 2.025768485506353045e+01 1.007916036627122480e+00 1.061806900168402956e+00 6.799999999999999822e+00 5.799999999999999822e+00 1.449999999999999956e+00
1.140788751458915051e+01 1.127077829909077700e+01 1.140265031728619327e+01 1.113584294713409939e+01 1.096052692317080890e+01 1.103392703656914442e+01 1.117827987720566796e+01 1.111526213660416396e+01 1.107657417158511670e+01 1.121202564854384498e+01 1.096692939525010857e+01 1.105228022552670275e+01 1.615683097494667564e+01 2.477988682580474489e+01 2.492563252238069893e+01 2.488140792432055193e+01 2.498689880186948997e+01 2.497137513399103881e+01 2.479605372582026135e+01 2.523091728329128713e+01 2.465266675689701259e+01 2.997274805229438144e+01 1.909757645726938335e+01 3.968464075845277250e+01 2.030864946868794974e+01 9.878333741318191530e-01 5.825375236669251278e-01 6.799999999999999822e+00 5.799999999999999822e+00 1.449999999999999956e+00
1.135946440878434238e+01 1.132487699138486725e+01 1.135355037982551174e+01 1.122461186075942052e+01 1.093769294994947572e+01 1.135572634275967374e+01 1.099573234188563653e+01 1.116430782411524270e+01 1.098756624263351434e+01 1.108854012493729080e+01 1.113610599063794560e+01 1.117240203462842629e+01 1.581045039096168736e+01 2.494763442497735184e+01 2.471850397799387977e+01 2.510484880357540760e+01 2.484432016486031003e+01 2.501860010338317153e+01 2.481716840452002515e+01 2.511571738195646475e+01 2.480010597656869464e+01 2.962098599639640284e+01 1.870202653543184113e+01 4.000349252197578664e+01 2.012155008461900607e+01 1.089064670066469009e+00 8.662784397850167295e-01 6.799999999999999822e+00 5.799999999999999822e+00 1.449999999999999956e+00
1.134220199609944046e+01 1.118552797543939370e+01 1.126376962875297316e+01 1.125190865952964536e+01 1.120884783132714801e+01 1.102904275656100452e+01 1.093437283679107530e+01 1.105065524365798346e+01 1.105091117912014020e+01 1.116158546168820642e+01 1.109262482182662346e+01 1.098505987544006857e+01 1.604066398936004845e+01 2.470596414008320707e+01 2.501549456874625932e+01 2.475394216002841574e+01 2.514037331468779968e+01 2.482508035943801517e+01 2.492500961593536246e+01 2.511115247605137668e+01 2.473806685775111447e+01 2.951120418011517543e+01 1.924288605407970820e+01 3.979352528070575090e+01 2.020902243226990791e+01 1.058809479829324829e+00 5.140212035361263476e-01 6.799999999999999822e+00 5.799999999999999822e+00 1.449999999999999956e+00
1.150940042248597805e+01 1.131482000701983104e+01 1.132892072341459766e+01 1.118984455706648440e+01 1.102896895640946084e+01 1.091572150909731675e+01 1.109251868575357136e+01 1.123757782984549536e+01 1.120878027164803115e+01 1.100026999245987014e+01 1.109457966630129100e+01 1.096483376381134356e+01 1.581498858228513349e+01 2.471368383739249452e+01 2.484670069634060141e+01 2.498019131550814720e+01 2.489510374224986933e+01 2.495647040229745528e+01 2.488495499556254487e+01 2.508203323332674017e+01 2.480192370304991556e+01 2.955122438909770821e+01 1.888181702774495108e+01 3.991443742004813799e+01 2.018365376108339859e+01 1.102253695642022580e+00 8.624671312144013280e-01 6.799999999999999822e+00 5.799999999999999822e+00 1.449999999999999956e+00
1.150098271018409690e+01 1.116898863644749618e+01 1.137196474671369728e+01 1.122918674773270276e+01 1.092164528601410467e+01 1.120933972144833035e+01 1.128375611316639038e+01 1.104034576810087742e+01 1.095958157673605982e+01 1.117863947566617355e+01 1.105398518154400200e+01 1.090020713448030243e+01 1.608397570287146294e+01 2.472612539135204202e+01 2.491137119086105400e+01 2.499639313274248664e+01 2.479475552357661527e+01 2.511471409745644223e+01 2.476264573705953254e+01 2.515857316371224073e+01 2.477006988531414677e+01 2.947848984158568797e+01 1.883625627298853900e+01 3.991953048581736141e+01 2.020373973053234806e+01 1.071046472206205635e+00 5.107177993046484454e-01 6.799999999999999822e+00 5.799999999999999822e+00 1.449999999999999956e+00
1.168878987320933405e+01 1.107899617654106628e+01 1.148944043444758023e+01 1.122834189341945432e+01 1.093615149681881782e+01 1.118586647683375546e+01 1.119322178178204474e+01 1.115908099115830154e+01 1.127221288734317284e+01 1.101419484349644051e+01 1.100228786368311873e+01 1.110349815432893372e+01 1.592728309823799471e+01 2.478068047328137169e+01 2.485105837955892838e+01 2.489286943607590175e+01 2.503716181960654552e+01 2.485484350374736806e+01 2.488813550162524635e+01 2.502934809270319505e+01 2.489040129652964595e+01 2.940625576084545045e+01 1.885265405497521840e+01 3.987060913828398157e+01 2.009451294460625803e+01 1.173041751269926936e+00 9.998700801112504477e-01 6.799999999999999822e+00 5.799999999999999822e+00 1.449999999999999956e+00
1.160149989694104100e+01 1.119765348469150368e+01 1.136245989447272109e+01 1.120957432020018629e+01 1.093439775961774885e+01 1.084739389575586266e+01 1.102508458984257800e+01 1.110167572133471836e+01 1.145347754185226385e+01 1.111773056337968590e+01 1.101004736765297309e+01 1.104584533853042494e+01 1.602862441648051828e+01 2.487853319222912063e+01 2.466629884441397280e+01 2.512327791483280492e+01 2.483471091812154086e+01 2.501005634307712100e+01 2.477154529687679840e+01 2.512494718876800093e+01 2.481791419383562669e+01 2.948696623389708904e+01 1.904837813415578296e+01 3.974694938483835926e+01 2.023937127998313912e+01 1.078349919842400251e+00 8.388260462748149404e-01 6.799999999999999822e+00 5.799999999999999822e+00 1.449999999999999956e+00
1.142890519614134703e+01 1.111877794623603677e+01 1.147479053539577976e+01 1.128999522838107339e+01 1.096510731342464773e+01 1.110451664099469937e+01 1.119605750688251788e+01 1.102087333760994703e+01 1.129651827703605349e+01 1.101455945507428247e+01 1.119808269156837177e+01 1.103289102917877429e+01 1.637767984874106020e+01 2.488619307912563272e+01 2.475128926525519191e+01 2.506868681704219171e+01 2.487082102552835039e+01 2.506268997496699313e+01 2.471550875234695610e+01 2.519496063418956311e+01 2.479740844517905529e+01 2.927693561119903265e+01 1.921980654817974710e+01 3.988899593678478794e+01 2.013143088330087949e+01 1.035096360768808399e+00 9.441681814783324800e-01 6.799999999999999822e+00 5.799999999999999822e+00 1.449999999999999956e+00
1.162966039127053719e+01 1.131884126886294517e+01 1.128439417800507094e+01 1.122394848253662403e+01 1.097208236473247212e+01 1.091125563156982281e+01 1.127328694879285109e+01 1.094575683017801282e+01 1.101753769626767721e+01 1.085510194568868059e+01 1.098560763801895668e+01 1.108552890963846416e+01 1.612874541505983927e+01 2.469507156692172600e+01 2.495896087314126888e+01 2.484549151246297072e+01 2.497862235008514986e+01 2.495832733870730991e+01 2.480481927823558763e+01 2.511177834166509371e+01 2.480252842914008582e+01 2.942646533845135082e+01 1.904100397888185370e+01 3.987930258521019056e+01 2.024909285281533400e+01 1.119501270411030536e+00 7.441361007678604089e-02 6.799999999999999822e+00 5.799999999999999822e+00 1.449999999999999956e+00
1.141451465011214239e+01 1.133938058118388525e+01 1.129476047200892985e+01 1.132715459660524360e+01 1.084090027655113175e+01 1.132536274916562746e+01 1.111021621424035288e+01 1.121585201702379919e+01 1.080607031949437591e+01 1.132915200374240428e+01 1.102231404612605026e+01 1.098420349902629312e+01 1.626198552677883313e+01 2.469444603792497972e+01 2.492501224071783739e+01 2.488551745126192927e+01 2.502378099909941511e+01 2.491889083165076713e+01 2.488478815719976467e+01 2.501636069769305593e+01 2.488449967622427650e+01 2.953591430129425532e+01 1.885896823465600747e+01 3.998144911331267082e+01 2.008182809504544153e+01 1.160481373360785273e+00 6.504342166228914701e-01 6.799999999999999822e+00 5.799999999999999822e+00 1.449999999999999956e+00
1.138070065508600592e+01 1.118802736997885638e+01 1.138795527478257341e+01 1.127004204959641953e+01 1.092101869709516926e+01 1.134572059090322682e+01 1.111297231349593773e+01 1.077154744246650431e+01 1.090585840862007494e+01 1.113734092133229225e+01 1.108370015054473612e+01 1.110539789479226158e+01 1.604305131216430524e+01 2.464175659320364531e+01 2.492964704528702313e+01 2.491606896772767854e+01 2.497317303811161793e+01 2.490448152453848252e+01 2.493944580137432965e+01 2.492748797863742638e+01 2.494021839338483915e+01 2.950203982784528023e+01 1.899112216559422706e+01 3.986283772055860908e+01 2.014439064695436699e+01 9.556446603706636456e-01 8.345171474056982674e-01 6.799999999999999822e+00 5.799999999999999822e+00 1.449999999999999956e+00
1.149214655744767200e+01 1.123753588852654062e+01 1.130591462494795785e+01 1.128640169295793072e+01 1.116297096068380768e+01 1.115791302169978394e+01 1.107027500755486571e+01 1.097147843643573140e+01 1.111245841278847557e+01 1.119263244928082379e+01 1.109485727423746404e+01 1.110445747843584030e+01 1.611958975164264274e+01 2.463100705283306979e+01 2.490839124133697524e+01 2.501424854423751754e+01 2.478084542209266417e+01 2.520806798956460071e+01 2.462359640422465290e+01 2.528294019648244273e+01 2.467506565253240680e+01 2.973559515470521220e+01 1.922127123176640140e+01 3.970215893461753609e+01 2.036114450855960811e+01 9.525013603943928153e-01 7.022352306138834876e-01 6.799999999999999822e+00 5.799999999999999822e+00 1.449999999999999956e+00
1.133563991999450593e+01 1.139391317022822037e+01 1.135928679420309173e+01 1.117373512509299083e+01 1.127057010787043012e+01 1.117910656860850516e+01 1.114581612287733847e+01 1.103007831402650041e+01 1.087139217484257081e+01 1.134226036151618544e+01 1.124069694864219038e+01 1.111866001851925390e+01 1.603169056557139882e+01 2.472808376898092675e+01 2.477194300340018529e+01 2.496818765921587158e+01 2.490658176055490713e+01 2.499541527176565126e+01 2.476967466806813434e+01 2.519055930422453216e+01 2.473775744032503709e+01 2.945844794233320840e+01 1.936978837162751432e+01 3.972648148250459599e+01 2.019246933271536193e+01 1.150660393749434407e+00 8.577513371771309236e-01 6.799999999999999822e+00 5.799999999999999822e+00 1.449999999999999956e+00
1.133005658297789786e+01 1.106823110750092631e+01 1.125688281568930371e+01 1.133102145680401129e+01 1.093718387993673602e+01 1.099971254461140369e+01 1.105436084060707813e+01 1.108215173092442463e+01 1.100753619576530618e+01 1.100448501989126449e+01 1.108093065166361946e+01 1.097988025238882237e+01 1.637243915304305020e+01 2.475512963029879288e+01 2.478956790058965609e+01 2.500424843167229838e+01 2.489696323058733185e+01 2.502523013995745416e+01 2.474424223336185591e+01 2.520065289579095591e+01 2.471192866933774113e+01 2.957780984851867601e+01 1.938110983265702103e+01 3.960911642211120665e+01 2.026922215168157848e+01 1.003819567437428395e+00 -2.462364828025842556e-02 6.799999999999999822e+00 5.799999999999999822e+00 1.449999999999999956e+00
1.125129776196788001e+01 1.138527250999331208e+01 1.120368249679372497e+01 1.133983773736535561e+01 1.107174147387810947e+01 1.096089692631491630e+01 1.111953246757113156e+01 1.111269847258238919e+01 1.094385915177360680e+01 1.092318398242920985e+01 1.098102249813724107e+01 1.110882761110075911e+01 1.618158086378302585e+01 2.463973140778732684e+01 2.503849765662740268e+01 2.472073079774820314e+01 2.510769149518076659e+01 2.487865776090290026e+01 2.486824551738855860e+01 2.520780290409628321e+01 2.465590780353818801e+01 2.956231464888460536e+01 1.932945139072797858e+01 3.970303315906872399e+01 2.035366387984133141e+01 1.026163498115371331e+00 1.148555151152295561e+00 6.799999999999999822e+00 5.799999999999999822e+00 1.449999999999999956e+00
1.108586463431016789e+01 1.128063015770446142e+01 1.120164123707650816e+01 1.133886726926096422e+01 1.106460884544494050e+01 1.091464205282464839e+01 1.111437058740295036e+01 1.112253991517344787e+01 1.088859236632269401e+01 1.113607029671904591e+01 1.094154978719687321e+01 1.101946981725914831e+01 1.593819877842623356e+01 2.474264123224319789e+01 2.488221702994739104e+01 2.491958188274888641e+01 2.493676056352393644e+01 2.502968241302719576e+01 2.472506634944877035e+01 2.517145607944500796e+01 2.481064700428309777e+01 2.923413385384774088e+01 1.923037923303700936e+01 3.981619388490315004e+01 2.011276652210612426e+01 1.197971550934364027e+00 8.999917492608956460e-01 6.799999999999999822e+00 5.799999999999999822e+00 1.449999999999999956e+00
1.144432142620900095e+01 1.118024062638782645e+01 1.136256793413866184e+01 1.132513682393008203e+01 1.111191768644765077e+01 1.124195003032300022e+01 1.104344242943863819e+01 1.085282782044485472e+01 1.095506838845512121e+01 1.106858435537167651e+01 1.116011898292451754e+01 1.093254459393511269e+01 1.598992854209127046e+01 2.461871796904581089e+01 2.490618075945142706e+01 2.488255815375876168e+01 2.495206418988730590e+01 2.495531965970129562e+01 2.488384111681119393e+01 2.509860096137676422e+01 2.475890008439439072e+01 2.948846960919376059e+01 1.896832411365017990e+01 3.979720742533327638e+01 2.027126765149746035e+01 1.012460694457927746e+00 3.692677725630314489e-01 6.799999999999999822e+00 5.799999999999999822e+00 1.449999999999999956e+00
1.152795904928820114e+01 1.130221693896116086e+01 1.133472808225812400e+01 1.116871974758100983e+01 1.060880491408970805e+01 1.119746883074102861e+01 1.137740436081164042e+01 1.078907150647447821e+01 1.104841713583754270e+01 1.108655264525424400e+01 1.105380929375808208e+01 1.075845544466595882e+01 1.604646904003678287e+01 2.480861878218287586e+01 2.482883508237591741e+01 2.491159420326775731e+01 2.504510794237878457e+01 2.479400449230623238e+01 2.506392105065711107e+01 2.482120532789939205e+01 2.506795249039801021e+01 2.894480437143409546e+01 1.905734123898563226e+01 3.996999762792584221e+01 2.006620113901484004e+01 1.140120079030594535e+00 1.171181214382805313e+00 6.799999999999999822e+00 5.799999999999999822e+00 1.449999999999999956e+00
1.137904575856589062e+01 1.129281679247585579e+01 1.126197892160784164e+01 1.142876238418118717e+01 1.083927904373449458e+01 1.086286105896250476e+01 1.106985279417464341e+01 1.105531694358750805e+01 1.065895701848931765e+01 1.122101574494987020e+01 1.100530251957154348e+01 1.103078337920239704e+01 1.611015125754745370e+01 2.460053223594896821e+01 2.499987517754701827e+01 2.482887182663161596e+01 2.498173025326573793e+01 2.492351627279444060e+01 2.489366925072345182e+01 2.509015307298409780e+01 2.478927222987952561e+01 2.957305493872829416e+01 1.900478538105728177e+01 3.981120862014106621e+01 2.025481402743697146e+01 1.044882555432377957e+00 8.890304046920082248e-01 6.799999999999999822e+00 5.799999999999999822e+00 1.449999999999999956e+00
1.145365612735346339e+01 1.122514101410368248e+01 1.126532217681844550e+01 1.129592193758111129e+01 1.085274945797731938e+01 1.098206416849872902e+01 1.106103895766864120e+01 1.118485021582520567e+01 1.113458676466564867e+01 1.115580427463729940e+01 1.110399935147708916e+01 1.102132195137032866e+01 1.602556524834315255e+01 2.463766492374479000e+01 2.504764744030858381e+01 2.474962647437345709e+01 2.509794642809944420e+01 2.492849152308057725e+01 2.479043815959821373e+01 2.516007974113436418e+01 2.475890496108208438e+01 2.958224460001823175e+01 1.912287833510742630e+01 3.976315351838069034e+01 2.016660036940706746e+01 1.177361812820170606e+00 4.662671713908225768e-01 6.799999999999999822e+00 5.799999999999999822e+00 1.449999999999999956e+00
1.136921407761978386e+01 1.110453921416545597e+01 1.125378807871754816e+01 1.124644698229528927e+01 1.122785896925218552e+01 1.089618785199380291e+01 1.101144519370128805e+01 1.083453734188370809e+01 1.085036971081357571e+01 1.123211499242212952e+01 1.095437541026478101e+01 1.093900423088617302e+01 1.605231809929765419e+01 2.464264495730495241e+01 2.510446702100910343e+01 2.481658544339096650e+01 2.497111706145370391e+01 2.499680632709407746e+01 2.479143811276142273e+01 2.515330028205212543e+01 2.473028653975623214e+01 2.966876068105690933e+01 1.917304221864018032e+01 3.978042428898820759e+01 2.022456736167989888e+01 1.027560355942483961e+00 7.690078189997640035e-01 6.799999999999999822e+00 5.799999999999999822e+00 1.449999999999999956e+00
1.147787579590658424e+01 1.101134254215577535e+01 1.136985061161592725e+01 1.123613534064786990e+01 1.110508847568147495e+01 1.077492683012958175e+01 1.106267030271367702e+01 1.098944899140571607e+01 1.081773074274251201e+01 1.118877520323979979e+01 1.078905231964375666e+01 1.092775131224468055e+01 1.600619734807093764e+01 2.478032747892005361e+01 2.499312127879014156e+01 2.471527768004531467e+01 2.514288724704686473e+01 2.488403450503617975e+01 2.481539879060044029e+01 2.513890575605930522e+01 2.471544802350074121e+01 2.983934685719956192e+01 1.920345854105734773e+01 3.963549316535232947e+01 2.031512357325905427e+01 1.070849140279651834e+00 1.148435880109908602e+00 6.799999999999999822e+00 5.799999999999999822e+00 1.449999999999999956e+00
1.143113890842011671e+01 1.116128065492032384e+01 1.146151145254758674e+01 1.127464514279885854e+01 1.113407264453660517e+01 1.106162919528900623e+01 1.099535965284042760e+01 1.118922772666316234e+01 1.126357380595986513e+01 1.086374578981721761e+01 1.087776312279799384e+01 1.118407779932624457e+01 1.601368864602750364e+01 2.467736248208071714e+01 2.495034373922755222e+01 2.486728923488588094e+01 2.488391660631732449e+01 2.515816859308946363e+01 2.462487248569327747e+01 2.531837398770870706e+01 2.463316646352971517e+01 2.957381154351122632e+01 1.953591422568642955e+01 3.958108514182571014e+01 2.041766916309538260e+01 1.016710640121023079e+00 1.337851261993763030e+00 6.799999999999999822e+00 5.799999999999999822e+00 1.449999999999999956e+00
1.121881961982647447e+01 1.133209368052487420e+01 1.134101739572268208e+01 1.128725330607265498e+01 1.116327367805904380e+01 1.115421872687648985e+01 1.118453984158769110e+01 1.101865759350749840e+01 1.106818301747909317e+01 1.088800595266235760e+01 1.102131732417704235e+01 1.086896805580618164e+01 1.603517177521412762e+01 2.468841795089776525e+01 2.492367715132623118e+01 2.491342166094108634e+01 2.492184191784929581e+01 2.494850932383365816e+01 2.490412774267387519e+01 2.506699507005547645e+01 2.477014846725067088e+01 2.950605858163064710e+01 1.904658977319386537e+01 3.985957359230311425e+01 2.020482659626722821e+01 1.161935648367526941e+00 8.975705229890433845e-01 6.799999999999999822e+00 5.799999999999999822e+00 1.449999999999999956e+00
1.151226805306558987e+01 1.118895170730379363e+01 1.130380515900145433e+01 1.131891984546983920e+01 1.131044747571641373e+01 1.124960578814184942e+01 1.115312111705538278e+01 1.138805515536254021e+01 1.099659789565832746e+01 1.095459032786953379e+01 1.105699720004335163e+01 1.080047264598424483e+01 1.587531692111217829e+01 2.477291824725982394e+01 2.498760352941213725e+01 2.485214371183050375e+01 2.505288988515830084e+01 2.496242896146469192e+01 2.469343455336495197e+01 2.526649786272139764e+01 2.470975802201298421e+01 2.962591005561683488e+01 1.905150041126436378e+01 3.981141273775472911e+01 2.014786761799690851e+01 1.232825962935592878e+00 1.066967507056755693e+00 6.799999999999999822e+00 5.799999999999999822e+00 1.449999999999999956e+00
1.120829628831485714e+01 1.129437033318966677e+01 1.132023502840350737e+01 1.126305833843443160e+01 1.074050739940727794e+01 1.130621083393040394e+01 1.097334326333460019e+01 1.121954373927891169e+01 1.110231723647451219e+01 1.102850469687608026e+01 1.102673264073415815e+01 1.103027824764234133e+01 1.599760114071772321e+01 2.467819486718476796e+01 2.496225681462867740e+01 2.485906661705065801e+01 2.493922141125478120e+01 2.507865259562334259e+01 2.468776894191664795e+01 2.524800300181815160e+01 2.471083400429600374e+01 2.945712251041639007e+01 1.897343168275281755e+01 3.991203828707395473e+01 2.010173061060417155e+01 1.245874598223163821e+00 1.400539786098831563e+00 6.799999999999999822e+00 5.799999999999999822e+00 1.449999999999999956e+00
1.109419267601135140e+01 1.119801735973731383e+01 1.137353490488163210e+01 1.122978623732139170e+01 1.100407346776019502e+01 1.101068042674908654e+01 1.137470637526792494e+01 1.096287033655345944e+01 1.093401790458847245e+01 1.105332385423968233e+01 1.112373935771737088e+01 1.105843179227895234e+01 1.610174725094943682e+01 2.483617617780314291e+01 2.485832185602037114e+01 2.494466384169444240e+01 2.487258029654727665e+01 2.499164903381548797e+01 2.488030204154893354e+01 2.505197708167259307e+01 2.481260357342618761e+01 2.940660916871912534e+01 1.902298571767896718e+01 3.982721056570777307e+01 2.016564902195480258e+01 1.103002954610919240e+00 1.021213488478019071e+00 6.799999999999999822e+00 5.799999999999999822e+00 1.449999999999999956e+00
1.141451250271515683e+01 1.131290220431040439e+01 1.128556706921940034e+01 1.132567912588331538e+01 1.126835619097070662e+01 1.124675710224116543e+01 1.108274190401017023e+01 1.110350851187111942e+01 1.117802856980489423e+01 1.101343754519175278e+01 1.115483610422393035e+01 1.104943285806928799e+01 1.614114799752204021e+01 2.472044802000218056e+01 2.487383561350211281e+01 2.499537903856161591e+01 2.481259878650597628e+01 2.514265646154584743e+01 2.470139377271499370e+01 2.524242891612746220e+01 2.472982024433190062e+01 2.950095072723381762e+01 1.897130950988197640e+01 3.987141656782748811e+01 2.023535763572249024e+01 1.072667838250720873e+00 7.701855892878211041e-01 6.799999999999999822e+00 5.799999999999999822e+00 1.449999999999999956e+00
1.149971237387810774e+01 1.124869012135088653e+01 1.136776889424397474e+01 1.128995275569275236e+01 1.097359968649802298e+01 1.094605271434082461e+01 1.096012059015246365e+01 1.100342801743596688e+01 1.105358167337650066e+01 1.126658752708427969e+01 1.102263090958482294e+01 1.089650538275710900e+01 1.609220841075053343e+01 2.465062502954673818e+01 2.493997703422301626e+01 2.488580002246847656e+01 2.501050431035470822e+01 2.484710923925554482e+01 2.496933961407813030e+01 2.491362542927356571e+01 2.500375236412195079e+01 2.918098299366395310e+01 1.867296967092522664e+01 4.018646302766567402e+01 2.010438762772472998e+01 1.204775698071998358e+00 9.756042365111523562e-01 6.799999999999999822e+00 5.799999999999999822e+00 1.449999999999999956e+00
1.154614416322719528e+01 1.116756351496128730e+01 1.133167094922409923e+01 1.134836949178980170e+01 1.124111468858412799e+01 1.112897383121554107e+01 1.093599695493119661e+01 1.111903675922762602e+01 1.088177738756725077e+01 1.105176434064799551e+01 1.097956799105487491e+01 1.119115457832816141e+01 1.604497364631059853e+01 2.487100588239221821e+01 2.472963053876804906e+01 2.502715065097268621e+01 2.496911297832814824e+01 2.494105216115793411e+01 2.488662249065423637e+01 2.499580936087251715e+01 2.495052185625362640e+01 2.923823827955998311e+01 1.901110397367314775e+01 3.991799797232634717e+01 2.017770918623187271e+01 9.083638409439890316e-01 1.077490167087890915e+00 6.799999999999999822e+00 5.799999999999999822e+00 1.449999999999999956e+00
1.142813575695885042e+01 1.131936785525546263e+01 1.131899191473548072e+01 1.127017382764571884e+01 1.090224379857602699e+01 1.107813245859579965e+01 1.111607458564235884e+01 1.117155945430475583e+01 1.101688624204023803e+01 1.095035765494142943e+01 1.101331826277964154e+01 1.097778891173842375e+01 1.615028406528025329e+01 2.471486889421234423e+01 2.496654512807073445e+01 2.488076127460439224e+01 2.501706641514804375e+01 2.502536247326605334e+01 2.472782091911889069e+01 2.515981364506664875e+01 2.474706364026692285e+01 2.958078275622202113e+01 1.911139046648078121e+01 3.978723072959150642e+01 2.022184343769335513e+01 1.030609067279736779e+00 1.225287617244756877e+00 6.799999999999999822e+00 5.799999999999999822e+00 1.449999999999999956e+00
1.134404206366824042e+01 1.120417474764404453e+01 1.143410628117186967e+01 1.128073842837961926e+01 1.100035743652355258e+01 1.116414019532619584e+01 1.087232926576460201e+01 1.119352001954997355e+01 1.088994139134354100e+01 1.092010396368465308e+01 1.085283905549899153e+01 1.108737961855785592e+01 1.586706278048109731e+01 2.466229967527690903e+01 2.498887856050619405e+01 2.484686339270080069e+01 2.492614226971356928e+01 2.510478714964119362e+01 2.466025076290979356e+01 2.529632716225342293e+01 2.464088356956239068e+01 2.955502142481408612e+01 1.915639797803360622e+01 3.978382690560421509e+01 2.018221406637573878e+01 1.093454512863857087e+00 8.957245276665648515e-01 6.799999999999999822e+00 5.799999999999999822e+00 1.449999999999999956e+00
1.150499503756948272e+01 1.131416981003538247e+01 1.135445448065224028e+01 1.129976205778124942e+01 1.108251348412782633e+01 1.119901885432813415e+01 1.114883552282923240e+01 1.117015492715762370e+01 1.105387739979210693e+01 1.122381396348812999e+01 1.105305671502935638e+01 1.091395299488716120e+01 1.599263004862789828e+01 2.486907357855420742e+01 2.475050516670283329e+01 2.508028452683452869e+01 2.480875147840044548e+01 2.508781091234917326e+01 2.475570452879867389e+01 2.514862507166451877e+01 2.477481026117864005e+01 2.957485729206330660e+01 1.893746439777672208e+01 3.992846958967864879e+01 2.016128563252675221e+01 1.053262628024514314e+00 9.921154084223035019e-01 6.799999999999999822e+00 5.799999999999999822e+00 1.449999999999999956e+00
1.157117147114200684e+01 1.130419319409879364e+01 1.126194330429293089e+01 1.140215118675467920e+01 1.106778158612769580e+01 1.113700961635800368e+01 1.101535980865094011e+01 1.105262725065501606e+01 1.090612970558962580e+01 1.102986441670100959e+01 1.104512887328700721e+01 1.096086364940196844e+01 1.573657153147460974e+01 2.466527097834214288e+01 2.492552949903534909e+01 2.497176931795429411e+01 2.479545613820416605e+01 2.519419846693456222e+01 2.466583306736560743e+01 2.524434243942067724e+01 2.469938470190674806e+01 2.942909466442271338e+01 1.939461082710488071e+01 3.977604971693159541e+01 2.020327259257130237e+01 1.115792155832251664e+00 1.178011347960167710e+00 6.799999999999999822e+00 5.799999999999999822e+00 1.449999999999999956e+00
1.159466379284886450e+01 1.109592627208622595e+01 1.139250778881955206e+01 1.133387143736058178e+01 1.110225609018580606e+01 1.105577341328338825e+01 1.094261115096303705e+01 1.130119108705937414e+01 1.147099427912068137e+01 1.085731163819706602e+01 1.089705199908990885e+01 1.112819309856404537e+01 1.603925257119746561e+01 2.465537203238200448e+01 2.500606303264756392e+01 2.484327932177504294e+01 2.502618128509481110e+01 2.491674072074226487e+01 2.489554051227753462e+01 2.502685080374676829e+01 2.486991132143534244e+01 2.936085349203311168e+01 1.919385295853109241e+01 3.980433371871150428e+01 2.021929582409850568e+01 1.140673327020321759e+00 7.854337481934019483e-01 6.799999999999999822e+00 5.799999999999999822e+00 1.449999999999999956e+00
1.150861761240193637e+01 1.121052106326959752e+01 1.136251652353728048e+01 1.121669272542194840e+01 1.072517448461750789e+01 1.079101377115713767e+01 1.098264982920431088e+01 1.087820012666989200e+01 1.101615065132226512e+01 1.117776636187453931e+01 1.101579426442981635e+01 1.091250566779959108e+01 1.598487951643269689e+01 2.489589541801497674e+01 2.488249745990793471e+01 2.490436978428884274e+01 2.493917496087706098e+01 2.497919614038321612e+01 2.486920939957538224e+01 2.511036016107803093e+01 2.473977210090825452e+01 2.940994100286538426e+01 1.944210873862470379e+01 3.964233804779477310e+01 2.033518613441319545e+01 1.066743794323536720e+00 5.433281597285168907e-01 6.799999999999999822e+00 5.799999999999999822e+00 1.449999999999999956e+00
1.137523913671286380e+01 1.122548739483511859e+01 1.131252628879243183e+01 1.124356858339384502e+01 1.104433698815209475e+01 1.088046198805922415e+01 1.117426626885868579e+01 1.095402483558161677e+01 1.110843970046369833e+01 1.099799248183941458e+01 1.118685531328737426e+01 1.103283396740562239e+01 1.607203153635661153e+01 2.475714723354545299e+01 2.477841970678808892e+01 2.511985234803675127e+01 2.474731872488250417e+01 2.510779203895910427e+01 2.477973986162190556e+01 2.509156352146029079e+01 2.487209539646741874e+01 2.935344074501821510e+01 1.896851214272707509e+01 4.000580676525020607e+01 2.007536974780897410e+01 1.174638547693097834e+00 1.107971133976481282e+00 6.799999999999999822e+00 5.799999999999999822e+00 1.449999999999999956e+00
1.121339986245291875e+01 1.115141976834939364e+01 1.129267882122023892e+01 1.130398103626044559e+01 1.101816098254266763e+01 1.088657554302107044e+01 1.104662138024377249e+01 1.114127919148320700e+01 1.102976455376009035e+01 1.103254202272120388e+01 1.101344192774467956e+01 1.115537468404204446e+01 1.598315566998219239e+01 2.468423866301560921e+01 2.500465075716686769e+01 2.479855064628866401e+01 2.509874674063802047e+01 2.491312992177016028e+01 2.483857749382898561e+01 2.514712995309138677e+01 2.473930770571050886e+01 2.975027136290321295e+01 1.913378191401050543e+01 3.976827292352933085e+01 2.025718333982906572e+01 1.012060887716338176e+00 6.511129435101016272e-01 6.799999999999999822e+00 5.799999999999999822e+00 1.449999999999999956e+00
1.130730270579782371e+01 1.117227927431233958e+01 1.137515945325193378e+01 1.127067830590907960e+01 1.080457927342136948e+01 1.106021944194827533e+01 1.117654652548019456e+01 1.135744357176860930e+01 1.122659569590712181e+01 1.105370034210623054e+01 1.101125619154942470e+01 1.098694989615723294e+01 1.603120863483327341e+01 2.458580169353198741e+01 2.491590117591199416e+01 2.494579341843861542e+01 2.485452239554632570e+01 2.505188833030016582e+01 2.477007533503199710e+01 2.518843454105557100e+01 2.476789967520966584e+01 2.945881416726681223e+01 1.909394512384735521e+01 3.979689464430441603e+01 2.034564026391103297e+01 8.966581159923638911e-01 1.086420492620072675e+00 6.799999999999999822e+00 5.799999999999999822e+00 1.449999999999999956e+00
1.132115581540169913e+01 1.126145054385455246e+01 1.131019914551575312e+01 1.118348553642715082e+01 1.097788727826313782e+01 1.114150446818654849e+01 1.124627972231695772e+01 1.099965462917725212e+01 1.104013618169210353e+01 1.112885765934291982e+01 1.105498610804985304e+01 1.096433440257769121e+01 1.623652594849295738e+01 2.485646587223590132e+01 2.487946642308170198e+01 2.492071075744754793e+01 2.501333418885967319e+01 2.484980929782226866e+01 2.500407101231848728e+01 2.500308543828505847e+01 2.485370761850043309e+01 2.936635371751559376e+01 1.888700531551698347e+01 3.996872235638480220e+01 2.014022384036009328e+01 1.020794428215829663e+00 1.200672310204876858e+00 6.799999999999999822e+00 5.799999999999999822e+00 1.449999999999999956e+00
1.143517447131195297e+01 1.134653650874658659e+01 1.124176047822115976e+01 1.129156449863344136e+01 1.111542326279125881e+01 1.104114726996036921e+01 1.131095039718266015e+01 1.112640537696594834e+01 1.101429441405541532e+01 1.110652243209662515e+01 1.100528928065791412e+01 1.109951925999618005e+01 1.620776948223167224e+01 2.474339128224429274e+01 2.493474014040971198e+01 2.490158909006191834e+01 2.491775267680741379e+01 2.505613280444667978e+01 2.481841104472017179e+01 2.512096365400980957e+01 2.479780671921814417e+01 2.925442550696389432e+01 1.930284437473881809e+01 3.983280144215451912e+01 2.019928560956471841e+01 1.086017156388177751e+00 6.783109740639758911e-01 6.799999999999999822e+00 5.799999999999999822e+00 1.449999999999999956e+00
1.130600719210100458e+01 1.134381250762476689e+01 1.131773939202020252e+01 1.123139186554919888e+01 1.095442278989695772e+01 1.102671194775194330e+01 1.098820003322078698e+01 1.124118734268861886e+01 1.093152777797742559e+01 1.111409511067749811e+01 1.107683650787989649e+01 1.098874252773839189e+01 1.591364088622363226e+01 2.478352194177388768e+01 2.492316659164801962e+01 2.481018968440779204e+01 2.508631963259536590e+01 2.486190959818541302e+01 2.488716217762026872e+01 2.504207841244163291e+01 2.487028864253351301e+01 2.931057073347022168e+01 1.909448152098037355e+01 3.985274281741913427e+01 2.006948824133151277e+01 1.177957436801980062e+00 6.036516415811384872e-01 6.799999999999999822e+00 5.799999999999999822e+00 1.449999999999999956e+00
1.127485798252201121e+01 1.117262747893690467e+01 1.143024819726873353e+01 1.125019473977800821e+01 1.112538819253201616e+01 1.122077838145857065e+01 1.120268433456766388e+01 1.107158234601442715e+01 1.136421876747345117e+01 1.106721329587938385e+01 1.095667628538281058e+01 1.092008630310860973e+01 1.621199495949716862e+01 2.460577736313231867e+01 2.494681885292911616e+01 2.492019187880760711e+01 2.497488253572521444e+01 2.494458028292392626e+01 2.482530441563240231e+01 2.516323296212210536e+01 2.478793699278901741e+01 2.951125933329758411e+01 1.914156259190728804e+01 3.978318111289082282e+01 2.030041752348800088e+01 1.112196220025343241e+00 3.435914569061940260e-01 6.799999999999999822e+00 5.799999999999999822e+00 1.449999999999999956e+00
1.142553306148236913e+01 1.133420079999454622e+01 1.132535798205561939e+01 1.133627800833590982e+01 1.111875007722721165e+01 1.107099135745735374e+01 1.113898957651974264e+01 1.091286694753924458e+01 1.088290725043136042e+01 1.098083745618846052e+01 1.106888343027044819e+01 1.105067012012817784e+01 1.606233519604862536e+01 2.474119753471050842e+01 2.493847784790671085e+01 2.477055355894591315e+01 2.505708231594625701e+01 2.495249014822071132e+01 2.481086303809096094e+01 2.515554031288288073e+01 2.475723676393525352e+01 2.957134127262088086e+01 1.915307686776569795e+01 3.979168561339844246e+01 2.022318351377674972e+01 1.033037990104367365e+00 1.284679809794715410e+00 6.799999999999999822e+00 5.799999999999999822e+00 1.449999999999999956e+00
1.142848759453375251e+01 1.135809952266438394e+01 1.132191309723231321e+01 1.132915960724291971e+01 1.121435394605502722e+01 1.102633002352528102e+01 1.082530940290359034e+01 1.090415536974450639e+01 1.103070771451165655e+01 1.093579483597804369e+01 1.086361549221655487e+01 1.113135809399964948e+01 1.599411311341864206e+01 2.477240346633690748e+01 2.489564976322465029e+01 2.482196180572741184e+01 2.510391348548113655e+01 2.486439021511574765e+01 2.491276369446740802e+01 2.506496278746030981e+01 2.480776573948056196e+01 2.948497088506111652e+01 1.906399928521966558e+01 3.989913385971284754e+01 2.011646831166878968e+01 1.166933091736340300e+00 6.315643875143478470e-01 6.799999999999999822e+00 5.799999999999999822e+00 1.449999999999999956e+00
1.153220433569347669e+01 1.121179863347492933e+01 1.142246476372175223e+01 1.119437080296451370e+01 1.116048526170151156e+01 1.099464958442016638e+01 1.102347099746607029e+01 1.102773078439318688e+01 1.099229029348891018e+01 1.086969370245476263e+01 1.095480096533436765e+01 1.121444605799432814e+01 1.599046832084768965e+01 2.479093702138412070e+01 2.500930889964734050e+01 2.472830202358905538e+01 2.514877179418430231e+01 2.481706756400549096e+01 2.497893473163696854e+01 2.507952401532539355e+01 2.470772069324007347e+01 2.969560378207564000e+01 1.923145332621814774e+01 3.973528233337090398e+01 2.017371198893322415e+01 1.116084490294670273e+00 9.905515610920544445e-01 6.799999999999999822e+00 5.799999999999999822e+00 1.449999999999999956e+00
1.148075973328205812e+01 1.117850849683562942e+01 1.140935313777816873e+01 1.117315584997713351e+01 1.082618190413139558e+01 1.142239791650150948e+01 1.095761241841419498e+01 1.093164687511488609e+01 1.097835467901774642e+01 1.128598148412936908e+01 1.102042846234672702e+01 1.090897785748799897e+01 1.620381499660020097e+01 2.473413972451469789e+01 2.488269133308618564e+01 2.496457601715787078e+01 2.481531117975356793e+01 2.517131693122124503e+01 2.467793019044652780e+01 2.526599834049585525e+01 2.474387003202569346e+01 2.947571339169626015e+01 1.919851778090068706e+01 3.979047857270818866e+01 2.022216937119900138e+01 1.095518255380993455e+00 7.569222626990276259e-01 6.799999999999999822e+00 5.799999999999999822e+00 1.449999999999999956e+00
1.149507731814336076e+01 1.120912547964895545e+01 1.119473753904371982e+01 1.132259535355303193e+01 1.075378606381774560e+01 1.101887351384570835e+01 1.101230930859580859e+01 1.110362911974335987e+01 1.088872322820183669e+01 1.102093947432947729e+01 1.084831710252250758e+01 1.126322652085339548e+01 1.595844640131394243e+01 2.478995883075424800e+01 2.491976747507812817e+01 2.483401016716728904e+01 2.512209772527659979e+01 2.482546915046747316e+01 2.497163399159575192e+01 2.488562158272464941e+01 2.498675576221655348e+01 2.936139382416883592e+01 1.869631303230035257e+01 3.997705336195151915e+01 2.011864386479573952e+01 1.155445146976774806e+00 5.487826577523109428e-01 6.799999999999999822e+00 5.799999999999999822e+00 1.449999999999999956e+00
1.137380977559415030e+01 1.130315757837675328e+01 1.124511040282810903e+01 1.118264301074190037e+01 1.110042665259390660e+01 1.110227216665404804e+01 1.119318782223803588e+01 1.115351665480904408e+01 1.108755701021775408e+01 1.121950267067053986e+01 1.090125894647282756e+01 1.105639225704088702e+01 1.607197703593006466e+01 2.477214809240993176e+01 2.487026075572458694e+01 2.492606993023278505e+01 2.486537272403852583e+01 2.499153996288745816e+01 2.490185843937628007e+01 2.516446602482960060e+01 2.473322881360343217e+01 2.977027728986195143e+01 1.864575479595449892e+01 3.991200338829457905e+01 2.022691477515027714e+01 1.069011860982046702e+00 1.424892368216053473e+00 6.799999999999999822e+00 5.799999999999999822e+00 1.449999999999999956e+00
1.136935571354988639e+01 1.093672128462367610e+01 1.155946550206464885e+01 1.117060966041249159e+01 1.121018965155977831e+01 1.112197808285804435e+01 1.099687487271621400e+01 1.093584455736252714e+01 1.095351041830125638e+01 1.137305418900510823e+01 1.088377147187892469e+01 1.104687265738593460e+01 1.584623210509004743e+01 2.488553488227025667e+01 2.458391261767477332e+01 2.515995967823788249e+01 2.479377899967857957e+01 2.503234580119570296e+01 2.480956783963311452e+01 2.502984652651223030e+01 2.491150399800436688e+01 2.921126843431739317e+01 1.901032324176413013e+01 3.994559981651978120e+01 2.002911742951651775e+01 1.245773853969335931e+00 7.839145248073583483e-01 6.799999999999999822e+00 5.799999999999999822e+00 1.449999999999999956e+00
1.119854866202303434e+01 1.132400015476287614e+01 1.128543845116396405e+01 1.119304329508222473e+01 1.075482396508163419e+01 1.128948678915678272e+01 1.099946542287959872e+01 1.126247239732685834e+01 1.119758421912589164e+01 1.116228433296572753e+01 1.115812607819717606e+01 1.097730161980789454e+01 1.622915063234300348e+01 2.475261670568697880e+01 2.490838616369437020e+01 2.499855937838471576e+01 2.481987453361164597e+01 2.507044147768019826e+01 2.475871856896575451e+01 2.517955694582580861e+01 2.471533663322735208e+01 2.979369042535740419e+01 1.901879198373753255e+01 3.974927793330642345e+01 2.024094363036927291e+01 1.131431239390581434e+00 1.075623154781371049e-01 6.799999999999999822e+00 5.799999999999999822e+00 1.449999999999999956e+00
1.162727704904085435e+01 1.114176521596359493e+01 1.138493676420211820e+01 1.127789219468458803e+01 1.098065954581623771e+01 1.124463586455912179e+01 1.112203361599224749e+01 1.131844726152836422e+01 1.098103213405888923e+01 1.114572103023774829e+01 1.089213573695873372e+01 1.080492463597705211e+01 1.609049681158689182e+01 2.476669477820651721e+01 2.483710932059238985e+01 2.502186181312734092e+01 2.482006494840561928e+01 2.520639118075726159e+01 2.464795984920381500e+01 2.524982095343469268e+01 2.473074530153888517e+01 2.948481914472577969e+01 1.917950811198556949e+01 3.975779809370701656e+01 2.031868460727469738e+01 1.031246397973620388e+00 1.065000660055883674e+00 6.799999999999999822e+00 5.799999999999999822e+00 1.449999999999999956e+00
1.142086938497216941e+01 1.119934990609747949e+01 1.143368196268724191e+01 1.124309218285158174e+01 1.121236954116826467e+01 1.134745080711991250e+01 1.125055538219733542e+01 1.097893281193485215e+01 1.126789338164132559e+01 1.104786078442837294e+01 1.097972868340346864e+01 1.109774111219707216e+01 1.584079614681512460e+01 2.468745273666729290e+01 2.509143208574819894e+01 2.470472299136508099e+01 2.522946311110840512e+01 2.480050639911681643e+01 2.490758704713790550e+01 2.506951511127057231e+01 2.483646497088473026e+01 2.944344817855139240e+01 1.891510099711240045e+01 3.999633226409357434e+01 2.012251025409677396e+01 1.217468910450085762e+00 1.229452602051968269e+00 6.799999999999999822e+00 5.799999999999999822e+00 1.449999999999999956e+00
1.154751420250417482e+01 1.140186155425622694e+01 1.142168802002993111e+01 1.119025844179167706e+01 1.085978058619987507e+01 1.108123495538812087e+01 1.103526653702454041e+01 1.119870571901107148e+01 1.116037193628909741e+01 1.105019581391097816e+01 1.084960974797048472e+01 1.107594264922678740e+01 1.611353142707354635e+01 2.470689993307556520e+01 2.494572434893056823e+01 2.487649136980220277e+01 2.494968355006605165e+01 2.501813226082030184e+01 2.473645607212742803e+01 2.527526558883524288e+01 2.461063017983067880e+01 2.977901707803771103e+01 1.939976970038206261e+01 3.961255049506110026e+01 2.041033278034941034e+01 9.505217093877286194e-01 3.792772170501430007e-01 6.799999999999999822e+00 5.799999999999999822e+00 1.449999999999999956e+00
1.144459223310076545e+01 1.143143601481641980e+01 1.109154909630077768e+01 1.128356762882145148e+01 1.092424714923985363e+01 1.105858738529431484e+01 1.117461363195489454e+01 1.092809928923558260e+01 1.077298538533593231e+01 1.106651438400639265e+01 1.101075578594878479e+01 1.129498864800515534e+01 1.597166097889527592e+01 2.486123885811798218e+01 2.482628737889836401e+01 2.497325810235231458e+01 2.480243202663115554e+01 2.510597100062675580e+01 2.477252977694638147e+01 2.517848902637813779e+01 2.471453132392749197e+01 2.967090104066219425e+01 1.883395889898656606e+01 3.992796069705759265e+01 2.002158693293284486e+01 1.236373217428239357e+00 6.794209734669870437e-01 6.799999999999999822e+00 5.799999999999999822e+00 1.449999999999999956e+00
1.144713196622655893e+01 1.125348480120605288e+01 1.132877793144720613e+01 1.127380910857703000e+01 1.084067665770377076e+01 1.108723104147981253e+01 1.109603669332032183e+01 1.110195400760769147e+01 1.089434957521290137e+01 1.103883229131705690e+01 1.098240647130195136e+01 1.107591643311754659e+01 1.612255816738434433e+01 2.460421220972769518e+01 2.520488823489555941e+01 2.458639770271414804e+01 2.526812440655856307e+01 2.476333240516004253e+01 2.498333234819284243e+01 2.502620289987561364e+01 2.483488914492927790e+01 2.956821358489899509e+01 1.890479819366923664e+01 3.987704398162892261e+01 2.020010712490714511e+01 9.665165945271252390e-01 9.463654262699789932e-01 6.799999999999999822e+00 5.799999999999999822e+00 1.449999999999999956e+00
1.155681796771080805e+01 1.137370311244956156e+01 1.126859173776865219e+01 1.124428528265614169e+01 1.100348575077382662e+01 1.105114629782191216e+01 1.118128991027812624e+01 1.108695352495511344e+01 1.078422187207933902e+01 1.097150348233982164e+01 1.104008505303749565e+01 1.108972010808324171e+01 1.594575788552774043e+01 2.473679039859707274e+01 2.481750240582747935e+01 2.500913793781971961e+01 2.482836006580719257e+01 2.501221749520469473e+01 2.483767217425000240e+01 2.514118820901185103e+01 2.482646639059542082e+01 2.936183101026300690e+01 1.895723956636632934e+01 3.991099310600256445e+01 2.015123404047208311e+01 1.142143911324099204e+00 1.255993320210968767e+00 6.799999999999999822e+00 5.799999999999999822e+00 1.449999999999999956e+00
1.152424937066550825e+01 1.132481799095207364e+01 1.130594473306686432e+01 1.114483366422785160e+01 1.110005219549433164e+01 1.108554958450735484e+01 1.117349066765846288e+01 1.095209800300554903e+01 1.090384058842331072e+01 1.110822604797042601e+01 1.089876279413075899e+01 1.089513074354223932e+01 1.616163795339251408e+01 2.472234063844155827e+01 2.493628787273959446e+01 2.482274875347464871e+01 2.507772919896989805e+01 2.486410907539609028e+01 2.486082433807143843e+01 2.514018190264582842e+01 2.473903013809992046e+01 2.969267658340528726e+01 1.901788285824324731e+01 3.987333249356724707e+01 2.011467004976822537e+01 1.180250601460787863e+00 3.808739630416794197e-01 6.799999999999999822e+00 5.799999999999999822e+00 1.449999999999999956e+00
1.126428572144813955e+01 1.122974743608151194e+01 1.132922383123171883e+01 1.128916372445546834e+01 1.076930330458190888e+01 1.111062213458859205e+01 1.094851995685710477e+01 1.103319339721136316e+01 1.102189041079559217e+01 1.107393593073473248e+01 1.104248138694273784e+01 1.118624216173375174e+01 1.605891640674461840e+01 2.464600410044737444e+01 2.496537921077915811e+01 2.489904385332850367e+01 2.493340127300979958e+01 2.496309565889501059e+01 2.483443748094671122e+01 2.506370010240915391e+01 2.479491469207035337e+01 2.976046099869228101e+01 1.874487896541132770e+01 3.985980202982398168e+01 2.018378192767809765e+01 1.023075404933440291e+00 5.759612027255855971e-01 6.799999999999999822e+00 5.799999999999999822e+00 1.449999999999999956e+00
1.134907452205768408e+01 1.120308362031230764e+01 1.140752835689240641e+01 1.121075543004782205e+01 1.123091352709093371e+01 1.110330989481964892e+01 1.112454688018818061e+01 1.103939886189119512e+01 1.094312894248799140e+01 1.119413725561652662e+01 1.121840359249629770e+01 1.107536826602108704e+01 1.626065571637105833e+01 2.480043074473982045e+01 2.501258652041794051e+01 2.475893059241728977e+01 2.515338700379964720e+01 2.478204090855343367e+01 2.487316487517339425e+01 2.512941939641599376e+01 2.478960502177420366e+01 2.943192807179848458e+01 1.905026291394491622e+01 3.979421035610614155e+01 2.015767854311395624e+01 1.169761821302560012e+00 5.718127029696057351e-01 6.799999999999999822e+00 5.799999999999999822e+00 1.449999999999999956e+00
1.129796325689283876e+01 1.114492467575331425e+01 1.140599747452630197e+01 1.108373705508810048e+01 1.080546647802208682e+01 1.100326351327563401e+01 1.116515738762623577e+01 1.102018291026278796e+01 1.101338071472156166e+01 1.112502086665180379e+01 1.100207005172337027e+01 1.091086179408924473e+01 1.592619419196284802e+01 2.480013610888645204e+01 2.483999236560186219e+01 2.497489213592269408e+01 2.486402485210058444e+01 2.504867219441475257e+01 2.476075952745588893e+01 2.516312384183674311e+01 2.471879470928705658e+01 2.971012270698657787e+01 1.912567573269636156e+01 3.968923551496481394e+01 2.021302992193164272e+01 1.071248929408609607e+00 1.107911909242046633e+00 6.799999999999999822e+00 5.799999999999999822e+00 1.449999999999999956e+00
1.123762093604117851e+01 1.104614665650596983e+01 1.135458419317004974e+01 1.123790446622390071e+01 1.112018490232783918e+01 1.141689573207571229e+01 1.091434687600153808e+01 1.107296531316386989e+01 1.103243688804294109e+01 1.097769437238453172e+01 1.109163977324748451e+01 1.106516545094779502e+01 1.613256665021022229e+01 2.464763515419891604e+01 2.495837280971289829e+01 2.490912409204447897e+01 2.483923202998321855e+01 2.517070542605883077e+01 2.466397092901318899e+01 2.518422637454492730e+01 2.476802658680285063e+01 2.959156722712960530e+01 1.912214292898719492e+01 3.980344732133689689e+01 2.025190474983200417e+01 1.042175264962336811e+00 8.064073435480735297e-01 6.799999999999999822e+00 5.799999999999999822e+00 1.449999999999999956e+00
1.166155249115913506e+01 1.130513721357321266e+01 1.125110123705263732e+01 1.143882413803317633e+01 1.094039743079126481e+01 1.126765604826280054e+01 1.120714630027975822e+01 1.117408905993592150e+01 1.110859238198664656e+01 1.121259629903602573e+01 1.079868016692346977e+01 1.101567994169233167e+01 1.609183976741590172e+01 2.467640089761231437e+01 2.501599169907135334e+01 2.476029109505078196e+01 2.508480584301047855e+01 2.489896140357296517e+01 2.489842702956131859e+01 2.509632779914752732e+01 2.476688599681597225e+01 2.971691810572125902e+01 1.902375464879090572e+01 3.978835428199509039e+01 2.021431904366124854e+01 1.057583024214761913e+00 1.141458363387626074e+00 6.799999999999999822e+00 5.799999999999999822e+00 1.449999999999999956e+00
1.145917362903708892e+01 1.147518885164427616e+01 1.120410315736038243e+01 1.128294450613584843e+01 1.109164345562495946e+01 1.098779976787844603e+01 1.114432349479455553e+01 1.113113819051996778e+01 1.071529388321966003e+01 1.104898314929200964e+01 1.113384656020536845e+01 1.094613226732809430e+01 1.612247986639698993e+01 2.475015600931828530e+01 2.496653200589279109e+01 2.481010013165106898e+01 2.508407442279556676e+01 2.484828042429662531e+01 2.486396717110020660e+01 2.516613903419669285e+01 2.472660934907360542e+01 2.957535134624137640e+01 1.946686405662080688e+01 3.960218171268287790e+01 2.046384564352221602e+01 9.290198474418895902e-01 4.464935756924518495e-01 6.799999999999999822e+00 5.799999999999999822e+00 1.449999999999999956e+00
1.161665323864331789e+01 1.127374937236849739e+01 1.135865550164769644e+01 1.126495973873825562e+01 1.097907690940754399e+01 1.105603222540032782e+01 1.133836653842828035e+01 1.104102496740717676e+01 1.115536149386130127e+01 1.126582799941181356e+01 1.121683137081438986e+01 1.088598153164040916e+01 1.617467274080267359e+01 2.469731584880966224e+01 2.490379248112195043e+01 2.494530587348439354e+01 2.486897358744517206e+01 2.506158056175559068e+01 2.483731502760574372e+01 2.512401007086251781e+01 2.475188167317889665e+01 2.953744015724264571e+01 1.926468376211798983e+01 3.972314500180647201e+01 2.031567401950665186e+01 9.736475704665351616e-01 7.538943177797291506e-01 6.799999999999999822e+00 5.799999999999999822e+00 1.449999999999999956e+00
1.136834051484828123e+01 1.141182933100432351e+01 1.125184440613445958e+01 1.133901769697811091e+01 1.102571567452127610e+01 1.129125356728670759e+01 1.098694117916046942e+01 1.111131833043681638e+01 1.109753255878008282e+01 1.128027021600599866e+01 1.118801210071786656e+01 1.106959151852598211e+01 1.616812648432487975e+01 2.453284277930763579e+01 2.505078293643157750e+01 2.486978720820093613e+01 2.491123474998393306e+01 2.505898830199146587e+01 2.476017636055825832e+01 2.520523838582903053e+01 2.475011405886776927e+01 2.939195427081352818e+01 1.931520951013145293e+01 3.974364524084900552e+01 2.028097627755181520e+01 1.041204685662391105e+00 9.472084946511279968e-01 6.799999999999999822e+00 5.799999999999999822e+00 1.449999999999999956e+00
1.136919046464120875e+01 1.118225126776748724e+01 1.140073724699466062e+01 1.128580712280232490e+01 1.110426645944178148e+01 1.107227223888984113e+01 1.096065631522465722e+01 1.090428408915652092e+01 1.109618555267111439e+01 1.090402487016588573e+01 1.106133200558009655e+01 1.111046907342369927e+01 1.589875892218424269e+01 2.470338416569981987e+01 2.499422720069956583e+01 2.483866805020908330e+01 2.490970388133566971e+01 2.506479377543983844e+01 2.473085764836989853e+01 2.525914337143000310e+01 2.464009963360755862e+01 2.967386159457283767e+01 1.922352748177855020e+01 3.979756929175405844e+01 2.019977726182671773e+01 1.103486896894560365e+00 9.402829513839735531e-01 6.799999999999999822e+00 5.799999999999999822e+00 1.449999999999999956e+00
1.153077421963050853e+01 1.118326237387979027e+01 1.135586184274392707e+01 1.128206507747711562e+01 1.094376926288962437e+01 1.104921738811974130e+01 1.123449832519879799e+01 1.118654330362244487e+01 1.118698509271556318e+01 1.105433337937517457e+01 1.107180412917310264e+01 1.114588341992810072e+01 1.603005098045452570e+01 2.471443421003910856e+01 2.492968216441475704e+01 2.491171856734063894e+01 2.499631119316113015e+01 2.491794700907052729e+01 2.493196415672556299e+01 2.494693062066268041e+01 2.497714093310630190e+01 2.924486825125741163e+01 1.891922171980380796e+01 3.997133539530408797e+01 2.004907852436553739e+01 1.051030596810642814e+00 8.548223204255146479e-01 6.799999999999999822e+00 5.799999999999999822e+00 1.449999999999999956e+00
1.133998290457436831e+01 1.114212971012909037e+01 1.133745360151587001e+01 1.124487921285192549e+01 1.126729076785812467e+01 1.096466396896804696e+01 1.083064351279041304e+01 1.089319517523859027e+01 1.109492935560892235e+01 1.111407221483360708e+01 1.090859447390892001e+01 1.096667191496708682e+01 1.622117323957077417e+01 2.464684866541970720e+01 2.496656677466812013e+01 2.480698855003279135e+01 2.504918354425158711e+01 2.497793030414020521e+01 2.481114533229853336e+01 2.514501724086999346e+01 2.470317696560278264e+01 2.992261876725518022e+01 1.883365626294227013e+01 3.978277218773705926e+01 2.029123421782394843e+01 8.409288583416885121e-01 6.227205951059102684e-01 6.799999999999999822e+00 5.799999999999999822e+00 1.449999999999999956e+00
1.126579846353824443e+01 1.119305499832208284e+01 1.147489373945229829e+01 1.121440927445884306e+01 1.084963276933554255e+01 1.123442687899901848e+01 1.119942505848774061e+01 1.096398956350081200e+01 1.094403959420963268e+01 1.121405820949398802e+01 1.110326143469904636e+01 1.103735064673001709e+01 1.591651450796499923e+01 2.482753815069012049e+01 2.474072982140000221e+01 2.510472610316325870e+01 2.480196954618228844e+01 2.508665837592941017e+01 2.475106532914467650e+01 2.516684934351670933e+01 2.474828938731063133e+01 2.973875115862036722e+01 1.892244255373056561e+01 3.979800063951730493e+01 2.022418055880065069e+01 1.005982099206264024e+00 6.686308912559086881e-01 6.799999999999999822e+00 5.799999999999999822e+00 1.449999999999999956e+00
1.126227651239585015e+01 1.112571764206511027e+01 1.143643644566407502e+01 1.129994472708711051e+01 1.110164212947886853e+01 1.109578263009242960e+01 1.119119619226183460e+01 1.126568317077020431e+01 1.099798220440081309e+01 1.128266004413724843e+01 1.098426484320237684e+01 1.099499667120109336e+01 1.599929702252988584e+01 2.461361510837026501e+01 2.509126223884969420e+01 2.474598482967905966e+01 2.504536304701746019e+01 2.497306329283050275e+01 2.475634842130621038e+01 2.528290752657255780e+01 2.459548372597157950e+01 3.001236165894717089e+01 1.914117782581522320e+01 3.965870274015715324e+01 2.037530838110549425e+01 1.079193512067153859e+00 3.716420128668154743e-01 6.799999999999999822e+00 5.799999999999999822e+00 1.449999999999999956e+00
