3.670867799869838244e+00 3.694660226119368396e+00 3.551148936233365028e+00 3.660683185425694486e+00 0.000000000000000000e+00 0.000000000000000000e+00 0.000000000000000000e+00 0.000000000000000000e+00 0.000000000000000000e+00 0.000000000000000000e+00 0.000000000000000000e+00 0.000000000000000000e+00 6.952120459648677198e+00 1.116779545282198427e+01 1.107007617732603855e+01 1.140105128489673625e+01 1.093612689569971863e+01 1.134955484341214316e+01 1.111063759664787831e+01 1.112618432257787759e+01 1.140191580154283457e+01 2.200564114341117161e+01 1.009729967218349245e+01 2.232916952714771597e+01 9.332581721614003456e+00 -1.540568996681672687e+00 -1.369221658380245898e+00 3.899999999999999911e+00 3.200000000000000178e+00 0.000000000000000000e+00
3.694516394388801750e+00 3.733078202182191330e+00 3.508567646003657892e+00 3.662289643886016854e+00 0.000000000000000000e+00 0.000000000000000000e+00 0.000000000000000000e+00 0.000000000000000000e+00 0.000000000000000000e+00 0.000000000000000000e+00 0.000000000000000000e+00 0.000000000000000000e+00 6.834305084082155979e+00 1.119880872751556389e+01 1.123891465819925806e+01 1.111916186233841053e+01 1.115371264147098529e+01 1.130951816969924728e+01 1.099014767856741592e+01 1.125719939948960402e+01 1.127558591946032962e+01 2.214777303974265266e+01 9.861645501100737121e+00 2.253888489370625692e+01 8.961768636622354123e+00 -9.936309428503813379e-01 -1.692751079807684356e+00 3.899999999999999911e+00 3.200000000000000178e+00 0.000000000000000000e+00
3.636151937328628847e+00 3.727663605219936560e+00 3.608344608492445094e+00 3.632280702881065526e+00 0.000000000000000000e+00 0.000000000000000000e+00 0.000000000000000000e+00 0.000000000000000000e+00 0.000000000000000000e+00 0.000000000000000000e+00 0.000000000000000000e+00 0.000000000000000000e+00 6.512327809775015908e+00 1.141131860188060898e+01 1.107872524017709459e+01 1.115853743411241972e+01 1.118710040329318645e+01 1.129995125612267337e+01 1.098632102294516422e+01 1.130232068713222660e+01 1.124177779461930804e+01 2.211020546687151267e+01 9.843158799100235612e+00 2.242821898587962437e+01 9.218175869718194804e+00 -1.271777658050909920e+00 -1.382410469647868512e+00 3.899999999999999911e+00 3.200000000000000178e+00 0.000000000000000000e+00
3.667819045152866941e+00 3.800316955058186341e+00 3.581476278006422653e+00 3.585341990578109872e+00 0.000000000000000000e+00 0.000000000000000000e+00 0.000000000000000000e+00 0.000000000000000000e+00 0.000000000000000000e+00 0.000000000000000000e+00 0.000000000000000000e+00 0.000000000000000000e+00 6.551957726724841002e+00 1.145601020320201258e+01 1.113813753799507467e+01 1.104839671512102939e+01 1.120148653191354171e+01 1.135281643927624096e+01 1.093638652580003345e+01 1.130497742147951179e+01 1.123502777581309608e+01 2.201479329715727928e+01 9.834687313591858882e+00 2.251817416129648208e+01 9.038570150130391667e+00 -1.169435013718905569e+00 -1.238016561699425644e+00 3.899999999999999911e+00 3.200000000000000178e+00 0.000000000000000000e+00
3.682381520209244918e+00 3.656044330731456515e+00 3.600486479943118212e+00 3.580832872344866136e+00 0.000000000000000000e+00 0.000000000000000000e+00 0.000000000000000000e+00 0.000000000000000000e+00 0.000000000000000000e+00 0.000000000000000000e+00 0.000000000000000000e+00 0.000000000000000000e+00 6.748091334023902377e+00 1.127432316646852861e+01 1.116425065712453168e+01 1.120063461792882364e+01 1.106153486586546997e+01 1.129473905400076283e+01 1.113715098960275540e+01 1.108287674157787706e+01 1.135895320447944101e+01 2.214208698527630759e+01 9.788512448591323079e+00 2.243598740999485130e+01 9.074931697891653215e+00 -1.206726221349764927e+00 -1.303278258196797212e+00 3.899999999999999911e+00 3.200000000000000178e+00 0.000000000000000000e+00
3.664690470117805798e+00 3.838511923774998280e+00 3.553806786928063843e+00 3.593197616937257699e+00 0.000000000000000000e+00 0.000000000000000000e+00 0.000000000000000000e+00 0.000000000000000000e+00 0.000000000000000000e+00 0.000000000000000000e+00 0.000000000000000000e+00 0.000000000000000000e+00 6.573315404007775697e+00 1.144124132502374813e+01 1.118643425137958936e+01 1.100572227951083626e+01 1.122957995431925404e+01 1.140378687665719504e+01 1.081412086814771811e+01 1.144697352432762827e+01 1.117879719838480490e+01 2.207204529100123125e+01 1.002509430374399280e+01 2.241660092146411287e+01 9.337490923967362022e+00 -1.494192171008332348e+00 -1.225677573245659735e+00 3.899999999999999911e+00 3.200000000000000178e+00 0.000000000000000000e+00
3.632280622143610138e+00 3.676981259768075549e+00 3.518227972373799251e+00 3.676450544576179258e+00 0.000000000000000000e+00 0.000000000000000000e+00 0.000000000000000000e+00 0.000000000000000000e+00 0.000000000000000000e+00 0.000000000000000000e+00 0.000000000000000000e+00 0.000000000000000000e+00 6.931130228634770241e+00 1.110871574504585624e+01 1.121399351757145801e+01 1.126402445151686749e+01 1.098563889336198329e+01 1.134835778986398758e+01 1.112342468141480367e+01 1.113135945693695916e+01 1.129173137198467636e+01 2.215581488905229079e+01 9.917105268447004462e+00 2.248349841623575074e+01 8.999896157449484235e+00 -9.386929821164995413e-01 -1.793063758759615878e+00 3.899999999999999911e+00 3.200000000000000178e+00 0.000000000000000000e+00
3.642766225358331500e+00 3.782029347915297102e+00 3.593649758113144799e+00 3.580422414534671471e+00 0.000000000000000000e+00 0.000000000000000000e+00 0.000000000000000000e+00 0.000000000000000000e+00 0.000000000000000000e+00 0.000000000000000000e+00 0.000000000000000000e+00 0.000000000000000000e+00 6.690689350103860455e+00 1.129237674646466338e+01 1.125651931177810816e+01 1.105855303445786575e+01 1.118615680704088255e+01 1.128072656002956187e+01 1.109431328337098321e+01 1.114481881038038402e+01 1.135329357191241861e+01 2.214850082871215520e+01 9.705398061633154327e+00 2.245345233626340686e+01 9.197249469913840514e+00 -1.419540066032015879e+00 -1.339837924767055544e+00 3.899999999999999911e+00 3.200000000000000178e+00 0.000000000000000000e+00
3.731300740275598216e+00 3.703160713471479237e+00 3.619958134356069390e+00 3.618429190295015196e+00 0.000000000000000000e+00 0.000000000000000000e+00 0.000000000000000000e+00 0.000000000000000000e+00 0.000000000000000000e+00 0.000000000000000000e+00 0.000000000000000000e+00 0.000000000000000000e+00 6.876834616912836040e+00 1.114815038944879255e+01 1.127093992859364491e+01 1.115362346437602525e+01 1.106146706128408219e+01 1.132927485938579792e+01 1.104450740733038039e+01 1.119933071154706106e+01 1.120171684646983579e+01 2.220874826765834342e+01 1.011314721741002032e+01 2.235861878646979406e+01 9.039954658649712371e+00 -1.071604499346553219e+00 -1.410609967121802644e+00 3.899999999999999911e+00 3.200000000000000178e+00 0.000000000000000000e+00
3.737363353370622754e+00 3.783717437569416475e+00 3.610799338898882826e+00 3.570334329293261000e+00 0.000000000000000000e+00 0.000000000000000000e+00 0.000000000000000000e+00 0.000000000000000000e+00 0.000000000000000000e+00 0.000000000000000000e+00 0.000000000000000000e+00 0.000000000000000000e+00 6.504528839936509321e+00 1.145289316692532999e+01 1.127656931151585873e+01 1.085275554984901802e+01 1.135309025183295795e+01 1.130962913552609805e+01 1.083921134569312450e+01 1.143911354422887783e+01 1.113463720383636790e+01 2.214757346566606344e+01 9.829898117323311979e+00 2.247677693796585885e+01 9.080779196068645476e+00 -1.318057300260776721e+00 -1.250709535341924195e+00 3.899999999999999911e+00 3.200000000000000178e+00 0.000000000000000000e+00
3.650025900531010059e+00 3.742938547981970565e+00 3.600317707997498395e+00 3.628974710531754688e+00 0.000000000000000000e+00 0.000000000000000000e+00 0.000000000000000000e+00 0.000000000000000000e+00 0.000000000000000000e+00 0.000000000000000000e+00 0.000000000000000000e+00 0.000000000000000000e+00 6.713075477722145301e+00 1.129105030210276794e+01 1.124620450536992067e+01 1.106753456277475678e+01 1.111908844896628601e+01 1.140628789194237136e+01 1.089124713482954299e+01 1.140371845046083799e+01 1.103815680355108597e+01 2.239650734918947350e+01 1.002962273135087301e+01 2.236369562441392489e+01 9.111305547906457747e+00 -1.104172883791874504e+00 -1.571011711317281900e+00 3.899999999999999911e+00 3.200000000000000178e+00 0.000000000000000000e+00
3.638474492135224558e+00 3.661438969431031420e+00 3.582951715468208675e+00 3.598662194842753070e+00 0.000000000000000000e+00 0.000000000000000000e+00 0.000000000000000000e+00 0.000000000000000000e+00 0.000000000000000000e+00 0.000000000000000000e+00 0.000000000000000000e+00 0.000000000000000000e+00 6.681294049873047314e+00 1.135259399855537055e+01 1.116412141291657178e+01 1.112464141683731356e+01 1.120149354856566504e+01 1.119395796645304841e+01 1.115087075637454639e+01 1.117586472373688800e+01 1.115858190577280240e+01 2.251561332061184473e+01 9.868988521283666771e+00 2.224739792885942791e+01 9.162068026695251888e+00 -1.194956694515225681e+00 -1.401648842372721582e+00 3.899999999999999911e+00 3.200000000000000178e+00 0.000000000000000000e+00
3.673416547188991910e+00 3.789691137446160596e+00 3.542581215820653551e+00 3.585270587790591712e+00 0.000000000000000000e+00 0.000000000000000000e+00 0.000000000000000000e+00 0.000000000000000000e+00 0.000000000000000000e+00 0.000000000000000000e+00 0.000000000000000000e+00 0.000000000000000000e+00 6.783155886792967770e+00 1.124874498560892278e+01 1.129625385401942061e+01 1.099986186498977148e+01 1.122999721840515264e+01 1.132322685431926779e+01 1.100545346162200033e+01 1.127232064211186291e+01 1.129467632599575388e+01 2.199964887320216533e+01 9.911114449062148779e+00 2.247990805243838253e+01 9.135891889181733561e+00 -1.397407658524335350e+00 -1.275523715604288677e+00 3.899999999999999911e+00 3.200000000000000178e+00 0.000000000000000000e+00
3.646508095546290296e+00 3.733979660110763987e+00 3.543563870563693818e+00 3.610879820975485543e+00 0.000000000000000000e+00 0.000000000000000000e+00 0.000000000000000000e+00 0.000000000000000000e+00 0.000000000000000000e+00 0.000000000000000000e+00 0.000000000000000000e+00 0.000000000000000000e+00 6.635064733109322432e+00 1.138000255509876446e+01 1.112658370481726067e+01 1.120443345591403705e+01 1.102568942108785066e+01 1.140135464991471181e+01 1.098801843834779213e+01 1.126799461868931118e+01 1.114027493402677749e+01 2.239771600618584202e+01 9.995484618162251422e+00 2.227781101750078463e+01 9.284607000811099908e+00 -1.221264380763590118e+00 -1.346854699208472894e+00 3.899999999999999911e+00 3.200000000000000178e+00 0.000000000000000000e+00
3.697049156849031348e+00 3.768258871730185255e+00 3.552273355758932105e+00 3.594748729790968156e+00 0.000000000000000000e+00 0.000000000000000000e+00 0.000000000000000000e+00 0.000000000000000000e+00 0.000000000000000000e+00 0.000000000000000000e+00 0.000000000000000000e+00 0.000000000000000000e+00 6.887078429810059355e+00 1.123167258100780153e+01 1.103845161598254165e+01 1.135928670326135759e+01 1.098248082094908717e+01 1.125408414930154599e+01 1.117925106752729114e+01 1.106815839347990860e+01 1.128129790278483746e+01 2.230366245547370951e+01 9.877575380849034303e+00 2.236310563822486586e+01 9.132729803218841980e+00 -1.304593911112079674e+00 -9.580371505536094956e-01 3.899999999999999911e+00 3.200000000000000178e+00 0.000000000000000000e+00
3.664180427568644483e+00 3.682760518996442300e+00 3.633826855003084777e+00 3.634189017074330508e+00 0.000000000000000000e+00 0.000000000000000000e+00 0.000000000000000000e+00 0.000000000000000000e+00 0.000000000000000000e+00 0.000000000000000000e+00 0.000000000000000000e+00 0.000000000000000000e+00 6.669282348431184282e+00 1.143099574212621761e+01 1.105712376905273864e+01 1.112170763694718190e+01 1.131620287904565814e+01 1.113093907284523354e+01 1.113070852300616131e+01 1.121185983060562386e+01 1.124319411216827547e+01 2.229155430932074466e+01 9.922556725679273271e+00 2.247851723398860813e+01 9.091092805056572246e+00 -1.274490428239922757e+00 -1.361953781750905534e+00 3.899999999999999911e+00 3.200000000000000178e+00 0.000000000000000000e+00
3.653906906033256963e+00 3.755707415108824332e+00 3.599876012799632097e+00 3.621815834114657573e+00 0.000000000000000000e+00 0.000000000000000000e+00 0.000000000000000000e+00 0.000000000000000000e+00 0.000000000000000000e+00 0.000000000000000000e+00 0.000000000000000000e+00 0.000000000000000000e+00 6.809791901700648076e+00 1.121243355642950768e+01 1.125661401136133044e+01 1.107860304840060550e+01 1.114351535682194516e+01 1.127128041907734612e+01 1.110789288311158529e+01 1.115182607139852244e+01 1.126693950318459514e+01 2.226222920845769693e+01 9.866513438841597150e+00 2.242914418713752411e+01 8.999481236945465312e+00 -1.179210388979893276e+00 -1.183842658983601082e+00 3.899999999999999911e+00 3.200000000000000178e+00 0.000000000000000000e+00
3.749131426445569737e+00 3.787812652021854021e+00 3.546587931730779797e+00 3.603778495437401030e+00 0.000000000000000000e+00 0.000000000000000000e+00 0.000000000000000000e+00 0.000000000000000000e+00 0.000000000000000000e+00 0.000000000000000000e+00 0.000000000000000000e+00 0.000000000000000000e+00 6.775987264467255855e+00 1.125313178807484071e+01 1.123580230471447372e+01 1.101241227320695160e+01 1.127451890339698082e+01 1.126182453173910503e+01 1.100075980850378166e+01 1.126407254312269934e+01 1.132089017825606625e+01 2.180310114655314635e+01 9.824007234272613687e+00 2.265716386681880934e+01 8.978561521318779270e+00 -1.108071960472138295e+00 -1.269296315728320579e+00 3.899999999999999911e+00 3.200000000000000178e+00 0.000000000000000000e+00
3.632964935770148340e+00 3.648046058659881297e+00 3.610640953084387039e+00 3.543882030103796765e+00 0.000000000000000000e+00 0.000000000000000000e+00 0.000000000000000000e+00 0.000000000000000000e+00 0.000000000000000000e+00 0.000000000000000000e+00 0.000000000000000000e+00 0.000000000000000000e+00 6.857593227688647097e+00 1.121734236105162807e+01 1.122771279568500269e+01 1.108537160870040772e+01 1.117795564079944981e+01 1.130809837901094284e+01 1.095850070466624615e+01 1.136626387105459735e+01 1.106877276718441294e+01 2.236544747822036783e+01 1.008171921855968556e+01 2.235090506471278715e+01 9.092587956705688867e+00 -1.298365360187148765e+00 -1.043069409907198208e+00 3.899999999999999911e+00 3.200000000000000178e+00 0.000000000000000000e+00
3.718873135771898042e+00 3.711738858683015341e+00 3.521049455651406035e+00 3.657084340556076896e+00 0.000000000000000000e+00 0.000000000000000000e+00 0.000000000000000000e+00 0.000000000000000000e+00 0.000000000000000000e+00 0.000000000000000000e+00 0.000000000000000000e+00 0.000000000000000000e+00 6.593012767767725713e+00 1.137552743438465086e+01 1.116239262116258679e+01 1.114173734783381242e+01 1.113349166322422334e+01 1.128503770473594869e+01 1.113276286345520738e+01 1.112947318637361072e+01 1.134958750029736407e+01 2.213705394532333059e+01 1.002255871352310912e+01 2.235675869300232321e+01 9.280918036121725834e+00 -1.464700891663632376e+00 -1.346838479885375639e+00 3.899999999999999911e+00 3.200000000000000178e+00 0.000000000000000000e+00
3.634010946597422187e+00 3.642511641516089416e+00 3.627345200304194162e+00 3.576252324929461324e+00 0.000000000000000000e+00 0.000000000000000000e+00 0.000000000000000000e+00 0.000000000000000000e+00 0.000000000000000000e+00 0.000000000000000000e+00 0.000000000000000000e+00 0.000000000000000000e+00 6.611736353748995931e+00 1.140769828964523036e+01 1.106224678269195039e+01 1.125259054733643715e+01 1.101572486308619681e+01 1.138876199697471669e+01 1.095945278130959721e+01 1.129321778535018517e+01 1.112035882934056019e+01 2.242042823427508580e+01 1.000032318995121372e+01 2.221256303383094988e+01 9.393468057299852347e+00 -1.590613452252608528e+00 -8.367993917988898467e-01 3.899999999999999911e+00 3.200000000000000178e+00 0.000000000000000000e+00
3.724142024909335547e+00 3.775799056933843989e+00 3.527944396740693378e+00 3.625679429128464637e+00 0.000000000000000000e+00 0.000000000000000000e+00 0.000000000000000000e+00 0.000000000000000000e+00 0.000000000000000000e+00 0.000000000000000000e+00 0.000000000000000000e+00 0.000000000000000000e+00 6.948436782467352302e+00 1.116191089163782024e+01 1.115900113381907666e+01 1.118632586792487693e+01 1.115542904676719083e+01 1.120602882527175659e+01 1.117158519254189208e+01 1.112390949826242625e+01 1.129010050400551535e+01 2.195873823935014002e+01 1.000784739171789361e+01 2.254358579638781990e+01 8.833833753124029187e+00 -9.795135162329974277e-01 -1.325339080208216336e+00 3.899999999999999911e+00 3.200000000000000178e+00 0.000000000000000000e+00
3.711241349413773261e+00 3.677213374539552326e+00 3.583069244154684974e+00 3.652188108594536686e+00 0.000000000000000000e+00 0.000000000000000000e+00 0.000000000000000000e+00 0.000000000000000000e+00 0.000000000000000000e+00 0.000000000000000000e+00 0.000000000000000000e+00 0.000000000000000000e+00 6.956888193485986527e+00 1.107901936393712639e+01 1.133602037892636716e+01 1.110860897590817231e+01 1.101376878750055255e+01 1.146033468344144701e+01 1.091468746206801121e+01 1.132268953139836221e+01 1.116289223244726792e+01 2.241083154202933869e+01 9.902586771564246604e+00 2.235209902162728923e+01 9.309165637467504695e+00 -1.323628776733786871e+00 -1.597429031209690153e+00 3.899999999999999911e+00 3.200000000000000178e+00 0.000000000000000000e+00
3.738304667263362635e+00 3.693882001874773557e+00 3.556882832453618803e+00 3.625849426464443859e+00 0.000000000000000000e+00 0.000000000000000000e+00 0.000000000000000000e+00 0.000000000000000000e+00 0.000000000000000000e+00 0.000000000000000000e+00 0.000000000000000000e+00 0.000000000000000000e+00 6.574935270665072551e+00 1.138783506922703381e+01 1.118156174305337380e+01 1.106110198589470528e+01 1.117458634640738957e+01 1.133206690699337038e+01 1.096996194720758666e+01 1.124434611519988536e+01 1.131546850453466035e+01 2.203343472523051005e+01 9.748780772031995667e+00 2.251545234186671252e+01 9.082642756024300823e+00 -1.340436588359131376e+00 -1.146814318566060420e+00 3.899999999999999911e+00 3.200000000000000178e+00 0.000000000000000000e+00
3.670324309204775926e+00 3.677181225293712608e+00 3.542972312193572115e+00 3.640003828133699049e+00 0.000000000000000000e+00 0.000000000000000000e+00 0.000000000000000000e+00 0.000000000000000000e+00 0.000000000000000000e+00 0.000000000000000000e+00 0.000000000000000000e+00 0.000000000000000000e+00 6.762828034778987529e+00 1.124579819872340103e+01 1.126974784164927534e+01 1.102468793266739056e+01 1.121346335763823987e+01 1.125076530348812653e+01 1.114605073257672174e+01 1.109245329954481818e+01 1.140119141337360631e+01 2.180753531901272169e+01 1.011204823986975754e+01 2.247169091945303521e+01 9.163775879679024072e+00 -1.314188445083368961e+00 -1.226909708675377297e+00 3.899999999999999911e+00 3.200000000000000178e+00 0.000000000000000000e+00
3.601952299573276672e+00 3.796842721059310755e+00 3.546269881973965976e+00 3.677931404788928216e+00 0.000000000000000000e+00 0.000000000000000000e+00 0.000000000000000000e+00 0.000000000000000000e+00 0.000000000000000000e+00 0.000000000000000000e+00 0.000000000000000000e+00 0.000000000000000000e+00 6.651214096945045284e+00 1.133389070652938813e+01 1.119998778406294093e+01 1.099923758181879307e+01 1.130024044889433554e+01 1.128071948181739614e+01 1.089733751794118533e+01 1.133164793347250310e+01 1.126364133947065760e+01 2.206893287235687851e+01 9.951759456078308475e+00 2.246000798531138187e+01 9.255382176898718782e+00 -1.326428352350852879e+00 -1.318807511635885499e+00 3.899999999999999911e+00 3.200000000000000178e+00 0.000000000000000000e+00
3.666649350524147088e+00 3.832264426786015754e+00 3.620471592671933525e+00 3.528373203179540507e+00 0.000000000000000000e+00 0.000000000000000000e+00 0.000000000000000000e+00 0.000000000000000000e+00 0.000000000000000000e+00 0.000000000000000000e+00 0.000000000000000000e+00 0.000000000000000000e+00 6.745626305424213598e+00 1.133896150941261283e+01 1.109876878625092367e+01 1.109826630696155370e+01 1.127957241973342839e+01 1.116705137363264555e+01 1.108977830804737152e+01 1.123767311424386506e+01 1.119613799320508640e+01 2.228100657151690456e+01 9.904566954808251111e+00 2.237206027219188087e+01 9.194536858076453711e+00 -1.213779655134623825e+00 -1.306851491952644384e+00 3.899999999999999911e+00 3.200000000000000178e+00 0.000000000000000000e+00
3.687267370782234543e+00 3.756394829869236229e+00 3.600541020557230798e+00 3.664490573047804123e+00 0.000000000000000000e+00 0.000000000000000000e+00 0.000000000000000000e+00 0.000000000000000000e+00 0.000000000000000000e+00 0.000000000000000000e+00 0.000000000000000000e+00 0.000000000000000000e+00 6.770270442111759657e+00 1.129826460460915882e+01 1.116051505559368096e+01 1.114659417112036799e+01 1.108643164860829700e+01 1.136001988444728639e+01 1.099209850440786340e+01 1.122980748094314052e+01 1.128386767165352822e+01 2.189810000490978581e+01 1.014000159469923723e+01 2.244952424975763350e+01 9.104338923403620498e+00 -1.449904830024616675e+00 -8.176533318333076839e-01 3.899999999999999911e+00 3.200000000000000178e+00 0.000000000000000000e+00
3.622045353261779344e+00 3.678901544982611682e+00 3.552575348363698371e+00 3.632559852622597951e+00 0.000000000000000000e+00 0.000000000000000000e+00 0.000000000000000000e+00 0.000000000000000000e+00 0.000000000000000000e+00 0.000000000000000000e+00 0.000000000000000000e+00 0.000000000000000000e+00 6.937092327100913280e+00 1.109587344664522668e+01 1.130321209924204240e+01 1.121580874240867942e+01 1.096806362206028140e+01 1.136521994386098555e+01 1.115218102585717830e+01 1.104783343159012432e+01 1.138281012250117286e+01 2.210431573463089094e+01 1.001178278238224983e+01 2.231021112587368904e+01 9.273354745308161284e+00 -1.239073632582079032e+00 -1.597634202571143858e+00 3.899999999999999911e+00 3.200000000000000178e+00 0.000000000000000000e+00
3.640544254870306418e+00 3.711609007094941681e+00 3.564881173773117418e+00 3.565707907988788339e+00 0.000000000000000000e+00 0.000000000000000000e+00 0.000000000000000000e+00 0.000000000000000000e+00 0.000000000000000000e+00 0.000000000000000000e+00 0.000000000000000000e+00 0.000000000000000000e+00 6.733201604241382476e+00 1.130365908170482747e+01 1.121797978707937382e+01 1.098559672997085990e+01 1.136614113256050729e+01 1.110643211492921445e+01 1.118840153474893029e+01 1.111071467843292204e+01 1.134810420055283764e+01 2.204895115119700222e+01 9.728476176984489854e+00 2.255215876702849798e+01 9.126153400026261409e+00 -1.190061238442520208e+00 -1.492838674955765166e+00 3.899999999999999911e+00 3.200000000000000178e+00 0.000000000000000000e+00
3.700613350284856384e+00 3.831153031668351083e+00 3.512524794183550014e+00 3.575638237729518831e+00 0.000000000000000000e+00 0.000000000000000000e+00 0.000000000000000000e+00 0.000000000000000000e+00 0.000000000000000000e+00 0.000000000000000000e+00 0.000000000000000000e+00 0.000000000000000000e+00 6.610757639200842029e+00 1.138929966629905088e+01 1.119040405081978307e+01 1.101362284260203417e+01 1.123301295960519219e+01 1.129465587745638366e+01 1.100703795828160381e+01 1.128463262023305447e+01 1.118853550693853904e+01 2.228437983825490321e+01 9.728113270729631168e+00 2.246369520607894543e+01 9.149116895907820179e+00 -1.234576282775101008e+00 -1.366774919153235901e+00 3.899999999999999911e+00 3.200000000000000178e+00 0.000000000000000000e+00
3.658469992033420493e+00 3.738203430812640171e+00 3.660574706502327746e+00 3.618169994903388531e+00 0.000000000000000000e+00 0.000000000000000000e+00 0.000000000000000000e+00 0.000000000000000000e+00 0.000000000000000000e+00 0.000000000000000000e+00 0.000000000000000000e+00 0.000000000000000000e+00 6.864366865151469987e+00 1.112851315518130413e+01 1.133837556422634307e+01 1.108425021963951451e+01 1.106415295066685367e+01 1.135730156905548505e+01 1.109719418279728131e+01 1.114038431795687423e+01 1.129588855760953869e+01 2.217899676809208387e+01 9.879706703446904825e+00 2.244660899663590214e+01 9.177330816853642048e+00 -1.203296280643256333e+00 -1.472615660138466787e+00 3.899999999999999911e+00 3.200000000000000178e+00 0.000000000000000000e+00
3.663333512685606141e+00 3.681228432106612658e+00 3.581384113175839712e+00 3.666245185792546213e+00 0.000000000000000000e+00 0.000000000000000000e+00 0.000000000000000000e+00 0.000000000000000000e+00 0.000000000000000000e+00 0.000000000000000000e+00 0.000000000000000000e+00 0.000000000000000000e+00 6.736936205390715138e+00 1.127122833733484697e+01 1.122581746038890316e+01 1.113441752453738687e+01 1.107443462343051266e+01 1.130187553304220316e+01 1.112540447761843687e+01 1.113563443484476245e+01 1.129418560717193465e+01 2.226349690604273235e+01 9.723001509478729432e+00 2.241259433036776372e+01 9.263938962358832185e+00 -1.296119279792514956e+00 -1.493927563620430110e+00 3.899999999999999911e+00 3.200000000000000178e+00 0.000000000000000000e+00
3.666718187260065154e+00 3.700982907061074911e+00 3.577873224936034990e+00 3.664946208588364840e+00 0.000000000000000000e+00 0.000000000000000000e+00 0.000000000000000000e+00 0.000000000000000000e+00 0.000000000000000000e+00 0.000000000000000000e+00 0.000000000000000000e+00 0.000000000000000000e+00 6.857445525175644541e+00 1.118162189086027247e+01 1.128395887308400347e+01 1.097347678716495523e+01 1.136157151160668910e+01 1.101475623360869527e+01 1.132347970956217154e+01 1.102867981314940060e+01 1.131927399827981517e+01 2.207474160196301227e+01 1.012105250440332860e+01 2.241208210630556508e+01 9.018057762539386957e+00 -1.151842649767600646e+00 -1.221022976098948609e+00 3.899999999999999911e+00 3.200000000000000178e+00 0.000000000000000000e+00
3.734979521678505776e+00 3.665435032262329695e+00 3.634057030787003484e+00 3.565658476101880137e+00 0.000000000000000000e+00 0.000000000000000000e+00 0.000000000000000000e+00 0.000000000000000000e+00 0.000000000000000000e+00 0.000000000000000000e+00 0.000000000000000000e+00 0.000000000000000000e+00 6.802840497231777306e+00 1.127555509886285812e+01 1.112685616052242210e+01 1.120512885316252749e+01 1.115020835786131670e+01 1.126176396922676481e+01 1.109925344381338164e+01 1.118741115019932053e+01 1.129194518707197759e+01 2.211197915401329794e+01 9.951687698337753574e+00 2.239532313750129688e+01 9.227509338387251958e+00 -1.352255441030626004e+00 -1.381598314212683754e+00 3.899999999999999911e+00 3.200000000000000178e+00 0.000000000000000000e+00
3.703029752475374359e+00 3.787321835449747542e+00 3.587352911030782021e+00 3.567284354420592773e+00 0.000000000000000000e+00 0.000000000000000000e+00 0.000000000000000000e+00 0.000000000000000000e+00 0.000000000000000000e+00 0.000000000000000000e+00 0.000000000000000000e+00 0.000000000000000000e+00 6.830953050088285572e+00 1.119538321930381919e+01 1.121702056631492717e+01 1.116251633510318264e+01 1.112119064204147101e+01 1.125599863956072610e+01 1.116095383029884403e+01 1.115639261923789149e+01 1.118854876903616180e+01 2.239675589980851456e+01 1.016867099059589385e+01 2.221881923743482190e+01 9.296454674163461718e+00 -1.289758429028443176e+00 -1.399836358647658763e+00 3.899999999999999911e+00 3.200000000000000178e+00 0.000000000000000000e+00
3.628411731927366102e+00 3.744029255699799386e+00 3.610036248256669023e+00 3.570328110715433212e+00 0.000000000000000000e+00 0.000000000000000000e+00 0.000000000000000000e+00 0.000000000000000000e+00 0.000000000000000000e+00 0.000000000000000000e+00 0.000000000000000000e+00 0.000000000000000000e+00 6.789599897457184063e+00 1.130360292459962501e+01 1.110409954438975966e+01 1.124388743935626778e+01 1.108162534693533097e+01 1.120157508932683932e+01 1.120396761407250352e+01 1.113196107359013709e+01 1.113083323734183594e+01 2.252917547858024605e+01 1.011636514424221467e+01 2.224225227192443199e+01 9.144498963785469670e+00 -1.108540249208021189e+00 -1.316996852840981669e+00 3.899999999999999911e+00 3.200000000000000178e+00 0.000000000000000000e+00
3.663827808298596445e+00 3.736580580603736212e+00 3.640145094615608645e+00 3.597362659886777170e+00 0.000000000000000000e+00 0.000000000000000000e+00 0.000000000000000000e+00 0.000000000000000000e+00 0.000000000000000000e+00 0.000000000000000000e+00 0.000000000000000000e+00 0.000000000000000000e+00 6.721436416485737197e+00 1.130503789066032461e+01 1.115437755508033035e+01 1.119458532014739127e+01 1.108931562328089626e+01 1.132927431568244536e+01 1.108038550598440608e+01 1.120960623237245635e+01 1.125349564388368862e+01 2.235624429381322287e+01 9.888849403633049207e+00 2.227607889539048358e+01 9.497400917990207247e+00 -1.474851736603398189e+00 -1.561378745706914595e+00 3.899999999999999911e+00 3.200000000000000178e+00 0.000000000000000000e+00
3.675798317794191306e+00 3.670417857486909519e+00 3.592259353743506800e+00 3.644558896800474734e+00 0.000000000000000000e+00 0.000000000000000000e+00 0.000000000000000000e+00 0.000000000000000000e+00 0.000000000000000000e+00 0.000000000000000000e+00 0.000000000000000000e+00 0.000000000000000000e+00 6.909087808028355759e+00 1.120984385922160165e+01 1.109879091914424265e+01 1.130178305295714303e+01 1.104769056804070892e+01 1.122015528802397455e+01 1.124740203473058564e+01 1.102663950974354279e+01 1.133051029222411721e+01 2.221834853248161323e+01 1.007032177659185557e+01 2.241355055746191738e+01 9.010779808258712720e+00 -1.013954107821619210e+00 -1.635684242441012737e+00 3.899999999999999911e+00 3.200000000000000178e+00 0.000000000000000000e+00
3.726066974953909039e+00 3.683735156768907615e+00 3.629637506441842021e+00 3.553870639215678917e+00 0.000000000000000000e+00 0.000000000000000000e+00 0.000000000000000000e+00 0.000000000000000000e+00 0.000000000000000000e+00 0.000000000000000000e+00 0.000000000000000000e+00 0.000000000000000000e+00 6.830037658269630718e+00 1.124114941213459140e+01 1.124303639646076114e+01 1.107895875940187480e+01 1.109211676098267318e+01 1.139839577599509113e+01 1.094065379561144091e+01 1.127635615859808915e+01 1.116705765830956487e+01 2.234004834498971093e+01 9.887581759265485104e+00 2.241761780288098649e+01 9.020409639197588092e+00 -1.151989536176874829e+00 -1.212496963911335435e+00 3.899999999999999911e+00 3.200000000000000178e+00 0.000000000000000000e+00
3.670402151931323687e+00 3.623318923969859551e+00 3.559475326780284110e+00 3.600637744109449034e+00 0.000000000000000000e+00 0.000000000000000000e+00 0.000000000000000000e+00 0.000000000000000000e+00 0.000000000000000000e+00 0.000000000000000000e+00 0.000000000000000000e+00 0.000000000000000000e+00 6.669341199919910146e+00 1.132456985184287568e+01 1.112995926463723428e+01 1.115579951218263943e+01 1.115900925764890950e+01 1.120842147242388087e+01 1.117939639214231029e+01 1.108489618128619369e+01 1.128581502932827085e+01 2.221196119965916438e+01 9.969263223646123606e+00 2.237560987152015457e+01 9.206694682883620473e+00 -1.246426882983245887e+00 -1.211419978302369360e+00 3.899999999999999911e+00 3.200000000000000178e+00 0.000000000000000000e+00
3.661468478895143708e+00 3.702013173789386435e+00 3.594504927661382077e+00 3.590266919455094907e+00 0.000000000000000000e+00 0.000000000000000000e+00 0.000000000000000000e+00 0.000000000000000000e+00 0.000000000000000000e+00 0.000000000000000000e+00 0.000000000000000000e+00 0.000000000000000000e+00 6.713683436552327244e+00 1.127809443785546861e+01 1.124759442885282823e+01 1.109384525595152127e+01 1.109959691178102226e+01 1.132109387586095295e+01 1.110093533461709114e+01 1.114759530805308252e+01 1.124853855603098651e+01 2.241702936028192283e+01 9.903161675996845048e+00 2.229526673838698514e+01 9.245517424819469809e+00 -1.531934994135997874e+00 -9.288580654286251459e-01 3.899999999999999911e+00 3.200000000000000178e+00 0.000000000000000000e+00
3.607115369408875338e+00 3.702557381667370251e+00 3.567539110392375701e+00 3.540915261702876293e+00 0.000000000000000000e+00 0.000000000000000000e+00 0.000000000000000000e+00 0.000000000000000000e+00 0.000000000000000000e+00 0.000000000000000000e+00 0.000000000000000000e+00 0.000000000000000000e+00 6.799026182412193364e+00 1.130909368636658208e+01 1.107801699817066066e+01 1.123055742711510696e+01 1.114019263260840376e+01 1.124924023068672341e+01 1.112995283451427220e+01 1.112574200059366269e+01 1.139738303482171844e+01 2.189382253559650948e+01 9.889307752845274635e+00 2.248385973430476170e+01 9.152625745505392985e+00 -1.360872408312732595e+00 -1.305279755474716197e+00 3.899999999999999911e+00 3.200000000000000178e+00 0.000000000000000000e+00
3.701651794007990937e+00 3.792713344426519750e+00 3.561616040513917003e+00 3.607072182604269983e+00 0.000000000000000000e+00 0.000000000000000000e+00 0.000000000000000000e+00 0.000000000000000000e+00 0.000000000000000000e+00 0.000000000000000000e+00 0.000000000000000000e+00 0.000000000000000000e+00 6.768313316150419645e+00 1.128528312747897999e+01 1.116957442517169419e+01 1.117730034184120846e+01 1.111781864243413409e+01 1.126694030706455862e+01 1.114882588548643483e+01 1.107162563270921929e+01 1.139692197482790981e+01 2.184590609083790014e+01 9.988179333774727553e+00 2.242679211658360927e+01 9.024194230411946904e+00 -1.158630749768958967e+00 -1.391300422120754776e+00 3.899999999999999911e+00 3.200000000000000178e+00 0.000000000000000000e+00
3.713277523054336005e+00 3.705668855674166817e+00 3.630736870902901092e+00 3.601257648688649837e+00 0.000000000000000000e+00 0.000000000000000000e+00 0.000000000000000000e+00 0.000000000000000000e+00 0.000000000000000000e+00 0.000000000000000000e+00 0.000000000000000000e+00 0.000000000000000000e+00 6.832473510128680871e+00 1.118486690425911512e+01 1.129886428701740009e+01 1.105939872692151305e+01 1.115292013123571202e+01 1.134842712211003501e+01 1.096977385464333565e+01 1.130195399242775700e+01 1.123431845274569874e+01 2.221877118610673918e+01 9.941813232330638073e+00 2.246648321084552435e+01 9.199242042213677806e+00 -1.325214262993944736e+00 -1.620425201694432493e+00 3.899999999999999911e+00 3.200000000000000178e+00 0.000000000000000000e+00
3.654324478556183031e+00 3.730711930789377018e+00 3.562710740882483851e+00 3.618218302378516160e+00 0.000000000000000000e+00 0.000000000000000000e+00 0.000000000000000000e+00 0.000000000000000000e+00 0.000000000000000000e+00 0.000000000000000000e+00 0.000000000000000000e+00 0.000000000000000000e+00 6.503431491353503624e+00 1.151504527678287459e+01 1.097551792934445025e+01 1.127598861517326156e+01 1.109049004535697236e+01 1.125331656099052502e+01 1.117490481372651345e+01 1.115760938761435561e+01 1.119149751289137917e+01 2.233551707286909149e+01 9.856560733150109499e+00 2.243295733286489124e+01 8.935237367101144912e+00 -1.017446975424101119e+00 -1.507377749997432126e+00 3.899999999999999911e+00 3.200000000000000178e+00 0.000000000000000000e+00
3.689300993836270415e+00 3.714382962561677992e+00 3.525969850364471636e+00 3.648674795564692097e+00 0.000000000000000000e+00 0.000000000000000000e+00 0.000000000000000000e+00 0.000000000000000000e+00 0.000000000000000000e+00 0.000000000000000000e+00 0.000000000000000000e+00 0.000000000000000000e+00 6.792457236836296985e+00 1.127958798908828797e+01 1.119094453459346816e+01 1.111962509595003112e+01 1.117721845298511418e+01 1.130290047427349265e+01 1.107138033004730104e+01 1.121970056082688139e+01 1.132667061446191958e+01 2.214065305161892638e+01 9.837394936542692037e+00 2.239512800285707428e+01 9.410640460205675240e+00 -1.548528185575347660e+00 -1.398919649067755788e+00 3.899999999999999911e+00 3.200000000000000178e+00 0.000000000000000000e+00
3.656903091495841807e+00 3.667205692625996161e+00 3.650114668845505062e+00 3.603873801213377082e+00 0.000000000000000000e+00 0.000000000000000000e+00 0.000000000000000000e+00 0.000000000000000000e+00 0.000000000000000000e+00 0.000000000000000000e+00 0.000000000000000000e+00 0.000000000000000000e+00 6.796427980125453239e+00 1.124909910197893126e+01 1.127087616427814254e+01 1.104657480943132875e+01 1.123776329201360547e+01 1.120726398588035799e+01 1.118510477086977772e+01 1.109498550883118106e+01 1.138485362154541747e+01 2.205956937817974506e+01 1.001935655067915754e+01 2.241614838642449570e+01 9.248446623651981113e+00 -1.305053621878763170e+00 -1.596563399169401265e+00 3.899999999999999911e+00 3.200000000000000178e+00 0.000000000000000000e+00
3.652338587517033552e+00 3.732717516904404231e+00 3.625684420882526293e+00 3.594086641293753104e+00 0.000000000000000000e+00 0.000000000000000000e+00 0.000000000000000000e+00 0.000000000000000000e+00 0.000000000000000000e+00 0.000000000000000000e+00 0.000000000000000000e+00 0.000000000000000000e+00 6.639133475603030021e+00 1.141154808643525342e+01 1.104742316101393129e+01 1.121530081967958203e+01 1.122567203004683378e+01 1.098835202536063882e+01 1.141941227983515539e+01 1.093459070260495025e+01 1.127211417711379049e+01 2.225748636893161958e+01 1.013142712495957909e+01 2.229316755311492315e+01 9.066904575647562581e+00 -1.039153968957541974e+00 -1.306123037246767593e+00 3.899999999999999911e+00 3.200000000000000178e+00 0.000000000000000000e+00
3.763843051145072227e+00 3.724155437150655779e+00 3.623959869326889738e+00 3.689269205758023862e+00 0.000000000000000000e+00 0.000000000000000000e+00 0.000000000000000000e+00 0.000000000000000000e+00 0.000000000000000000e+00 0.000000000000000000e+00 0.000000000000000000e+00 0.000000000000000000e+00 6.543328253684879137e+00 1.150155225107662638e+01 1.107630765535283679e+01 1.108953516477565415e+01 1.124535980293345183e+01 1.124573956644473505e+01 1.105464341006377715e+01 1.123441846439956571e+01 1.127556489619557212e+01 2.200528027222582494e+01 9.891598722477329630e+00 2.254022680102086440e+01 8.939711709515453464e+00 -1.166279613279838756e+00 -1.374388691814593333e+00 3.899999999999999911e+00 3.200000000000000178e+00 0.000000000000000000e+00
3.686028808422515457e+00 3.789484687080564296e+00 3.570528082117495394e+00 3.617269425530162064e+00 0.000000000000000000e+00 0.000000000000000000e+00 0.000000000000000000e+00 0.000000000000000000e+00 0.000000000000000000e+00 0.000000000000000000e+00 0.000000000000000000e+00 0.000000000000000000e+00 6.789770410876505125e+00 1.124745574653788616e+01 1.123127822811643561e+01 1.109738610164608019e+01 1.117555167404339755e+01 1.126354472859834743e+01 1.109936488120154685e+01 1.118458856805898805e+01 1.130340538349967616e+01 2.218583389160247776e+01 1.006985049240159036e+01 2.233740173418993891e+01 9.253109275938868450e+00 -1.294369897000104297e+00 -1.689535265800138131e+00 3.899999999999999911e+00 3.200000000000000178e+00 0.000000000000000000e+00
3.686017235204420039e+00 3.697337663922024564e+00 3.548948730482881064e+00 3.613068089946886552e+00 0.000000000000000000e+00 0.000000000000000000e+00 0.000000000000000000e+00 0.000000000000000000e+00 0.000000000000000000e+00 0.000000000000000000e+00 0.000000000000000000e+00 0.000000000000000000e+00 6.831732669920166146e+00 1.124917646169502206e+01 1.110509154659299647e+01 1.122634140129757263e+01 1.113940443380997891e+01 1.123987605301492465e+01 1.117328954438864663e+01 1.110608211134126577e+01 1.134275884222524589e+01 2.215759770964512754e+01 9.920216122405433268e+00 2.236495788376329941e+01 9.339815222255587912e+00 -1.549637106817499443e+00 -1.052902069525438522e+00 3.899999999999999911e+00 3.200000000000000178e+00 0.000000000000000000e+00
3.601709999314863353e+00 3.703176469351479927e+00 3.659966080695299162e+00 3.586747405003940514e+00 0.000000000000000000e+00 0.000000000000000000e+00 0.000000000000000000e+00 0.000000000000000000e+00 0.000000000000000000e+00 0.000000000000000000e+00 0.000000000000000000e+00 0.000000000000000000e+00 6.692154423055160173e+00 1.133997519511953378e+01 1.115342216551760046e+01 1.107151270145697985e+01 1.124070242131206498e+01 1.125633122491527871e+01 1.099845566965384691e+01 1.129549811308191920e+01 1.119916908132309175e+01 2.212193624987706642e+01 9.847338795898624042e+00 2.247863776416619430e+01 9.116399901279807594e+00 -1.254141051689882991e+00 -1.272538847533585704e+00 3.899999999999999911e+00 3.200000000000000178e+00 0.000000000000000000e+00
3.559083068017886653e+00 3.770569864478859667e+00 3.511675139917972643e+00 3.634570295606985191e+00 0.000000000000000000e+00 0.000000000000000000e+00 0.000000000000000000e+00 0.000000000000000000e+00 0.000000000000000000e+00 0.000000000000000000e+00 0.000000000000000000e+00 0.000000000000000000e+00 6.963959382278648746e+00 1.115621982610107921e+01 1.116390901033954108e+01 1.112533572302763929e+01 1.126719610083038248e+01 1.108068022484711967e+01 1.126135525191793718e+01 1.103451723219925817e+01 1.133268113757344508e+01 2.217661282841949699e+01 9.884269950593964182e+00 2.245010681617497639e+01 9.021426546000540725e+00 -1.124864458964307534e+00 -1.420699103757381065e+00 3.899999999999999911e+00 3.200000000000000178e+00 0.000000000000000000e+00
3.655725298088994712e+00 3.625486362239994431e+00 3.523273913608795382e+00 3.640553306527162913e+00 0.000000000000000000e+00 0.000000000000000000e+00 0.000000000000000000e+00 0.000000000000000000e+00 0.000000000000000000e+00 0.000000000000000000e+00 0.000000000000000000e+00 0.000000000000000000e+00 6.864551663806143011e+00 1.115212493354851375e+01 1.125507307214264863e+01 1.113735670763919394e+01 1.112273290166599438e+01 1.129683514117974141e+01 1.101977796559112299e+01 1.125268146677131398e+01 1.113147369507594497e+01 2.230628759179381149e+01 1.007940750009951358e+01 2.233804567695893439e+01 9.058609931992590347e+00 -1.087546543856514614e+00 -1.229500115016521455e+00 3.899999999999999911e+00 3.200000000000000178e+00 0.000000000000000000e+00
3.705014179794632767e+00 3.754808243710924032e+00 3.609114261622887287e+00 3.623463023467911714e+00 0.000000000000000000e+00 0.000000000000000000e+00 0.000000000000000000e+00 0.000000000000000000e+00 0.000000000000000000e+00 0.000000000000000000e+00 0.000000000000000000e+00 0.000000000000000000e+00 6.888012499614535322e+00 1.114061072463255009e+01 1.125933911856135694e+01 1.116469030088308223e+01 1.102100315821927801e+01 1.134389426725872241e+01 1.110566330578953753e+01 1.112992292033374575e+01 1.127051264743055903e+01 2.221242270222768411e+01 9.876216976878220422e+00 2.242598792036868716e+01 9.067421992720664292e+00 -1.162260598388380473e+00 -1.280847980099962147e+00 3.899999999999999911e+00 3.200000000000000178e+00 0.000000000000000000e+00
3.663124278910902198e+00 3.788433295741683082e+00 3.536484374261271935e+00 3.578114340279910710e+00 0.000000000000000000e+00 0.000000000000000000e+00 0.000000000000000000e+00 0.000000000000000000e+00 0.000000000000000000e+00 0.000000000000000000e+00 0.000000000000000000e+00 0.000000000000000000e+00 6.731676813701449547e+00 1.135901769668876682e+01 1.111893910979159905e+01 1.115630447551411386e+01 1.115959029677415693e+01 1.130348545880665689e+01 1.103138671157358885e+01 1.122318975573975486e+01 1.124995117801054434e+01 2.216275011999019995e+01 9.912654743934233181e+00 2.245860361373629743e+01 9.022094627103507847e+00 -1.200151293436435784e+00 -1.215958548850161414e+00 3.899999999999999911e+00 3.200000000000000178e+00 0.000000000000000000e+00
3.639766112975590939e+00 3.838012775758589346e+00 3.591903932173615921e+00 3.609546495597884430e+00 0.000000000000000000e+00 0.000000000000000000e+00 0.000000000000000000e+00 0.000000000000000000e+00 0.000000000000000000e+00 0.000000000000000000e+00 0.000000000000000000e+00 0.000000000000000000e+00 6.904153253875863427e+00 1.107871013457410747e+01 1.129480296457200517e+01 1.125177206102005556e+01 1.090476234286424528e+01 1.136126252852842278e+01 1.111402749454145500e+01 1.111165402800199331e+01 1.118368153207161342e+01 2.242146592505198655e+01 9.884213015214895037e+00 2.232181662971040481e+01 8.912647873930335862e+00 -9.245504350219055922e-01 -1.282783123737498920e+00 3.899999999999999911e+00 3.200000000000000178e+00 0.000000000000000000e+00
3.597888352296601422e+00 3.689674769144149824e+00 3.554777970742417192e+00 3.607552390897348360e+00 0.000000000000000000e+00 0.000000000000000000e+00 0.000000000000000000e+00 0.000000000000000000e+00 0.000000000000000000e+00 0.000000000000000000e+00 0.000000000000000000e+00 0.000000000000000000e+00 6.829710478203263158e+00 1.119401623105905408e+01 1.123237959876359682e+01 1.109901987141119761e+01 1.115164356806976187e+01 1.129694399260466398e+01 1.104240538453736065e+01 1.118514643521021945e+01 1.131230804791861644e+01 2.205243559001069187e+01 9.641792562076012985e+00 2.258836080729935603e+01 9.023887824341059627e+00 -1.213470627006256519e+00 -1.160772204614219039e+00 3.899999999999999911e+00 3.200000000000000178e+00 0.000000000000000000e+00
3.749119481835860412e+00 3.746644976183465037e+00 3.609518332604283231e+00 3.629843197216740425e+00 0.000000000000000000e+00 0.000000000000000000e+00 0.000000000000000000e+00 0.000000000000000000e+00 0.000000000000000000e+00 0.000000000000000000e+00 0.000000000000000000e+00 0.000000000000000000e+00 6.671311425642352688e+00 1.136186813981287536e+01 1.119427408296361115e+01 1.100308659545979673e+01 1.129340839697180776e+01 1.121950135888511646e+01 1.107052950894638776e+01 1.121907493014480472e+01 1.133396821389525932e+01 2.190121413040185061e+01 9.916277107717057504e+00 2.254760596007117357e+01 9.150092575432360320e+00 -1.460815886171413336e+00 -1.084810927297024996e+00 3.899999999999999911e+00 3.200000000000000178e+00 0.000000000000000000e+00
3.697713054860071846e+00 3.717248186448088187e+00 3.540605960566816535e+00 3.629231672936606756e+00 0.000000000000000000e+00 0.000000000000000000e+00 0.000000000000000000e+00 0.000000000000000000e+00 0.000000000000000000e+00 0.000000000000000000e+00 0.000000000000000000e+00 0.000000000000000000e+00 6.780600307447932629e+00 1.132979291386039122e+01 1.106479118730216271e+01 1.115304363336239746e+01 1.130277414942373326e+01 1.106804641154961111e+01 1.122062233861276859e+01 1.117112218797541878e+01 1.119328842872253915e+01 2.235509409181149110e+01 9.909883148183329382e+00 2.241861550284997762e+01 9.056023814535290484e+00 -1.159497184995512686e+00 -1.292840477881546990e+00 3.899999999999999911e+00 3.200000000000000178e+00 0.000000000000000000e+00
3.703855230415975530e+00 3.646654726470535568e+00 3.554673121298745020e+00 3.625626787653000171e+00 0.000000000000000000e+00 0.000000000000000000e+00 0.000000000000000000e+00 0.000000000000000000e+00 0.000000000000000000e+00 0.000000000000000000e+00 0.000000000000000000e+00 0.000000000000000000e+00 6.820386133207385626e+00 1.121915814147476631e+01 1.120227698593920707e+01 1.115248279170835488e+01 1.112985833111117806e+01 1.128433210867571468e+01 1.107540283065756448e+01 1.122611424409336855e+01 1.121722431832860067e+01 2.230264865602527991e+01 1.010606603554371041e+01 2.222483570407886688e+01 9.378664616736173798e+00 -1.488392659330673329e+00 -1.192495739622836393e+00 3.899999999999999911e+00 3.200000000000000178e+00 0.000000000000000000e+00
3.639016368885257702e+00 3.738571714324181450e+00 3.533304048542251330e+00 3.630042928117756862e+00 0.000000000000000000e+00 0.000000000000000000e+00 0.000000000000000000e+00 0.000000000000000000e+00 0.000000000000000000e+00 0.000000000000000000e+00 0.000000000000000000e+00 0.000000000000000000e+00 6.790497967277685731e+00 1.126771916825105002e+01 1.118906759091707492e+01 1.111252993168515246e+01 1.121603636576537255e+01 1.109224654205740990e+01 1.130739484248462823e+01 1.103712583218922028e+01 1.126479934425983309e+01 2.244613756437990304e+01 9.846651713984067911e+00 2.233828653296629696e+01 9.113214725796581206e+00 -1.152139474653736340e+00 -1.415424378938828553e+00 3.899999999999999911e+00 3.200000000000000178e+00 0.000000000000000000e+00
3.681105847361723526e+00 3.659297910447061764e+00 3.590475720997819309e+00 3.597035809746899737e+00 0.000000000000000000e+00 0.000000000000000000e+00 0.000000000000000000e+00 0.000000000000000000e+00 0.000000000000000000e+00 0.000000000000000000e+00 0.000000000000000000e+00 0.000000000000000000e+00 6.458333236111689857e+00 1.151568149477711245e+01 1.111354485712156936e+01 1.097660134860042191e+01 1.134792413091061647e+01 1.120587065793902859e+01 1.102184693441939700e+01 1.131246738259775952e+01 1.117968547492283982e+01 2.222836899052719062e+01 9.954857501021926680e+00 2.241213357081528557e+01 9.264715841954947351e+00 -1.354690437872364095e+00 -1.420770481081908398e+00 3.899999999999999911e+00 3.200000000000000178e+00 0.000000000000000000e+00
3.716341992688339424e+00 3.637908043309930672e+00 3.593224173770175778e+00 3.656475674155885258e+00 0.000000000000000000e+00 0.000000000000000000e+00 0.000000000000000000e+00 0.000000000000000000e+00 0.000000000000000000e+00 0.000000000000000000e+00 0.000000000000000000e+00 0.000000000000000000e+00 6.730092652012846344e+00 1.132488665011360673e+01 1.118310109001562758e+01 1.109454035634886537e+01 1.116688377755143691e+01 1.130731524481146799e+01 1.104852051615083930e+01 1.125408276508222194e+01 1.120557274655617341e+01 2.232579813446522721e+01 1.005391757301605438e+01 2.233970664710752629e+01 9.262934834749698254e+00 -1.403404232200155421e+00 -1.344032701028238019e+00 3.899999999999999911e+00 3.200000000000000178e+00 0.000000000000000000e+00
3.625776126759853391e+00 3.732574356187084774e+00 3.474012321839313522e+00 3.673453438832768647e+00 0.000000000000000000e+00 0.000000000000000000e+00 0.000000000000000000e+00 0.000000000000000000e+00 0.000000000000000000e+00 0.000000000000000000e+00 0.000000000000000000e+00 0.000000000000000000e+00 6.947250677589747347e+00 1.109043849281455607e+01 1.135065627304269498e+01 1.098357920458291304e+01 1.121363530788426921e+01 1.128814569433433235e+01 1.102039755707430047e+01 1.121239540626342901e+01 1.130913759818120923e+01 2.193129572342078148e+01 9.853709842514678741e+00 2.263549319013088379e+01 8.948692513674231463e+00 -1.170232050861702122e+00 -1.129523207835192222e+00 3.899999999999999911e+00 3.200000000000000178e+00 0.000000000000000000e+00
3.678334207044113846e+00 3.759375944471764708e+00 3.608894224936983974e+00 3.645340956867299198e+00 0.000000000000000000e+00 0.000000000000000000e+00 0.000000000000000000e+00 0.000000000000000000e+00 0.000000000000000000e+00 0.000000000000000000e+00 0.000000000000000000e+00 0.000000000000000000e+00 6.769078764422561179e+00 1.123887481301339086e+01 1.132169291704662051e+01 1.099267703605462110e+01 1.116438275535332458e+01 1.134708508100116475e+01 1.098041699427474072e+01 1.125100789672429791e+01 1.122878534157987396e+01 2.202553496191389470e+01 9.928375966627788429e+00 2.255634370121749299e+01 8.825062028918265966e+00 -1.095899311824229949e+00 -1.197981982048731853e+00 3.899999999999999911e+00 3.200000000000000178e+00 0.000000000000000000e+00
3.761665483801508891e+00 3.761737360381393280e+00 3.621394062631361876e+00 3.540881328750180135e+00 0.000000000000000000e+00 0.000000000000000000e+00 0.000000000000000000e+00 0.000000000000000000e+00 0.000000000000000000e+00 0.000000000000000000e+00 0.000000000000000000e+00 0.000000000000000000e+00 6.795135488407002988e+00 1.122073574035135834e+01 1.124059573714303717e+01 1.111175259310413921e+01 1.109337044381695314e+01 1.136058163069641225e+01 1.105425663818588511e+01 1.120126180185529208e+01 1.125599359426317925e+01 2.220824907825550909e+01 1.000413853249683171e+01 2.237979830102980827e+01 9.233522909973263637e+00 -1.368354569601551329e+00 -1.336242402257470596e+00 3.899999999999999911e+00 3.200000000000000178e+00 0.000000000000000000e+00
3.639444771843050930e+00 3.760076882893397698e+00 3.594367641696516902e+00 3.613535058687170398e+00 0.000000000000000000e+00 0.000000000000000000e+00 0.000000000000000000e+00 0.000000000000000000e+00 0.000000000000000000e+00 0.000000000000000000e+00 0.000000000000000000e+00 0.000000000000000000e+00 6.710462735783204735e+00 1.132035030128727904e+01 1.112252996542697403e+01 1.119610734107924266e+01 1.109036004131827546e+01 1.137719289580188864e+01 1.092167335381880022e+01 1.135364190419335451e+01 1.113952252740783955e+01 2.218789427468596642e+01 9.971344865107878874e+00 2.245779523714901060e+01 9.060526902245134906e+00 -1.246591211933641308e+00 -1.210220599343761583e+00 3.899999999999999911e+00 3.200000000000000178e+00 0.000000000000000000e+00
3.673942023995355299e+00 3.754672116383677150e+00 3.579605297575766176e+00 3.627467460295336288e+00 0.000000000000000000e+00 0.000000000000000000e+00 0.000000000000000000e+00 0.000000000000000000e+00 0.000000000000000000e+00 0.000000000000000000e+00 0.000000000000000000e+00 0.000000000000000000e+00 6.719676263295897733e+00 1.134173111724696881e+01 1.112448563454590911e+01 1.117076746312477020e+01 1.109512119458779544e+01 1.130196478094068802e+01 1.105082109974911120e+01 1.119958306903365219e+01 1.123736265919236388e+01 2.210578514893112967e+01 9.764503312177016170e+00 2.252033528147088148e+01 8.978143777749165722e+00 -1.092561905457647864e+00 -1.093444974244702994e+00 3.899999999999999911e+00 3.200000000000000178e+00 0.000000000000000000e+00
3.672811626029744314e+00 3.759866978291441342e+00 3.574505787748236241e+00 3.619570811382454512e+00 0.000000000000000000e+00 0.000000000000000000e+00 0.000000000000000000e+00 0.000000000000000000e+00 0.000000000000000000e+00 0.000000000000000000e+00 0.000000000000000000e+00 0.000000000000000000e+00 6.693304149030081085e+00 1.128982252750444282e+01 1.128374424114960384e+01 1.112064908658707552e+01 1.096902868711620904e+01 1.146544980430916105e+01 1.099280615749953682e+01 1.121473234332364832e+01 1.125463987513483310e+01 2.220632748549632041e+01 1.003659379244629335e+01 2.235673056452610297e+01 9.192642086588143968e+00 -1.150300133803326741e+00 -1.616360323551859768e+00 3.899999999999999911e+00 3.200000000000000178e+00 0.000000000000000000e+00
3.719635624602403823e+00 3.821077067655529458e+00 3.599509168633618916e+00 3.527649272034404593e+00 0.000000000000000000e+00 0.000000000000000000e+00 0.000000000000000000e+00 0.000000000000000000e+00 0.000000000000000000e+00 0.000000000000000000e+00 0.000000000000000000e+00 0.000000000000000000e+00 6.623547314884761228e+00 1.133723114644976171e+01 1.118880759025429228e+01 1.106340074910131754e+01 1.126949440664259328e+01 1.118715428924064348e+01 1.111701159008505613e+01 1.118070664592973351e+01 1.126059367314140758e+01 2.221513351231604005e+01 9.582020441553265044e+00 2.251682965389924718e+01 8.981722421944812851e+00 -1.250556375682001287e+00 -1.211138344417743484e+00 3.899999999999999911e+00 3.200000000000000178e+00 0.000000000000000000e+00
3.679046647441080786e+00 3.701921174874758691e+00 3.596189231616342852e+00 3.567578306277769062e+00 0.000000000000000000e+00 0.000000000000000000e+00 0.000000000000000000e+00 0.000000000000000000e+00 0.000000000000000000e+00 0.000000000000000000e+00 0.000000000000000000e+00 0.000000000000000000e+00 6.582702129849502093e+00 1.140591812982325948e+01 1.120199908958376156e+01 1.104666997886761592e+01 1.121070603110281105e+01 1.132593376200924240e+01 1.097670187479764614e+01 1.132382471368197585e+01 1.117901180655827176e+01 2.234852736208810242e+01 9.896736386723844703e+00 2.240439388773317120e+01 9.198507975021005478e+00 -1.324267951085854156e+00 -1.539553237161820132e+00 3.899999999999999911e+00 3.200000000000000178e+00 0.000000000000000000e+00
3.579649621437099860e+00 3.710288266787813427e+00 3.567940528452998805e+00 3.597662782811424265e+00 0.000000000000000000e+00 0.000000000000000000e+00 0.000000000000000000e+00 0.000000000000000000e+00 0.000000000000000000e+00 0.000000000000000000e+00 0.000000000000000000e+00 0.000000000000000000e+00 6.877846210778733926e+00 1.107554186178801103e+01 1.144528861120206287e+01 1.097111674763201350e+01 1.118084068500555261e+01 1.134551073760056994e+01 1.099161522719877837e+01 1.124757221395831586e+01 1.127045885426970706e+01 2.216079200250577941e+01 9.827810233454371769e+00 2.253023771950988774e+01 9.135973109304904582e+00 -1.164644107302450271e+00 -1.505984651626737891e+00 3.899999999999999911e+00 3.200000000000000178e+00 0.000000000000000000e+00
3.635318966016047426e+00 3.762684559785791194e+00 3.663271626355795618e+00 3.570958393668156372e+00 0.000000000000000000e+00 0.000000000000000000e+00 0.000000000000000000e+00 0.000000000000000000e+00 0.000000000000000000e+00 0.000000000000000000e+00 0.000000000000000000e+00 0.000000000000000000e+00 6.675561377889240866e+00 1.132442517773178814e+01 1.115718894763474545e+01 1.122724108942256471e+01 1.096889496340650538e+01 1.143356903328682250e+01 1.103268472407922829e+01 1.116623998996487011e+01 1.132136089198221107e+01 2.212805092285654496e+01 9.950666968741746388e+00 2.236228813604817844e+01 9.261688112872839440e+00 -1.312008434158418613e+00 -1.466395026857469919e+00 3.899999999999999911e+00 3.200000000000000178e+00 0.000000000000000000e+00
3.688187075690833705e+00 3.751785477318072104e+00 3.592782843751687327e+00 3.633779506831809503e+00 0.000000000000000000e+00 0.000000000000000000e+00 0.000000000000000000e+00 0.000000000000000000e+00 0.000000000000000000e+00 0.000000000000000000e+00 0.000000000000000000e+00 0.000000000000000000e+00 6.599212029424286641e+00 1.134749845302563998e+01 1.128086186556564385e+01 1.090138593397060340e+01 1.137769316007229214e+01 1.114415198559054154e+01 1.112293061994234833e+01 1.119214762990777778e+01 1.127293687497130747e+01 2.205420878688770614e+01 1.000454929032354556e+01 2.249495522103563871e+01 9.030394734530151624e+00 -1.141297585297271988e+00 -1.359362770517180463e+00 3.899999999999999911e+00 3.200000000000000178e+00 0.000000000000000000e+00
3.662586318157742493e+00 3.697172979401725179e+00 3.633545387627457490e+00 3.666160347636977956e+00 0.000000000000000000e+00 0.000000000000000000e+00 0.000000000000000000e+00 0.000000000000000000e+00 0.000000000000000000e+00 0.000000000000000000e+00 0.000000000000000000e+00 0.000000000000000000e+00 6.750258445907854288e+00 1.130353245694073472e+01 1.111152049615602877e+01 1.114716893743678661e+01 1.125082068472717012e+01 1.117241374942089038e+01 1.113955706541836221e+01 1.117767863995868716e+01 1.128815687961007441e+01 2.217077844162382405e+01 9.830232989532536436e+00 2.244521314928380207e+01 9.150427583892048133e+00 -1.260344522362547348e+00 -1.407932363977282275e+00 3.899999999999999911e+00 3.200000000000000178e+00 0.000000000000000000e+00
3.561033442003108451e+00 3.718531543879640466e+00 3.600418245102342762e+00 3.526238837347526633e+00 0.000000000000000000e+00 0.000000000000000000e+00 0.000000000000000000e+00 0.000000000000000000e+00 0.000000000000000000e+00 0.000000000000000000e+00 0.000000000000000000e+00 0.000000000000000000e+00 6.721719761070528598e+00 1.131111335457697464e+01 1.114067185214304878e+01 1.118856030166507054e+01 1.109769872677759750e+01 1.126117341676852668e+01 1.114162320238993154e+01 1.113594428104681455e+01 1.125069152689153462e+01 2.222620586973782153e+01 1.001697289069601382e+01 2.235622947693307694e+01 9.148821838209928003e+00 -1.205601069342914888e+00 -1.272532593559445813e+00 3.899999999999999911e+00 3.200000000000000178e+00 0.000000000000000000e+00
3.644281748918104746e+00 3.703462193355302023e+00 3.540664206677555104e+00 3.612095484314716387e+00 0.000000000000000000e+00 0.000000000000000000e+00 0.000000000000000000e+00 0.000000000000000000e+00 0.000000000000000000e+00 0.000000000000000000e+00 0.000000000000000000e+00 0.000000000000000000e+00 6.599805675953493989e+00 1.135796269086961807e+01 1.127817064539109460e+01 1.091943852507678514e+01 1.132912938135264191e+01 1.120291948648357128e+01 1.106390747745167857e+01 1.125082037469983476e+01 1.122145056490681547e+01 2.224376043529368729e+01 9.946384413096092558e+00 2.238669880744405560e+01 9.128369909812510841e+00 -1.214953288254616126e+00 -1.424884468300103846e+00 3.899999999999999911e+00 3.200000000000000178e+00 0.000000000000000000e+00
3.665259706277653073e+00 3.726354433345900663e+00 3.569467085657374028e+00 3.636173545798484064e+00 0.000000000000000000e+00 0.000000000000000000e+00 0.000000000000000000e+00 0.000000000000000000e+00 0.000000000000000000e+00 0.000000000000000000e+00 0.000000000000000000e+00 0.000000000000000000e+00 6.663000893893386234e+00 1.134610849215217776e+01 1.113058722465144612e+01 1.119614491358105290e+01 1.108082563303968193e+01 1.130697451397520759e+01 1.112679317126174894e+01 1.115699023093569409e+01 1.128431047063216397e+01 2.211295423616349964e+01 1.020479661664291271e+01 2.232295721939987132e+01 9.167927588655651050e+00 -1.220854026002569537e+00 -1.417965747971266399e+00 3.899999999999999911e+00 3.200000000000000178e+00 0.000000000000000000e+00
3.645689458311523801e+00 3.695219690207942165e+00 3.625353514663504306e+00 3.612740184021299594e+00 0.000000000000000000e+00 0.000000000000000000e+00 0.000000000000000000e+00 0.000000000000000000e+00 0.000000000000000000e+00 0.000000000000000000e+00 0.000000000000000000e+00 0.000000000000000000e+00 6.411884254758883905e+00 1.149629860186215069e+01 1.115522631503888817e+01 1.092566156671006361e+01 1.140238474608815977e+01 1.112980169577432399e+01 1.107324420035754642e+01 1.126934199415061677e+01 1.117699095348257110e+01 2.221902939221802242e+01 9.900675905265131860e+00 2.247420977674432407e+01 8.984967456939369157e+00 -1.100337323554411828e+00 -1.315392206105694628e+00 3.899999999999999911e+00 3.200000000000000178e+00 0.000000000000000000e+00
3.634871381773709054e+00 3.660437559290079523e+00 3.598326991693244548e+00 3.625743122040840927e+00 0.000000000000000000e+00 0.000000000000000000e+00 0.000000000000000000e+00 0.000000000000000000e+00 0.000000000000000000e+00 0.000000000000000000e+00 0.000000000000000000e+00 0.000000000000000000e+00 6.704136070830227112e+00 1.126500157046955231e+01 1.133599369672897161e+01 1.089890923714463433e+01 1.129300317826680988e+01 1.124170651593466630e+01 1.105737749734788444e+01 1.116946358849507170e+01 1.134718285361800660e+01 2.186529352030887807e+01 9.876335225374774041e+00 2.257773160724271122e+01 8.971579548807778082e+00 -1.247434155793196497e+00 -1.121777414804983941e+00 3.899999999999999911e+00 3.200000000000000178e+00 0.000000000000000000e+00
3.665178444734274343e+00 3.767779895150633163e+00 3.603208430359168712e+00 3.611846482534112557e+00 0.000000000000000000e+00 0.000000000000000000e+00 0.000000000000000000e+00 0.000000000000000000e+00 0.000000000000000000e+00 0.000000000000000000e+00 0.000000000000000000e+00 0.000000000000000000e+00 6.798020434720672078e+00 1.124609772119057993e+01 1.118317320574253948e+01 1.116262473785114651e+01 1.116375325835494614e+01 1.123341864435811566e+01 1.110583426895377279e+01 1.120830673035145786e+01 1.121576217854718927e+01 2.226521182496516715e+01 1.000219552905480391e+01 2.236033958138629885e+01 9.232353424365520311e+00 -1.195836464310546798e+00 -1.499823769429817988e+00 3.899999999999999911e+00 3.200000000000000178e+00 0.000000000000000000e+00
3.763282140574812029e+00 3.753811707383420959e+00 3.576194151638631080e+00 3.586972862763227354e+00 0.000000000000000000e+00 0.000000000000000000e+00 0.000000000000000000e+00 0.000000000000000000e+00 0.000000000000000000e+00 0.000000000000000000e+00 0.000000000000000000e+00 0.000000000000000000e+00 6.633464808402399271e+00 1.144560187535908113e+01 1.109815786761238776e+01 1.105988689602951780e+01 1.129020141549635170e+01 1.124014104295358507e+01 1.094030382058823747e+01 1.136868071636631328e+01 1.116639315252808728e+01 2.196963112355083325e+01 1.001241430831833235e+01 2.253378019974965341e+01 8.961817707990165971e+00 -1.125131122685002261e+00 -1.243677823129487603e+00 3.899999999999999911e+00 3.200000000000000178e+00 0.000000000000000000e+00
3.699862653138101809e+00 3.746258693710764476e+00 3.516544162485055747e+00 3.657983877898772551e+00 0.000000000000000000e+00 0.000000000000000000e+00 0.000000000000000000e+00 0.000000000000000000e+00 0.000000000000000000e+00 0.000000000000000000e+00 0.000000000000000000e+00 0.000000000000000000e+00 6.547292912622183714e+00 1.141086711035793222e+01 1.114889668842159232e+01 1.104711563055864332e+01 1.123967806183114249e+01 1.122897111065885056e+01 1.105109503188957198e+01 1.126181143627767867e+01 1.115268375342552076e+01 2.225479082060392244e+01 9.886205299188675966e+00 2.243249815360215393e+01 9.090265439929664737e+00 -1.108133341221846146e+00 -1.333660105577874955e+00 3.899999999999999911e+00 3.200000000000000178e+00 0.000000000000000000e+00
3.691627513794511817e+00 3.727755055584450528e+00 3.651767246499459052e+00 3.603966208857581677e+00 0.000000000000000000e+00 0.000000000000000000e+00 0.000000000000000000e+00 0.000000000000000000e+00 0.000000000000000000e+00 0.000000000000000000e+00 0.000000000000000000e+00 0.000000000000000000e+00 6.938790413406120017e+00 1.111652112069168297e+01 1.125390250975442363e+01 1.117042558206692604e+01 1.105752266271704976e+01 1.135071144140342803e+01 1.104598286639668814e+01 1.120936505807900119e+01 1.126190055658396361e+01 2.211766203083762505e+01 1.013587761643281482e+01 2.239656731596171113e+01 9.091652087666393101e+00 -1.149204899098197785e+00 -1.485550970152676342e+00 3.899999999999999911e+00 3.200000000000000178e+00 0.000000000000000000e+00
3.706957429068667764e+00 3.766025925170967348e+00 3.602631318055605103e+00 3.588029456148570162e+00 0.000000000000000000e+00 0.000000000000000000e+00 0.000000000000000000e+00 0.000000000000000000e+00 0.000000000000000000e+00 0.000000000000000000e+00 0.000000000000000000e+00 0.000000000000000000e+00 6.599106473498040693e+00 1.147009786894245842e+01 1.110416984700740173e+01 1.105730962395162820e+01 1.130500839081961750e+01 1.113950351826242802e+01 1.113822326584826250e+01 1.117170008594326092e+01 1.130999274540073962e+01 2.201909400865216071e+01 1.012790357416671405e+01 2.235962633648982845e+01 9.293240854208470125e+00 -1.305059394158154085e+00 -1.322413184037927181e+00 3.899999999999999911e+00 3.200000000000000178e+00 0.000000000000000000e+00
3.685577872097776986e+00 3.745351668813215351e+00 3.645411882106966317e+00 3.589059037256541185e+00 0.000000000000000000e+00 0.000000000000000000e+00 0.000000000000000000e+00 0.000000000000000000e+00 0.000000000000000000e+00 0.000000000000000000e+00 0.000000000000000000e+00 0.000000000000000000e+00 6.827491053884888750e+00 1.120367491204272881e+01 1.127901285911268303e+01 1.111959118200841345e+01 1.101802720622726817e+01 1.153803855151908841e+01 1.077062836850347693e+01 1.142671985076427710e+01 1.118998669435321069e+01 2.222359749774910043e+01 9.803318042515378750e+00 2.246933260558694201e+01 9.196991417170167438e+00 -1.465773530006755365e+00 -1.077071641267395075e+00 3.899999999999999911e+00 3.200000000000000178e+00 0.000000000000000000e+00
3.745329698033439847e+00 3.661721577290023788e+00 3.653470703575750100e+00 3.681214252335893278e+00 0.000000000000000000e+00 0.000000000000000000e+00 0.000000000000000000e+00 0.000000000000000000e+00 0.000000000000000000e+00 0.000000000000000000e+00 0.000000000000000000e+00 0.000000000000000000e+00 6.668101940867034116e+00 1.131366497357173451e+01 1.116112635576542367e+01 1.110457146178854515e+01 1.121546672325609073e+01 1.127714660571530736e+01 1.103502220328918071e+01 1.124102811567090043e+01 1.134073927010743787e+01 2.190004700972612639e+01 9.939348672980536037e+00 2.257545986678648475e+01 9.114783242081999859e+00 -1.294938898938251981e+00 -1.567463431943494356e+00 3.899999999999999911e+00 3.200000000000000178e+00 0.000000000000000000e+00
3.646704815676522937e+00 3.699346872640278061e+00 3.599544531960118476e+00 3.628465256974529929e+00 0.000000000000000000e+00 0.000000000000000000e+00 0.000000000000000000e+00 0.000000000000000000e+00 0.000000000000000000e+00 0.000000000000000000e+00 0.000000000000000000e+00 0.000000000000000000e+00 6.752498028701579003e+00 1.126385559809028436e+01 1.114079906602569281e+01 1.117544907848441227e+01 1.112707525123372498e+01 1.125270586130249484e+01 1.112027595303006322e+01 1.115493732439248653e+01 1.120921314403754643e+01 2.224771201472072946e+01 9.911977582140126586e+00 2.246546337125080939e+01 8.913378188725262774e+00 -9.864642758495961727e-01 -1.314483944517088609e+00 3.899999999999999911e+00 3.200000000000000178e+00 0.000000000000000000e+00
3.651978061838375478e+00 3.712409377013684786e+00 3.581258153141967160e+00 3.605073743903396633e+00 0.000000000000000000e+00 0.000000000000000000e+00 0.000000000000000000e+00 0.000000000000000000e+00 0.000000000000000000e+00 0.000000000000000000e+00 0.000000000000000000e+00 0.000000000000000000e+00 6.765058209562465841e+00 1.126607690329138656e+01 1.127223009007007626e+01 1.103017003383666328e+01 1.126751062309441664e+01 1.122232846025606534e+01 1.107301333614067573e+01 1.122263940927986781e+01 1.128442263870574003e+01 2.210963839395622799e+01 1.003941386132530766e+01 2.233159085409411659e+01 9.280787326431275019e+00 -1.422645150094893784e+00 -1.303473689762459253e+00 3.899999999999999911e+00 3.200000000000000178e+00 0.000000000000000000e+00
3.658690249789907867e+00 3.792314043393198109e+00 3.670641986354320263e+00 3.577746768485226436e+00 0.000000000000000000e+00 0.000000000000000000e+00 0.000000000000000000e+00 0.000000000000000000e+00 0.000000000000000000e+00 0.000000000000000000e+00 0.000000000000000000e+00 0.000000000000000000e+00 6.626365993729245396e+00 1.133920128639250891e+01 1.125040030206987218e+01 1.097420781175905269e+01 1.130856887425195723e+01 1.114579029971801205e+01 1.117387169894839083e+01 1.112841692423909734e+01 1.133371489769615081e+01 2.207588079570490081e+01 9.923802770450684818e+00 2.246338007450761509e+01 9.108173298766017112e+00 -1.304614807970223112e+00 -1.286758477778122245e+00 3.899999999999999911e+00 3.200000000000000178e+00 0.000000000000000000e+00
3.662093528251011421e+00 3.680839563030034345e+00 3.551913697034203565e+00 3.693818582420094199e+00 0.000000000000000000e+00 0.000000000000000000e+00 0.000000000000000000e+00 0.000000000000000000e+00 0.000000000000000000e+00 0.000000000000000000e+00 0.000000000000000000e+00 0.000000000000000000e+00 6.640861063436341638e+00 1.138986869345037078e+01 1.110075429298572125e+01 1.119105673128047407e+01 1.110768457810252663e+01 1.130707218927565805e+01 1.105266855664752335e+01 1.118869981691653592e+01 1.128721166231364492e+01 2.202905756874768883e+01 1.004840773492505157e+01 2.243443822004518751e+01 9.107556614991427324e+00 -1.175349639128599133e+00 -1.374988950303019930e+00 3.899999999999999911e+00 3.200000000000000178e+00 0.000000000000000000e+00
3.680992727210763871e+00 3.813678745114960300e+00 3.584095629128202010e+00 3.552065879124243875e+00 0.000000000000000000e+00 0.000000000000000000e+00 0.000000000000000000e+00 0.000000000000000000e+00 0.000000000000000000e+00 0.000000000000000000e+00 0.000000000000000000e+00 0.000000000000000000e+00 6.702911167383321711e+00 1.134773653250742420e+01 1.106005517132295068e+01 1.123396444502131963e+01 1.111192884568417760e+01 1.122994792407484788e+01 1.117277371502377470e+01 1.113678777985164103e+01 1.125962629185599084e+01 2.228108391986307524e+01 9.741545312055974293e+00 2.242422502542418172e+01 9.162330624399185552e+00 -1.162504829160902364e+00 -1.413637751808488385e+00 3.899999999999999911e+00 3.200000000000000178e+00 0.000000000000000000e+00
3.591998671152756728e+00 3.745160887428592211e+00 3.596908957207457735e+00 3.649007721751326372e+00 0.000000000000000000e+00 0.000000000000000000e+00 0.000000000000000000e+00 0.000000000000000000e+00 0.000000000000000000e+00 0.000000000000000000e+00 0.000000000000000000e+00 0.000000000000000000e+00 6.582987791251546206e+00 1.138062364602123644e+01 1.117241116505321408e+01 1.112673549336589573e+01 1.109671632887454606e+01 1.137851206109562519e+01 1.101943560473189088e+01 1.121290836911333777e+01 1.126268567653416142e+01 2.213237064572966517e+01 1.002359765822787807e+01 2.234980227094513694e+01 9.215855134454370656e+00 -1.160241386675034292e+00 -1.632342118660674579e+00 3.899999999999999911e+00 3.200000000000000178e+00 0.000000000000000000e+00
3.644678711937264559e+00 3.795808340205145903e+00 3.613409227578552319e+00 3.521797326352176238e+00 0.000000000000000000e+00 0.000000000000000000e+00 0.000000000000000000e+00 0.000000000000000000e+00 0.000000000000000000e+00 0.000000000000000000e+00 0.000000000000000000e+00 0.000000000000000000e+00 6.671612806757720726e+00 1.138072854710698323e+01 1.110266257792877198e+01 1.126468240906537766e+01 1.100882907465222438e+01 1.135779148605057465e+01 1.112875282350822914e+01 1.113776985941358255e+01 1.129800294182315845e+01 2.210931732500688440e+01 1.025400173565570583e+01 2.229222520221023629e+01 9.268784787766337629e+00 -1.407301606862497945e+00 -1.417567605624139970e+00 3.899999999999999911e+00 3.200000000000000178e+00 0.000000000000000000e+00
3.635995272876314743e+00 3.807375665335240189e+00 3.591223409662751109e+00 3.637619842886441468e+00 0.000000000000000000e+00 0.000000000000000000e+00 0.000000000000000000e+00 0.000000000000000000e+00 0.000000000000000000e+00 0.000000000000000000e+00 0.000000000000000000e+00 0.000000000000000000e+00 6.745816132871475190e+00 1.124933108443427621e+01 1.123302585385704866e+01 1.104656332077113134e+01 1.126612043960596310e+01 1.125134719193275501e+01 1.100105657326046327e+01 1.132063072221168198e+01 1.118270962088542575e+01 2.215835289896778804e+01 9.889738538825243452e+00 2.244810121052345053e+01 9.148069563120902359e+00 -1.300630808892073498e+00 -1.287329742432339552e+00 3.899999999999999911e+00 3.200000000000000178e+00 0.000000000000000000e+00
3.624540788133961744e+00 3.793009865634561439e+00 3.610461231127721771e+00 3.648892325693034788e+00 0.000000000000000000e+00 0.000000000000000000e+00 0.000000000000000000e+00 0.000000000000000000e+00 0.000000000000000000e+00 0.000000000000000000e+00 0.000000000000000000e+00 0.000000000000000000e+00 6.519763753837226616e+00 1.145969368815187295e+01 1.108123156288027999e+01 1.113096810639228096e+01 1.117287773269476681e+01 1.125819126429054684e+01 1.103187154914312451e+01 1.125721029035904763e+01 1.117653946944444776e+01 2.232634351543426021e+01 9.981998630631352398e+00 2.233950432623194260e+01 9.274220532182456012e+00 -1.382818111745200973e+00 -1.195037487994689229e+00 3.899999999999999911e+00 3.200000000000000178e+00 0.000000000000000000e+00
3.559137072727903472e+00 3.763577425572977919e+00 3.537750504866516099e+00 3.653441196897696752e+00 0.000000000000000000e+00 0.000000000000000000e+00 0.000000000000000000e+00 0.000000000000000000e+00 0.000000000000000000e+00 0.000000000000000000e+00 0.000000000000000000e+00 0.000000000000000000e+00 6.699183798168217407e+00 1.131637699539425057e+01 1.122106213102692251e+01 1.108440370209856951e+01 1.122201491714456978e+01 1.113415376170943460e+01 1.127033830628915290e+01 1.104553270401331844e+01 1.133285192567404209e+01 2.222484589342862904e+01 9.799926121230830844e+00 2.245376120116852547e+01 9.050051442172378557e+00 -1.121241843292537510e+00 -1.534695109040314698e+00 3.899999999999999911e+00 3.200000000000000178e+00 0.000000000000000000e+00
3.677313204390038059e+00 3.703180868614768695e+00 3.523886201278885189e+00 3.593416845560860384e+00 0.000000000000000000e+00 0.000000000000000000e+00 0.000000000000000000e+00 0.000000000000000000e+00 0.000000000000000000e+00 0.000000000000000000e+00 0.000000000000000000e+00 0.000000000000000000e+00 6.617491284500429671e+00 1.140241881267469815e+01 1.110781385015213907e+01 1.113337203302381084e+01 1.116024191550394562e+01 1.135245493695819086e+01 1.091750849500662213e+01 1.137597510568703107e+01 1.109971081100480461e+01 2.230342908490452913e+01 9.936917289453736757e+00 2.241925158893217329e+01 9.146032495099008841e+00 -1.179051721690294263e+00 -1.474511906107337067e+00 3.899999999999999911e+00 3.200000000000000178e+00 0.000000000000000000e+00
3.696646977962348757e+00 3.788316622934313038e+00 3.586183950361708561e+00 3.592204022285187648e+00 0.000000000000000000e+00 0.000000000000000000e+00 0.000000000000000000e+00 0.000000000000000000e+00 0.000000000000000000e+00 0.000000000000000000e+00 0.000000000000000000e+00 0.000000000000000000e+00 6.702672773383738125e+00 1.135651373656499885e+01 1.107350819348060789e+01 1.124379817569544215e+01 1.107529122369968100e+01 1.124107758708145077e+01 1.117825389967650551e+01 1.110494490453489469e+01 1.127342615139175841e+01 2.231485042913051586e+01 9.762719689387919786e+00 2.234322826343576196e+01 9.144251417755484113e+00 -1.243312607520780322e+00 -1.237876349649693619e+00 3.899999999999999911e+00 3.200000000000000178e+00 0.000000000000000000e+00
3.692018537278664692e+00 3.679225524925680890e+00 3.576531663308160969e+00 3.597422327616137228e+00 0.000000000000000000e+00 0.000000000000000000e+00 0.000000000000000000e+00 0.000000000000000000e+00 0.000000000000000000e+00 0.000000000000000000e+00 0.000000000000000000e+00 0.000000000000000000e+00 6.819786965291266156e+00 1.123604073785365465e+01 1.122462628859523726e+01 1.115255785989523218e+01 1.105458177605336267e+01 1.141068186079281688e+01 1.098715206302086500e+01 1.123717952689815824e+01 1.130590978227068710e+01 2.210149300799071526e+01 9.951172056506482733e+00 2.240273318615599152e+01 9.274716297569870704e+00 -1.548087762669068113e+00 -1.138243898035845802e+00 3.899999999999999911e+00 3.200000000000000178e+00 0.000000000000000000e+00
3.620655592187362437e+00 3.669237767839045983e+00 3.606110591427816203e+00 3.599968148975841054e+00 0.000000000000000000e+00 0.000000000000000000e+00 0.000000000000000000e+00 0.000000000000000000e+00 0.000000000000000000e+00 0.000000000000000000e+00 0.000000000000000000e+00 0.000000000000000000e+00 6.769808020544810567e+00 1.127320959696458047e+01 1.123607959008780099e+01 1.102435915700181468e+01 1.128712605708994943e+01 1.121876496807110080e+01 1.102840139638115424e+01 1.129110170971068605e+01 1.121445010999449110e+01 2.214136718580673602e+01 9.988708115532402232e+00 2.243673761946420697e+01 9.107366231656074618e+00 -1.206503214263052515e+00 -1.372354755890480060e+00 3.899999999999999911e+00 3.200000000000000178e+00 0.000000000000000000e+00
3.716331326102713994e+00 3.707188130388566094e+00 3.574307506086729536e+00 3.616413864301722292e+00 0.000000000000000000e+00 0.000000000000000000e+00 0.000000000000000000e+00 0.000000000000000000e+00 0.000000000000000000e+00 0.000000000000000000e+00 0.000000000000000000e+00 0.000000000000000000e+00 6.827975939918192516e+00 1.127589302991069609e+01 1.114195567104321505e+01 1.116083659377155257e+01 1.114759079181570378e+01 1.130955123491795611e+01 1.103258085147654022e+01 1.124652033184738187e+01 1.120660730094347812e+01 2.219304131027654137e+01 1.010509936482223736e+01 2.242015193371154069e+01 9.111625069834888180e+00 -1.216917080052068112e+00 -1.255130674709719507e+00 3.899999999999999911e+00 3.200000000000000178e+00 0.000000000000000000e+00
3.688448019262115629e+00 3.770008442446562746e+00 3.616991562089542089e+00 3.588517471976968576e+00 0.000000000000000000e+00 0.000000000000000000e+00 0.000000000000000000e+00 0.000000000000000000e+00 0.000000000000000000e+00 0.000000000000000000e+00 0.000000000000000000e+00 0.000000000000000000e+00 6.746065732038613483e+00 1.136438099568623450e+01 1.107381742978023631e+01 1.123879551516885655e+01 1.107017988338669312e+01 1.131993911035133848e+01 1.107922622729912554e+01 1.119996408035132696e+01 1.122510346557423411e+01 2.229870311865755994e+01 9.953445709292141785e+00 2.240398397380847584e+01 9.148969395114184167e+00 -1.345949215739814520e+00 -1.168923034741732536e+00 3.899999999999999911e+00 3.200000000000000178e+00 0.000000000000000000e+00
3.728549154422449607e+00 3.826084015846591857e+00 3.531371175577364241e+00 3.621940496012280075e+00 0.000000000000000000e+00 0.000000000000000000e+00 0.000000000000000000e+00 0.000000000000000000e+00 0.000000000000000000e+00 0.000000000000000000e+00 0.000000000000000000e+00 0.000000000000000000e+00 6.636675072667634900e+00 1.139366500830626450e+01 1.107893450816459691e+01 1.124884622320009697e+01 1.103608403658931358e+01 1.132077929312852227e+01 1.113198853458134430e+01 1.113434870102805974e+01 1.123614471452994934e+01 2.219785748978036111e+01 1.001719301040450461e+01 2.237856683884175979e+01 9.026137235992402807e+00 -1.121399663344264219e+00 -1.280502637698442747e+00 3.899999999999999911e+00 3.200000000000000178e+00 0.000000000000000000e+00
3.716334614010827764e+00 3.859992385864337461e+00 3.551189181148898921e+00 3.660937982809976177e+00 0.000000000000000000e+00 0.000000000000000000e+00 0.000000000000000000e+00 0.000000000000000000e+00 0.000000000000000000e+00 0.000000000000000000e+00 0.000000000000000000e+00 0.000000000000000000e+00 6.754213848402395470e+00 1.120397237172739402e+01 1.127836675213610640e+01 1.114218318180185996e+01 1.103213209620999535e+01 1.138432596159450405e+01 1.101616245241472392e+01 1.126807544498215208e+01 1.113429574312171688e+01 2.245769528392225922e+01 9.952723095422426169e+00 2.228400797191640592e+01 9.230777557588815796e+00 -1.333669324878501206e+00 -1.207861036415294187e+00 3.899999999999999911e+00 3.200000000000000178e+00 0.000000000000000000e+00
3.628801592081904115e+00 3.762305006556565523e+00 3.549571576133213391e+00 3.646544391568552257e+00 0.000000000000000000e+00 0.000000000000000000e+00 0.000000000000000000e+00 0.000000000000000000e+00 0.000000000000000000e+00 0.000000000000000000e+00 0.000000000000000000e+00 0.000000000000000000e+00 6.901959742184101465e+00 1.114021643234999281e+01 1.128094316057150515e+01 1.119749930996102805e+01 1.094085928043935496e+01 1.147499963150444913e+01 1.094591618036269232e+01 1.125075156991683301e+01 1.124078933350429566e+01 2.231289512612902470e+01 9.635490931523458258e+00 2.248970694646833834e+01 9.135810051841735557e+00 -1.310670793887578789e+00 -1.302778945002437849e+00 3.899999999999999911e+00 3.200000000000000178e+00 0.000000000000000000e+00
3.697494485433477251e+00 3.664610005253586600e+00 3.682018264440011457e+00 3.630247386299286561e+00 0.000000000000000000e+00 0.000000000000000000e+00 0.000000000000000000e+00 0.000000000000000000e+00 0.000000000000000000e+00 0.000000000000000000e+00 0.000000000000000000e+00 0.000000000000000000e+00 6.706031184038178772e+00 1.130927094599519123e+01 1.112529597404457782e+01 1.115934956612167284e+01 1.111865708497045979e+01 1.134851812194154519e+01 1.098510064330981528e+01 1.123770088741048667e+01 1.135769122409071308e+01 2.191978205507574984e+01 9.882215114520127131e+00 2.249384960985294768e+01 9.261572553049921552e+00 -1.476601441195356745e+00 -1.274969695514830637e+00 3.899999999999999911e+00 3.200000000000000178e+00 0.000000000000000000e+00
3.672327120067584438e+00 3.755416623805436505e+00 3.614315275206555711e+00 3.600184891224098127e+00 0.000000000000000000e+00 0.000000000000000000e+00 0.000000000000000000e+00 0.000000000000000000e+00 0.000000000000000000e+00 0.000000000000000000e+00 0.000000000000000000e+00 0.000000000000000000e+00 6.733729189000134063e+00 1.135480164856597973e+01 1.097938314504483515e+01 1.134597964750893162e+01 1.101302562182651101e+01 1.134915518117360023e+01 1.094575911724487938e+01 1.130359981829893101e+01 1.116071938434915012e+01 2.215607373069197550e+01 9.977208334636712195e+00 2.251253305628150514e+01 8.850182452120929355e+00 -9.651419785913467608e-01 -1.331663303906769125e+00 3.899999999999999911e+00 3.200000000000000178e+00 0.000000000000000000e+00
3.639909292635324700e+00 3.757413775283565460e+00 3.582571322073226927e+00 3.626669009155375711e+00 0.000000000000000000e+00 0.000000000000000000e+00 0.000000000000000000e+00 0.000000000000000000e+00 0.000000000000000000e+00 0.000000000000000000e+00 0.000000000000000000e+00 0.000000000000000000e+00 6.778117220665168752e+00 1.124875663173519946e+01 1.109442771863406740e+01 1.132776582977428603e+01 1.097659337076844288e+01 1.131453160797143020e+01 1.117338944572585113e+01 1.103916470538329797e+01 1.139658428274558410e+01 2.202046711316236838e+01 9.970218842643067347e+00 2.233959858603876469e+01 9.302805498633981429e+00 -1.411302440079498455e+00 -1.156163850992684594e+00 3.899999999999999911e+00 3.200000000000000178e+00 0.000000000000000000e+00
3.730247604737137568e+00 3.830688578088841556e+00 3.561988233483756261e+00 3.564462038620415107e+00 0.000000000000000000e+00 0.000000000000000000e+00 0.000000000000000000e+00 0.000000000000000000e+00 0.000000000000000000e+00 0.000000000000000000e+00 0.000000000000000000e+00 0.000000000000000000e+00 6.872128820045173114e+00 1.113748971588798220e+01 1.138022535300683913e+01 1.102386985256836915e+01 1.111429301426605143e+01 1.130635061437800459e+01 1.112420784410147157e+01 1.111163552705296809e+01 1.132437168746461609e+01 2.200231249984606308e+01 1.012836581378421208e+01 2.232813169910710371e+01 9.158327706760466924e+00 -1.338244650738436015e+00 -1.049146147957791264e+00 3.899999999999999911e+00 3.200000000000000178e+00 0.000000000000000000e+00
3.654452737011652630e+00 3.737980252384168089e+00 3.620173515004907028e+00 3.606389189550011309e+00 0.000000000000000000e+00 0.000000000000000000e+00 0.000000000000000000e+00 0.000000000000000000e+00 0.000000000000000000e+00 0.000000000000000000e+00 0.000000000000000000e+00 0.000000000000000000e+00 6.777097994293834304e+00 1.127369694007709100e+01 1.118050663380327236e+01 1.115341636382945190e+01 1.109149114408532810e+01 1.135217970223876627e+01 1.101584987666385018e+01 1.123310103641333235e+01 1.122392369274993662e+01 2.222002891497481869e+01 9.666925670438978102e+00 2.248603330996479954e+01 8.957906430392190700e+00 -1.217791942404283345e+00 -1.121256645865737589e+00 3.899999999999999911e+00 3.200000000000000178e+00 0.000000000000000000e+00
3.675371115714797465e+00 3.718140748088677228e+00 3.592762774996769881e+00 3.624184803449665093e+00 0.000000000000000000e+00 0.000000000000000000e+00 0.000000000000000000e+00 0.000000000000000000e+00 0.000000000000000000e+00 0.000000000000000000e+00 0.000000000000000000e+00 0.000000000000000000e+00 6.679360200346725840e+00 1.132252829879925393e+01 1.122841707556498037e+01 1.108685225535259633e+01 1.113113810543939231e+01 1.134810744467582033e+01 1.097561616019464736e+01 1.130835002514141330e+01 1.118788821900025177e+01 2.226282224724774750e+01 1.006142315597215209e+01 2.236947499602342049e+01 9.233825598715544203e+00 -1.280424773928162674e+00 -1.450747378511222374e+00 3.899999999999999911e+00 3.200000000000000178e+00 0.000000000000000000e+00
3.651287953410327081e+00 3.726972801397435919e+00 3.606457361468627276e+00 3.616562814549586946e+00 0.000000000000000000e+00 0.000000000000000000e+00 0.000000000000000000e+00 0.000000000000000000e+00 0.000000000000000000e+00 0.000000000000000000e+00 0.000000000000000000e+00 0.000000000000000000e+00 6.799843261065079858e+00 1.122216652175690577e+01 1.120223592318003014e+01 1.113887079431274429e+01 1.118112935658079898e+01 1.117512631754102337e+01 1.120067502144173943e+01 1.109378291815376905e+01 1.130170670370733177e+01 2.219616751080826589e+01 9.733432222905898712e+00 2.247156587416190376e+01 9.065640389340073213e+00 -1.118525362352487340e+00 -1.495531984802551451e+00 3.899999999999999911e+00 3.200000000000000178e+00 0.000000000000000000e+00
3.619093584597759428e+00 3.682944629522874713e+00 3.619509012054095365e+00 3.577404788936135116e+00 0.000000000000000000e+00 0.000000000000000000e+00 0.000000000000000000e+00 0.000000000000000000e+00 0.000000000000000000e+00 0.000000000000000000e+00 0.000000000000000000e+00 0.000000000000000000e+00 6.556522939338117695e+00 1.137662352395553000e+01 1.123382307707727890e+01 1.099076831442408242e+01 1.119045046273363120e+01 1.140330799482644863e+01 1.093523434774237835e+01 1.125336809405315286e+01 1.136789452153762170e+01 2.172716283817273464e+01 1.019559181865032116e+01 2.247757583281470417e+01 9.301511671891212529e+00 -1.555595064547568240e+00 -1.202896785529327328e+00 3.899999999999999911e+00 3.200000000000000178e+00 0.000000000000000000e+00
3.622103126504351955e+00 3.692393913049021315e+00 3.532806760154419301e+00 3.620632097735275057e+00 0.000000000000000000e+00 0.000000000000000000e+00 0.000000000000000000e+00 0.000000000000000000e+00 0.000000000000000000e+00 0.000000000000000000e+00 0.000000000000000000e+00 0.000000000000000000e+00 6.775386635007542679e+00 1.127010792412016116e+01 1.118424980913192712e+01 1.115369146412044721e+01 1.109537534136542547e+01 1.133780555492080566e+01 1.103243648850771663e+01 1.124212310223893851e+01 1.124012290543898196e+01 2.224733816059800162e+01 9.973875254699422044e+00 2.237079925547181602e+01 9.365061803174615562e+00 -1.419141034592588113e+00 -1.462722980310212861e+00 3.899999999999999911e+00 3.200000000000000178e+00 0.000000000000000000e+00
3.734013821556980695e+00 3.750534755902695583e+00 3.581028267353436600e+00 3.593148792127132563e+00 0.000000000000000000e+00 0.000000000000000000e+00 0.000000000000000000e+00 0.000000000000000000e+00 0.000000000000000000e+00 0.000000000000000000e+00 0.000000000000000000e+00 0.000000000000000000e+00 6.647813615487589978e+00 1.136380064471840612e+01 1.117787589424596639e+01 1.112188858074133258e+01 1.110055130968125603e+01 1.134050524343848565e+01 1.103342678410641930e+01 1.119118455138580615e+01 1.128831993718282334e+01 2.213662681576245106e+01 9.916061929484051518e+00 2.237152493541914211e+01 9.219239839304089301e+00 -1.288626378443784359e+00 -1.288531407679854413e+00 3.899999999999999911e+00 3.200000000000000178e+00 0.000000000000000000e+00
3.613234199178678274e+00 3.722233399019790667e+00 3.589228842864176983e+00 3.639321138617832130e+00 0.000000000000000000e+00 0.000000000000000000e+00 0.000000000000000000e+00 0.000000000000000000e+00 0.000000000000000000e+00 0.000000000000000000e+00 0.000000000000000000e+00 0.000000000000000000e+00 6.715271647257998744e+00 1.129000251602241889e+01 1.118802338941697982e+01 1.114635982015925286e+01 1.110025942310111091e+01 1.134820027698899914e+01 1.100988577411605895e+01 1.122136359272560213e+01 1.128096022955745781e+01 2.207332373809525805e+01 9.891049324565919676e+00 2.245373354999040671e+01 9.081927626166045542e+00 -1.190476068228504047e+00 -1.283461526145423859e+00 3.899999999999999911e+00 3.200000000000000178e+00 0.000000000000000000e+00
3.679420622411650132e+00 3.859076470109993107e+00 3.554206003171850980e+00 3.552382298101314007e+00 0.000000000000000000e+00 0.000000000000000000e+00 0.000000000000000000e+00 0.000000000000000000e+00 0.000000000000000000e+00 0.000000000000000000e+00 0.000000000000000000e+00 0.000000000000000000e+00 6.878115086081942664e+00 1.120677529027624608e+01 1.117189418590704975e+01 1.118667963897785889e+01 1.111012143397442209e+01 1.135116843413993770e+01 1.095445380120361101e+01 1.127418505845937347e+01 1.128884877127992148e+01 2.201856466796607847e+01 9.878855984974286741e+00 2.247715357628220545e+01 9.119652577839493901e+00 -1.297347105967625147e+00 -1.282971747698523624e+00 3.899999999999999911e+00 3.200000000000000178e+00 0.000000000000000000e+00
3.677209973906216511e+00 3.770377578654815487e+00 3.588926946924540395e+00 3.575069760472216363e+00 0.000000000000000000e+00 0.000000000000000000e+00 0.000000000000000000e+00 0.000000000000000000e+00 0.000000000000000000e+00 0.000000000000000000e+00 0.000000000000000000e+00 0.000000000000000000e+00 6.756926938841887775e+00 1.125266215588406737e+01 1.124454774404339474e+01 1.112182275269740828e+01 1.110735675519671517e+01 1.132831580694598905e+01 1.106640539726852168e+01 1.116247674106242727e+01 1.132702016630526032e+01 2.190750883949900896e+01 1.018003779665469111e+01 2.232229308122861511e+01 9.260306865783334729e+00 -1.455651526351472436e+00 -1.194621362908806494e+00 3.899999999999999911e+00 3.200000000000000178e+00 0.000000000000000000e+00
3.715558946239659655e+00 3.662072728793989373e+00 3.652403853505016063e+00 3.576133644057881700e+00 0.000000000000000000e+00 0.000000000000000000e+00 0.000000000000000000e+00 0.000000000000000000e+00 0.000000000000000000e+00 0.000000000000000000e+00 0.000000000000000000e+00 0.000000000000000000e+00 6.804735642918474881e+00 1.123979856355144769e+01 1.116304758572677258e+01 1.123676007455376435e+01 1.099229878497441781e+01 1.136710538626512168e+01 1.108412871194961902e+01 1.113211275817951851e+01 1.131765886475306715e+01 2.210706619261263484e+01 9.898692632824582560e+00 2.245042688323248825e+01 9.114636695168913505e+00 -1.041646517637179192e+00 -1.613882847579814594e+00 3.899999999999999911e+00 3.200000000000000178e+00 0.000000000000000000e+00
3.602366319298481834e+00 3.688424733416415080e+00 3.542540347952063851e+00 3.608938099082914963e+00 0.000000000000000000e+00 0.000000000000000000e+00 0.000000000000000000e+00 0.000000000000000000e+00 0.000000000000000000e+00 0.000000000000000000e+00 0.000000000000000000e+00 0.000000000000000000e+00 6.688153214701752169e+00 1.136025263730759427e+01 1.114255738263088524e+01 1.103192118479497452e+01 1.135397694762207976e+01 1.118147472122705466e+01 1.095959781582595660e+01 1.140365097925368509e+01 1.109151663532190035e+01 2.226418117947456210e+01 1.017926131801771206e+01 2.233641736159058055e+01 9.214568910700679183e+00 -1.305697140524727518e+00 -1.276338290609796422e+00 3.899999999999999911e+00 3.200000000000000178e+00 0.000000000000000000e+00
3.667966201320886910e+00 3.677717370571261579e+00 3.619772891746459109e+00 3.627929414053501223e+00 0.000000000000000000e+00 0.000000000000000000e+00 0.000000000000000000e+00 0.000000000000000000e+00 0.000000000000000000e+00 0.000000000000000000e+00 0.000000000000000000e+00 0.000000000000000000e+00 6.858458835001984610e+00 1.118370049878352823e+01 1.129780087131994293e+01 1.108993480453882974e+01 1.112015051238512875e+01 1.131902524570128499e+01 1.111297988038542073e+01 1.117935435532337607e+01 1.128008135338842344e+01 2.210361322153388741e+01 1.023619938980810673e+01 2.236343051913296165e+01 9.247418929582238434e+00 -1.395096212596529162e+00 -1.503179549429097595e+00 3.899999999999999911e+00 3.200000000000000178e+00 0.000000000000000000e+00
3.605173592047194120e+00 3.674205023201856601e+00 3.651230047496332176e+00 3.567571517575658380e+00 0.000000000000000000e+00 0.000000000000000000e+00 0.000000000000000000e+00 0.000000000000000000e+00 0.000000000000000000e+00 0.000000000000000000e+00 0.000000000000000000e+00 0.000000000000000000e+00 6.622170151074088018e+00 1.138386395504042703e+01 1.114657157745998539e+01 1.117949074656713471e+01 1.109210070389048219e+01 1.135297522079238597e+01 1.103070579199926371e+01 1.122467980448986147e+01 1.125952836869409346e+01 2.210679002828446826e+01 9.993039398297593578e+00 2.238692537272781635e+01 9.178599337706566885e+00 -1.185399056873353230e+00 -1.421298501042811191e+00 3.899999999999999911e+00 3.200000000000000178e+00 0.000000000000000000e+00
3.664059400667721622e+00 3.746157201077335852e+00 3.604260458443397042e+00 3.627804606985343572e+00 0.000000000000000000e+00 0.000000000000000000e+00 0.000000000000000000e+00 0.000000000000000000e+00 0.000000000000000000e+00 0.000000000000000000e+00 0.000000000000000000e+00 0.000000000000000000e+00 6.939339052512313977e+00 1.114326749181721432e+01 1.119235774681032325e+01 1.125359281576056958e+01 1.101074102653718079e+01 1.135348781223099834e+01 1.103292004223637335e+01 1.121938683227629419e+01 1.123191640804888536e+01 2.223765071035677465e+01 9.892168951815696332e+00 2.242020224608884149e+01 9.159863440415859870e+00 -1.231765494455037135e+00 -1.461028214832812200e+00 3.899999999999999911e+00 3.200000000000000178e+00 0.000000000000000000e+00
3.611229323474073549e+00 3.730351875529542394e+00 3.596511894447942392e+00 3.620406851133129766e+00 0.000000000000000000e+00 0.000000000000000000e+00 0.000000000000000000e+00 0.000000000000000000e+00 0.000000000000000000e+00 0.000000000000000000e+00 0.000000000000000000e+00 0.000000000000000000e+00 6.740169962615945920e+00 1.126142320147861753e+01 1.120442546355769764e+01 1.119594746330073143e+01 1.104100776407464402e+01 1.134761901783065952e+01 1.108224382615177994e+01 1.118578586550326825e+01 1.120690450674306859e+01 2.232180414713572958e+01 9.936429691992955782e+00 2.241700176234598985e+01 9.095026945102215876e+00 -1.199654877408816933e+00 -1.436487989395022868e+00 3.899999999999999911e+00 3.200000000000000178e+00 0.000000000000000000e+00
3.711548086117248957e+00 3.699738705788387261e+00 3.480179191914649195e+00 3.656533800438109605e+00 0.000000000000000000e+00 0.000000000000000000e+00 0.000000000000000000e+00 0.000000000000000000e+00 0.000000000000000000e+00 0.000000000000000000e+00 0.000000000000000000e+00 0.000000000000000000e+00 6.967208298958825097e+00 1.101417138534826101e+01 1.138222852796909379e+01 1.111906319839124890e+01 1.102569451386055022e+01 1.136495618732345037e+01 1.104406593395540526e+01 1.122377901265733335e+01 1.122795697781109325e+01 2.223073966581410232e+01 1.017068646832339773e+01 2.230548820422891865e+01 9.281751867997646954e+00 -1.256211771443369152e+00 -1.410658440547594816e+00 3.899999999999999911e+00 3.200000000000000178e+00 0.000000000000000000e+00
3.676036136093142837e+00 3.797189393868844576e+00 3.540023907601084208e+00 3.645054725443122035e+00 0.000000000000000000e+00 0.000000000000000000e+00 0.000000000000000000e+00 0.000000000000000000e+00 0.000000000000000000e+00 0.000000000000000000e+00 0.000000000000000000e+00 0.000000000000000000e+00 6.774325056350723351e+00 1.126052089528377564e+01 1.122722685595123515e+01 1.114525516673278460e+01 1.108082283560115755e+01 1.132466862471903291e+01 1.110433865358568895e+01 1.111544648579410755e+01 1.133384331873315354e+01 2.223291347255962336e+01 9.757782211685304574e+00 2.235065769034474314e+01 9.343782692009806823e+00 -1.505251818096383865e+00 -1.036266226624386055e+00 3.899999999999999911e+00 3.200000000000000178e+00 0.000000000000000000e+00
3.690119285622218914e+00 3.775791735690741113e+00 3.557524538544750925e+00 3.601289818479211480e+00 0.000000000000000000e+00 0.000000000000000000e+00 0.000000000000000000e+00 0.000000000000000000e+00 0.000000000000000000e+00 0.000000000000000000e+00 0.000000000000000000e+00 0.000000000000000000e+00 6.837568813777315846e+00 1.118471786016475811e+01 1.133675623415056499e+01 1.100896136299423667e+01 1.114146277985422095e+01 1.140541897343614153e+01 1.089482539686909668e+01 1.129913116024195219e+01 1.127394349339928858e+01 2.208078685708289868e+01 9.845882256248323472e+00 2.247847295473716400e+01 9.143043342068493118e+00 -1.237203122428581992e+00 -1.434076785044027247e+00 3.899999999999999911e+00 3.200000000000000178e+00 0.000000000000000000e+00
3.668108456608483614e+00 3.718253749412117060e+00 3.567128605809590791e+00 3.618413047331520804e+00 0.000000000000000000e+00 0.000000000000000000e+00 0.000000000000000000e+00 0.000000000000000000e+00 0.000000000000000000e+00 0.000000000000000000e+00 0.000000000000000000e+00 0.000000000000000000e+00 6.760794886898253253e+00 1.128236448360801347e+01 1.116189876444950357e+01 1.125831755591025995e+01 1.091100583626461074e+01 1.152106993235077148e+01 1.091393380797012647e+01 1.128962545090795899e+01 1.117651591608162853e+01 2.226440011900949756e+01 1.006089092209928815e+01 2.228684421055111997e+01 9.291296284544468875e+00 -1.365405176182454383e+00 -1.115115655920169813e+00 3.899999999999999911e+00 3.200000000000000178e+00 0.000000000000000000e+00
3.595465377020676812e+00 3.692639720527484126e+00 3.519272525021355236e+00 3.685903042861409240e+00 0.000000000000000000e+00 0.000000000000000000e+00 0.000000000000000000e+00 0.000000000000000000e+00 0.000000000000000000e+00 0.000000000000000000e+00 0.000000000000000000e+00 0.000000000000000000e+00 6.767301873852005656e+00 1.128584300103289628e+01 1.125677082481485591e+01 1.101612116269053310e+01 1.120698471544934804e+01 1.131481471632088720e+01 1.097970584518560067e+01 1.134455379737237735e+01 1.114604661682396269e+01 2.230999581377676577e+01 9.860894124250641823e+00 2.245855288877103462e+01 9.083037634516060166e+00 -1.210569714700301613e+00 -1.615034070937545696e+00 3.899999999999999911e+00 3.200000000000000178e+00 0.000000000000000000e+00
3.595125985163358795e+00 3.740380050508194110e+00 3.590273363290023223e+00 3.650932576147459141e+00 0.000000000000000000e+00 0.000000000000000000e+00 0.000000000000000000e+00 0.000000000000000000e+00 0.000000000000000000e+00 0.000000000000000000e+00 0.000000000000000000e+00 0.000000000000000000e+00 6.766548323627345596e+00 1.129368028534572943e+01 1.116703741783508796e+01 1.105616592418344268e+01 1.129263156981222060e+01 1.117014396727003245e+01 1.113362063457933182e+01 1.117215513850345943e+01 1.133868377931755589e+01 2.195748486839111280e+01 9.908484270781871217e+00 2.245577042669556533e+01 9.247579574288726789e+00 -1.582530290083095093e+00 -9.440329133298995812e-01 3.899999999999999911e+00 3.200000000000000178e+00 0.000000000000000000e+00
3.685535336834668829e+00 3.683800199333512992e+00 3.540957359793267756e+00 3.613224082285431571e+00 0.000000000000000000e+00 0.000000000000000000e+00 0.000000000000000000e+00 0.000000000000000000e+00 0.000000000000000000e+00 0.000000000000000000e+00 0.000000000000000000e+00 0.000000000000000000e+00 6.833079866674033553e+00 1.117430988686257187e+01 1.129841778869199409e+01 1.107414857299295541e+01 1.112048613840242872e+01 1.140699782756084701e+01 1.087175726497671313e+01 1.136343578187413605e+01 1.114876251505922511e+01 2.213106750381768251e+01 1.002233402403390272e+01 2.249407369960893988e+01 8.881768586289584988e+00 -9.533218387216602085e-01 -1.561540118744556116e+00 3.899999999999999911e+00 3.200000000000000178e+00 0.000000000000000000e+00
3.655594184560491122e+00 3.633812850582250231e+00 3.574498065278455705e+00 3.605395246488656724e+00 0.000000000000000000e+00 0.000000000000000000e+00 0.000000000000000000e+00 0.000000000000000000e+00 0.000000000000000000e+00 0.000000000000000000e+00 0.000000000000000000e+00 0.000000000000000000e+00 6.836146802230799402e+00 1.121878421379770074e+01 1.120687373766986106e+01 1.113782286809896860e+01 1.114048859238200606e+01 1.125417154458119917e+01 1.111657395341916654e+01 1.112938956971825633e+01 1.130865005641578591e+01 2.200704115800976979e+01 9.911081145210646426e+00 2.248812703039254046e+01 9.014838429715931412e+00 -1.118129398065000890e+00 -1.328367685088231775e+00 3.899999999999999911e+00 3.200000000000000178e+00 0.000000000000000000e+00
3.699740915882446135e+00 3.670560288557898954e+00 3.597537710171252456e+00 3.600151612858541572e+00 0.000000000000000000e+00 0.000000000000000000e+00 0.000000000000000000e+00 0.000000000000000000e+00 0.000000000000000000e+00 0.000000000000000000e+00 0.000000000000000000e+00 0.000000000000000000e+00 6.921763402453382952e+00 1.113315751806855225e+01 1.128216042738494806e+01 1.112362800347536407e+01 1.110279209380423815e+01 1.125415759959706108e+01 1.117830507184563515e+01 1.107225593090677052e+01 1.130592625206599244e+01 2.221354207656236568e+01 9.951766809439867245e+00 2.239098503587000266e+01 9.053214510071128984e+00 -1.011054608416804390e+00 -1.670257974901785403e+00 3.899999999999999911e+00 3.200000000000000178e+00 0.000000000000000000e+00
3.713739891959903616e+00 3.747426708976312693e+00 3.573671481757091151e+00 3.660620143801127657e+00 0.000000000000000000e+00 0.000000000000000000e+00 0.000000000000000000e+00 0.000000000000000000e+00 0.000000000000000000e+00 0.000000000000000000e+00 0.000000000000000000e+00 0.000000000000000000e+00 6.753404791999903622e+00 1.134642877136840156e+01 1.117472276960710964e+01 1.110054475930018292e+01 1.115528558453866736e+01 1.140499635483381624e+01 1.092204268521215837e+01 1.131395824308968834e+01 1.125593730282198379e+01 2.215281506788304711e+01 9.695929525550667449e+00 2.250943751000515647e+01 9.227687265164853159e+00 -1.488933161896357937e+00 -1.119150940462161126e+00 3.899999999999999911e+00 3.200000000000000178e+00 0.000000000000000000e+00
3.671131823806860872e+00 3.760196966487613146e+00 3.541337500784856207e+00 3.563627133839377237e+00 0.000000000000000000e+00 0.000000000000000000e+00 0.000000000000000000e+00 0.000000000000000000e+00 0.000000000000000000e+00 0.000000000000000000e+00 0.000000000000000000e+00 0.000000000000000000e+00 6.757499918062048749e+00 1.130036211062846441e+01 1.119096376333802212e+01 1.115622739511912975e+01 1.108791756495176095e+01 1.136796830389731205e+01 1.102786220296400543e+01 1.125296293824807314e+01 1.120917399174223839e+01 2.234629097161213807e+01 9.838667652478910952e+00 2.242811780062817206e+01 9.183598976352513432e+00 -1.416965689761082725e+00 -1.182717681812424315e+00 3.899999999999999911e+00 3.200000000000000178e+00 0.000000000000000000e+00
3.580353637934935662e+00 3.688164018681270750e+00 3.581635770099621752e+00 3.545437424168558227e+00 0.000000000000000000e+00 0.000000000000000000e+00 0.000000000000000000e+00 0.000000000000000000e+00 0.000000000000000000e+00 0.000000000000000000e+00 0.000000000000000000e+00 0.000000000000000000e+00 6.648546530881949579e+00 1.131444050459125883e+01 1.127028334763791761e+01 1.102897687970889606e+01 1.115182807092455519e+01 1.134038033262749678e+01 1.101062533559138856e+01 1.129724336766268777e+01 1.106210469668712371e+01 2.271840901778344701e+01 9.919865750524248682e+00 2.230625855655395640e+01 9.130679857809543165e+00 -1.136558347820730619e+00 -1.385198511824248691e+00 3.899999999999999911e+00 3.200000000000000178e+00 0.000000000000000000e+00
3.605430398425126359e+00 3.655186807050486930e+00 3.610113370919062703e+00 3.662512736025449467e+00 0.000000000000000000e+00 0.000000000000000000e+00 0.000000000000000000e+00 0.000000000000000000e+00 0.000000000000000000e+00 0.000000000000000000e+00 0.000000000000000000e+00 0.000000000000000000e+00 6.943218270693728655e+00 1.109393263151951636e+01 1.134187457152837730e+01 1.103068487788461738e+01 1.119991925673297928e+01 1.125344962735180410e+01 1.111010907886141119e+01 1.113363570904829558e+01 1.132876238216784692e+01 2.210932898241359368e+01 9.821460332140858895e+00 2.240508078441209250e+01 9.196091150319576357e+00 -1.356627771713235120e+00 -1.107039394181857483e+00 3.899999999999999911e+00 3.200000000000000178e+00 0.000000000000000000e+00
3.743201132536384534e+00 3.745508087063482705e+00 3.541085559235971125e+00 3.634972864058467756e+00 0.000000000000000000e+00 0.000000000000000000e+00 0.000000000000000000e+00 0.000000000000000000e+00 0.000000000000000000e+00 0.000000000000000000e+00 0.000000000000000000e+00 0.000000000000000000e+00 6.675860615407337662e+00 1.139191821828891626e+01 1.114620187112289074e+01 1.111703308547306790e+01 1.115854876071328050e+01 1.127626898795543298e+01 1.108351440396543808e+01 1.120998750943894073e+01 1.119681246761859406e+01 2.227793021456995248e+01 9.941865046581746412e+00 2.242474668451675157e+01 9.068781188336313193e+00 -1.047358907115355287e+00 -1.464487626259314057e+00 3.899999999999999911e+00 3.200000000000000178e+00 0.000000000000000000e+00
3.782453528625457917e+00 3.744528626394967308e+00 3.623769334301445877e+00 3.582850045963150265e+00 0.000000000000000000e+00 0.000000000000000000e+00 0.000000000000000000e+00 0.000000000000000000e+00 0.000000000000000000e+00 0.000000000000000000e+00 0.000000000000000000e+00 0.000000000000000000e+00 6.665527697068989177e+00 1.138086546429632584e+01 1.114163768526807274e+01 1.116792340242526826e+01 1.110260178600833036e+01 1.129222683238537250e+01 1.111573952597868953e+01 1.116562532255369078e+01 1.122620440586943147e+01 2.242675411150093723e+01 9.977390103704697921e+00 2.233531977641144906e+01 9.223016196284890000e+00 -1.268886168437967754e+00 -1.524968928458013684e+00 3.899999999999999911e+00 3.200000000000000178e+00 0.000000000000000000e+00
3.701351114264811226e+00 3.736658539894164743e+00 3.596439648004297496e+00 3.561273523546975461e+00 0.000000000000000000e+00 0.000000000000000000e+00 0.000000000000000000e+00 0.000000000000000000e+00 0.000000000000000000e+00 0.000000000000000000e+00 0.000000000000000000e+00 0.000000000000000000e+00 6.847427488284975716e+00 1.123646084714861004e+01 1.114833966184422032e+01 1.125361459526054553e+01 1.097887550677115698e+01 1.146571156726773566e+01 1.092523654554159229e+01 1.135261974729485246e+01 1.115360708484341501e+01 2.227666855904423926e+01 1.002475949348389683e+01 2.238311395909142121e+01 9.115444814352988701e+00 -1.295193703842793864e+00 -1.464552544561368963e+00 3.899999999999999911e+00 3.200000000000000178e+00 0.000000000000000000e+00
3.701658986989694977e+00 3.759194216879613748e+00 3.640423836571615279e+00 3.587819407581709807e+00 0.000000000000000000e+00 0.000000000000000000e+00 0.000000000000000000e+00 0.000000000000000000e+00 0.000000000000000000e+00 0.000000000000000000e+00 0.000000000000000000e+00 0.000000000000000000e+00 6.746192182625131650e+00 1.126446152971001169e+01 1.123293925309306118e+01 1.105334457796738157e+01 1.123087105417468301e+01 1.116517865461064218e+01 1.119828566765356292e+01 1.109624835684348021e+01 1.128683282873921279e+01 2.230570463066844411e+01 9.779698260503874252e+00 2.246317327452262447e+01 8.964714058438017830e+00 -1.160335321974320877e+00 -1.229980522754628547e+00 3.899999999999999911e+00 3.200000000000000178e+00 0.000000000000000000e+00
3.682003614222288945e+00 3.730999783819383353e+00 3.646317337661052260e+00 3.635506434400757048e+00 0.000000000000000000e+00 0.000000000000000000e+00 0.000000000000000000e+00 0.000000000000000000e+00 0.000000000000000000e+00 0.000000000000000000e+00 0.000000000000000000e+00 0.000000000000000000e+00 6.672964225748637901e+00 1.134056892194272415e+01 1.120551174215307988e+01 1.107768373685239283e+01 1.116127193646759785e+01 1.130068145979390692e+01 1.102792421247838739e+01 1.123703048046969677e+01 1.124869129994829109e+01 2.222721683200587606e+01 9.875432114459179900e+00 2.242698288791551775e+01 9.193092795147299157e+00 -1.335175145638075600e+00 -1.241597484767740012e+00 3.899999999999999911e+00 3.200000000000000178e+00 0.000000000000000000e+00
3.686576582379833766e+00 3.693244105982306902e+00 3.560807168192369865e+00 3.607371709009991267e+00 0.000000000000000000e+00 0.000000000000000000e+00 0.000000000000000000e+00 0.000000000000000000e+00 0.000000000000000000e+00 0.000000000000000000e+00 0.000000000000000000e+00 0.000000000000000000e+00 6.677035393322087842e+00 1.128917631790740295e+01 1.126300675692773723e+01 1.094452355111326725e+01 1.139363814978270106e+01 1.105253134302036777e+01 1.119208198311555869e+01 1.119143254092830730e+01 1.121128004206974005e+01 2.206718798373074009e+01 1.017834009317693322e+01 2.238429731585852878e+01 9.054844467485994031e+00 -1.098530706952561387e+00 -1.461388976868932099e+00 3.899999999999999911e+00 3.200000000000000178e+00 0.000000000000000000e+00
3.649026764240925313e+00 3.666059194204716931e+00 3.651655104208803237e+00 3.595628104266080705e+00 0.000000000000000000e+00 0.000000000000000000e+00 0.000000000000000000e+00 0.000000000000000000e+00 0.000000000000000000e+00 0.000000000000000000e+00 0.000000000000000000e+00 0.000000000000000000e+00 6.687593021281477590e+00 1.134800316863463365e+01 1.114632193836622420e+01 1.114325884537021949e+01 1.116776289626408847e+01 1.125773152283153244e+01 1.108579591758883076e+01 1.120069027279929053e+01 1.125961166041791728e+01 2.210034466263982011e+01 9.854462887861300757e+00 2.251369658547241315e+01 8.969769762114584211e+00 -1.143723420908129951e+00 -1.289055982828771985e+00 3.899999999999999911e+00 3.200000000000000178e+00 0.000000000000000000e+00
3.726874527787483959e+00 3.742135150175223135e+00 3.580230898182286126e+00 3.686083097876001080e+00 0.000000000000000000e+00 0.000000000000000000e+00 0.000000000000000000e+00 0.000000000000000000e+00 0.000000000000000000e+00 0.000000000000000000e+00 0.000000000000000000e+00 0.000000000000000000e+00 6.795200922255026477e+00 1.131166107705264601e+01 1.113345554235682222e+01 1.109459075334103595e+01 1.126070403503538309e+01 1.118125439173624436e+01 1.112610625220024652e+01 1.117010898379196604e+01 1.132904222727593613e+01 2.209873860973287307e+01 9.950355492653399025e+00 2.243618326472183711e+01 9.236033916351200190e+00 -1.317985921098552282e+00 -1.448343760948527237e+00 3.899999999999999911e+00 3.200000000000000178e+00 0.000000000000000000e+00
3.654578324724484517e+00 3.761176144734287963e+00 3.581807936065339870e+00 3.632730750015893850e+00 0.000000000000000000e+00 0.000000000000000000e+00 0.000000000000000000e+00 0.000000000000000000e+00 0.000000000000000000e+00 0.000000000000000000e+00 0.000000000000000000e+00 0.000000000000000000e+00 6.709920275758539887e+00 1.125389373910948265e+01 1.139159785145316839e+01 1.085191222177872028e+01 1.132760618119938734e+01 1.125924892840880354e+01 1.096392092283983644e+01 1.131008349980216998e+01 1.120342007973163057e+01 2.213097983721393547e+01 9.938543706004313805e+00 2.256403451208783295e+01 8.817648932208120627e+00 -8.013265297683198618e-01 -1.917456985797640456e+00 3.899999999999999911e+00 3.200000000000000178e+00 0.000000000000000000e+00
3.593186752926562644e+00 3.641256651185965421e+00 3.557686764112997668e+00 3.626870223435313623e+00 0.000000000000000000e+00 0.000000000000000000e+00 0.000000000000000000e+00 0.000000000000000000e+00 0.000000000000000000e+00 0.000000000000000000e+00 0.000000000000000000e+00 0.000000000000000000e+00 6.944131662362909019e+00 1.115136664878748007e+01 1.117749437757164799e+01 1.120868066932975360e+01 1.111717333587332490e+01 1.121775604595155507e+01 1.122631792584103216e+01 1.106014219173480839e+01 1.136092850518411090e+01 2.208646225283002096e+01 9.900054960240202817e+00 2.243893049334230838e+01 9.159289723348916112e+00 -1.225384511106748064e+00 -1.479699464879763227e+00 3.899999999999999911e+00 3.200000000000000178e+00 0.000000000000000000e+00
3.646580497795313125e+00 3.801879008534676974e+00 3.551301258996134802e+00 3.496897475585344583e+00 0.000000000000000000e+00 0.000000000000000000e+00 0.000000000000000000e+00 0.000000000000000000e+00 0.000000000000000000e+00 0.000000000000000000e+00 0.000000000000000000e+00 0.000000000000000000e+00 6.875128048241658796e+00 1.117028787324884753e+01 1.130471673395621934e+01 1.103182445298422998e+01 1.115706723842332337e+01 1.135218280336159324e+01 1.098860375127954114e+01 1.122551225539185715e+01 1.131190765371346707e+01 2.201376286956212525e+01 1.020185771694553623e+01 2.235849112795939320e+01 9.285046880020498605e+00 -1.427671055659339494e+00 -1.198348434176077504e+00 3.899999999999999911e+00 3.200000000000000178e+00 0.000000000000000000e+00
3.621334523366315672e+00 3.667535759383472094e+00 3.636646085446148202e+00 3.612533656499779866e+00 0.000000000000000000e+00 0.000000000000000000e+00 0.000000000000000000e+00 0.000000000000000000e+00 0.000000000000000000e+00 0.000000000000000000e+00 0.000000000000000000e+00 0.000000000000000000e+00 6.642058684736156238e+00 1.142023089670550817e+01 1.109942490698635531e+01 1.108292127954741169e+01 1.125214089126439276e+01 1.125474655115098344e+01 1.102292182525622799e+01 1.129629216086486032e+01 1.121109315184528299e+01 2.224002510802433363e+01 1.017132839345319262e+01 2.228137905484014425e+01 9.481037770508528695e+00 -1.666008270585537243e+00 -1.289849888962368407e+00 3.899999999999999911e+00 3.200000000000000178e+00 0.000000000000000000e+00
3.657614498277176551e+00 3.709691417108068823e+00 3.556797992691729249e+00 3.558288426706142094e+00 0.000000000000000000e+00 0.000000000000000000e+00 0.000000000000000000e+00 0.000000000000000000e+00 0.000000000000000000e+00 0.000000000000000000e+00 0.000000000000000000e+00 0.000000000000000000e+00 6.550054861922716576e+00 1.147377529446868394e+01 1.105126713252225734e+01 1.112782328877193727e+01 1.123290538118631687e+01 1.128474315847892306e+01 1.092537123032533941e+01 1.138174732447411941e+01 1.111116340417553872e+01 2.241543395701522101e+01 9.873731445683137764e+00 2.236703684054822006e+01 9.346385214809775022e+00 -1.383525427151541587e+00 -1.290836581538138184e+00 3.899999999999999911e+00 3.200000000000000178e+00 0.000000000000000000e+00
3.677505965512971819e+00 3.677170035686069927e+00 3.541581526533701840e+00 3.616435650439833172e+00 0.000000000000000000e+00 0.000000000000000000e+00 0.000000000000000000e+00 0.000000000000000000e+00 0.000000000000000000e+00 0.000000000000000000e+00 0.000000000000000000e+00 0.000000000000000000e+00 6.813332409860674233e+00 1.124218457978753349e+01 1.116576062669122038e+01 1.120654474460125627e+01 1.112168114163336696e+01 1.117368969218594543e+01 1.127789653430312811e+01 1.099527188268866063e+01 1.139263290828345809e+01 2.202026163775060752e+01 9.999006701793256013e+00 2.240814923222249888e+01 9.159449119594096800e+00 -1.193407943684710926e+00 -1.428006042094054129e+00 3.899999999999999911e+00 3.200000000000000178e+00 0.000000000000000000e+00
3.697490154351858571e+00 3.718896536090499083e+00 3.568294902817321201e+00 3.588376841320493060e+00 0.000000000000000000e+00 0.000000000000000000e+00 0.000000000000000000e+00 0.000000000000000000e+00 0.000000000000000000e+00 0.000000000000000000e+00 0.000000000000000000e+00 0.000000000000000000e+00 6.870923376780567970e+00 1.121518141909819910e+01 1.115693953336124622e+01 1.125675510853925054e+01 1.097895490074071922e+01 1.137167535390454454e+01 1.108805315180608986e+01 1.116346980510987130e+01 1.129775350031544789e+01 2.215817151916148831e+01 9.816935501713377477e+00 2.245656842630637939e+01 9.148234388068615885e+00 -1.284005759297478955e+00 -1.339986215721086449e+00 3.899999999999999911e+00 3.200000000000000178e+00 0.000000000000000000e+00
3.579770558562292315e+00 3.768847677818657260e+00 3.634983796974404768e+00 3.586575686737255353e+00 0.000000000000000000e+00 0.000000000000000000e+00 0.000000000000000000e+00 0.000000000000000000e+00 0.000000000000000000e+00 0.000000000000000000e+00 0.000000000000000000e+00 0.000000000000000000e+00 6.695367004137648514e+00 1.132465588706354964e+01 1.121834089073536056e+01 1.105027848058421469e+01 1.119988169112993148e+01 1.129196109233745737e+01 1.100481002032559985e+01 1.123841913396900871e+01 1.129143342612845657e+01 2.200166738404285383e+01 9.979116137035177303e+00 2.244745170365547793e+01 9.017340184855312302e+00 -1.298356269349919989e+00 -1.031090668305616909e+00 3.899999999999999911e+00 3.200000000000000178e+00 0.000000000000000000e+00
3.595523701889029144e+00 3.702257512131158723e+00 3.577442742893177208e+00 3.606939480898470940e+00 0.000000000000000000e+00 0.000000000000000000e+00 0.000000000000000000e+00 0.000000000000000000e+00 0.000000000000000000e+00 0.000000000000000000e+00 0.000000000000000000e+00 0.000000000000000000e+00 6.751435356593626480e+00 1.129602659301842849e+01 1.121082508862404836e+01 1.110520186425949163e+01 1.115529655526255226e+01 1.130742453925393853e+01 1.100069253524180013e+01 1.123563495132388113e+01 1.127849783017859409e+01 2.188318778487528249e+01 1.021810390068426422e+01 2.242011515110551656e+01 8.997667724156379165e+00 -1.266064127189962196e+00 -1.007113649122579835e+00 3.899999999999999911e+00 3.200000000000000178e+00 0.000000000000000000e+00
3.664632732034549534e+00 3.788328680174438023e+00 3.598948183295807457e+00 3.634360328863517342e+00 0.000000000000000000e+00 0.000000000000000000e+00 0.000000000000000000e+00 0.000000000000000000e+00 0.000000000000000000e+00 0.000000000000000000e+00 0.000000000000000000e+00 0.000000000000000000e+00 6.628411894931120152e+00 1.142609115439022460e+01 1.105613949008665386e+01 1.119537318392435132e+01 1.117396858962062289e+01 1.132122091114244888e+01 1.094434325802238384e+01 1.133872305586536555e+01 1.124790011813296431e+01 2.210338681000072114e+01 9.819312944068988358e+00 2.248643794198511969e+01 9.217506077241301554e+00 -1.492922309767274580e+00 -1.321890597857834138e+00 3.899999999999999911e+00 3.200000000000000178e+00 0.000000000000000000e+00
3.637761188116213518e+00 3.680520704698423184e+00 3.585986764238334956e+00 3.615508084626021024e+00 0.000000000000000000e+00 0.000000000000000000e+00 0.000000000000000000e+00 0.000000000000000000e+00 0.000000000000000000e+00 0.000000000000000000e+00 0.000000000000000000e+00 0.000000000000000000e+00 6.947371038411290556e+00 1.110219702462109659e+01 1.134476610919915096e+01 1.093049082450322729e+01 1.135838415318901795e+01 1.112081316425918054e+01 1.110286625104823877e+01 1.125643108585513552e+01 1.111877124760360935e+01 2.232584199273428638e+01 9.927385069667113981e+00 2.241150742187522837e+01 9.056879087682068175e+00 -1.125216917461349997e+00 -1.135524013925173437e+00 3.899999999999999911e+00 3.200000000000000178e+00 0.000000000000000000e+00
3.733513622592358416e+00 3.737902608102715796e+00 3.629523849730825980e+00 3.580366647933507451e+00 0.000000000000000000e+00 0.000000000000000000e+00 0.000000000000000000e+00 0.000000000000000000e+00 0.000000000000000000e+00 0.000000000000000000e+00 0.000000000000000000e+00 0.000000000000000000e+00 6.814631343197187441e+00 1.118769122551950446e+01 1.130803207633090146e+01 1.101411355317249452e+01 1.125441085379836181e+01 1.118812978493115473e+01 1.112497575377094705e+01 1.118525510835458192e+01 1.121015841318507711e+01 2.237013599595617563e+01 9.993769448127704180e+00 2.229636430799676106e+01 9.295709805676342086e+00 -1.347767322848179239e+00 -1.127782332114030783e+00 3.899999999999999911e+00 3.200000000000000178e+00 0.000000000000000000e+00
3.649434034742788935e+00 3.689916246606986583e+00 3.641766023837687882e+00 3.621531447676006987e+00 0.000000000000000000e+00 0.000000000000000000e+00 0.000000000000000000e+00 0.000000000000000000e+00 0.000000000000000000e+00 0.000000000000000000e+00 0.000000000000000000e+00 0.000000000000000000e+00 6.903259824456273286e+00 1.115673633690461486e+01 1.113106046071807498e+01 1.135764889736221761e+01 1.090372657331812967e+01 1.126762763871957596e+01 1.129174935513385769e+01 1.090539704577594193e+01 1.140782946679691179e+01 2.212351855217968577e+01 9.831617874690827819e+00 2.237885104772382050e+01 9.050941300502866937e+00 -1.181620396075487633e+00 -1.261609771413775061e+00 3.899999999999999911e+00 3.200000000000000178e+00 0.000000000000000000e+00
3.579446475685777340e+00 3.746304060434531458e+00 3.599465513587131849e+00 3.632475020240857777e+00 0.000000000000000000e+00 0.000000000000000000e+00 0.000000000000000000e+00 0.000000000000000000e+00 0.000000000000000000e+00 0.000000000000000000e+00 0.000000000000000000e+00 0.000000000000000000e+00 6.842382044925399143e+00 1.117613360214930474e+01 1.129256873786156667e+01 1.099649871855840111e+01 1.120295139317711985e+01 1.132928007491055133e+01 1.096617406357983526e+01 1.128919907385239085e+01 1.121852163288607684e+01 2.212147420256991381e+01 9.729987025370808951e+00 2.249348628333687472e+01 9.096062999654412451e+00 -1.297850239560806918e+00 -1.051500840988362828e+00 3.899999999999999911e+00 3.200000000000000178e+00 0.000000000000000000e+00
3.660513007745228364e+00 3.741760767438159441e+00 3.619371726089229746e+00 3.624868361349278256e+00 0.000000000000000000e+00 0.000000000000000000e+00 0.000000000000000000e+00 0.000000000000000000e+00 0.000000000000000000e+00 0.000000000000000000e+00 0.000000000000000000e+00 0.000000000000000000e+00 6.697084415297045012e+00 1.133990756378659981e+01 1.116094823464117880e+01 1.110412221142834355e+01 1.120114406344358571e+01 1.121629239149184265e+01 1.109804917144319525e+01 1.116288046182392968e+01 1.134556025353265341e+01 2.195400329853421795e+01 9.912495361216329570e+00 2.246895313364761293e+01 9.096461651585400432e+00 -1.251189737529734280e+00 -1.211205169669290482e+00 3.899999999999999911e+00 3.200000000000000178e+00 0.000000000000000000e+00
3.644799692755587905e+00 3.652121623069628953e+00 3.614757690022607051e+00 3.639705911801184524e+00 0.000000000000000000e+00 0.000000000000000000e+00 0.000000000000000000e+00 0.000000000000000000e+00 0.000000000000000000e+00 0.000000000000000000e+00 0.000000000000000000e+00 0.000000000000000000e+00 6.731833577784735567e+00 1.130327818676494900e+01 1.121653813377720965e+01 1.102438517574449151e+01 1.125468237953473860e+01 1.115445389799986309e+01 1.117554824329552332e+01 1.120436678438527167e+01 1.108484753251631894e+01 2.258984154916466380e+01 1.000570537257049430e+01 2.228866441240658247e+01 9.185731979507803402e+00 -1.222220960088506558e+00 -1.345264323837124465e+00 3.899999999999999911e+00 3.200000000000000178e+00 0.000000000000000000e+00
3.654352065306819775e+00 3.691172123578754682e+00 3.623981570648436623e+00 3.613027299666008663e+00 0.000000000000000000e+00 0.000000000000000000e+00 0.000000000000000000e+00 0.000000000000000000e+00 0.000000000000000000e+00 0.000000000000000000e+00 0.000000000000000000e+00 0.000000000000000000e+00 6.773507912740344139e+00 1.126245247623463897e+01 1.110519245121538390e+01 1.128045789147496336e+01 1.106382634715732216e+01 1.117295165075399765e+01 1.128852388269173979e+01 1.102417714890823852e+01 1.124236501777033936e+01 2.250612575313243369e+01 9.893567977895061816e+00 2.225804616245506651e+01 9.219472277549504824e+00 -1.317685118971128944e+00 -1.171607568519889675e+00 3.899999999999999911e+00 3.200000000000000178e+00 0.000000000000000000e+00
3.648075177000739799e+00 3.725059431444606162e+00 3.545661525352471255e+00 3.670757601541499771e+00 0.000000000000000000e+00 0.000000000000000000e+00 0.000000000000000000e+00 0.000000000000000000e+00 0.000000000000000000e+00 0.000000000000000000e+00 0.000000000000000000e+00 0.000000000000000000e+00 6.905334466642271352e+00 1.103593598629208117e+01 1.143573022710440767e+01 1.104293587266024446e+01 1.100916110908636369e+01 1.150628023457407068e+01 1.088496461011703786e+01 1.131386900947083340e+01 1.126744482516406798e+01 2.199407728648023408e+01 1.002669179418148460e+01 2.245277229010158848e+01 9.268020533059836197e+00 -1.408483254802480822e+00 -1.456125837281163404e+00 3.899999999999999911e+00 3.200000000000000178e+00 0.000000000000000000e+00
3.680116669009294128e+00 3.718236766083346634e+00 3.601438561653848236e+00 3.585765936050740788e+00 0.000000000000000000e+00 0.000000000000000000e+00 0.000000000000000000e+00 0.000000000000000000e+00 0.000000000000000000e+00 0.000000000000000000e+00 0.000000000000000000e+00 0.000000000000000000e+00 6.699700405110639245e+00 1.134416103207342275e+01 1.106961605224795875e+01 1.127374232691685130e+01 1.099962071654367257e+01 1.138479805720192140e+01 1.098053392255158300e+01 1.124279742776673707e+01 1.119855866894538643e+01 2.223415987994314591e+01 9.867211646819638915e+00 2.245134242370433952e+01 9.000791416427194491e+00 -1.152089505217685161e+00 -1.067633408136031248e+00 3.899999999999999911e+00 3.200000000000000178e+00 0.000000000000000000e+00
3.674962982273595191e+00 3.773804268023036812e+00 3.561585709144430290e+00 3.600551153844502750e+00 0.000000000000000000e+00 0.000000000000000000e+00 0.000000000000000000e+00 0.000000000000000000e+00 0.000000000000000000e+00 0.000000000000000000e+00 0.000000000000000000e+00 0.000000000000000000e+00 6.631211497925137976e+00 1.142966079953011160e+01 1.110437781368234056e+01 1.109606215073642055e+01 1.122241282459540024e+01 1.130807146569498478e+01 1.093023759954438034e+01 1.135047761860830562e+01 1.119677025846517182e+01 2.220566108857057941e+01 1.000409060039111253e+01 2.239492094208535278e+01 9.272369358646272985e+00 -1.258389690671257943e+00 -1.579541803966711067e+00 3.899999999999999911e+00 3.200000000000000178e+00 0.000000000000000000e+00
3.635049245587059552e+00 3.772560438786812131e+00 3.590655158329381091e+00 3.613176265750658533e+00 0.000000000000000000e+00 0.000000000000000000e+00 0.000000000000000000e+00 0.000000000000000000e+00 0.000000000000000000e+00 0.000000000000000000e+00 0.000000000000000000e+00 0.000000000000000000e+00 6.693770197390392696e+00 1.137373100866306785e+01 1.107174667120300882e+01 1.117843687812249520e+01 1.116976306284799492e+01 1.115151082923464720e+01 1.121954711200216970e+01 1.114044162306406704e+01 1.119031825622122689e+01 2.236576515390198949e+01 1.011276308325378359e+01 2.231939100756762429e+01 9.118185060670972675e+00 -1.167071194914674370e+00 -1.361317270717300909e+00 3.899999999999999911e+00 3.200000000000000178e+00 0.000000000000000000e+00
3.623313680201637688e+00 3.719059037272721469e+00 3.574322242148675777e+00 3.611608914912739721e+00 0.000000000000000000e+00 0.000000000000000000e+00 0.000000000000000000e+00 0.000000000000000000e+00 0.000000000000000000e+00 0.000000000000000000e+00 0.000000000000000000e+00 0.000000000000000000e+00 6.868396985002420685e+00 1.111978302446531330e+01 1.141142183541655086e+01 1.099938107028921763e+01 1.110281715291014493e+01 1.139808820099476172e+01 1.099390320940505461e+01 1.117957851565319771e+01 1.136369942804388522e+01 2.199162959422982055e+01 9.886436237279982109e+00 2.245316804758839169e+01 9.276747165368199433e+00 -1.438545587557446659e+00 -1.190762445563767535e+00 3.899999999999999911e+00 3.200000000000000178e+00 0.000000000000000000e+00
3.802880744649652200e+00 3.727226356467357338e+00 3.560008123492309995e+00 3.625289316308887511e+00 0.000000000000000000e+00 0.000000000000000000e+00 0.000000000000000000e+00 0.000000000000000000e+00 0.000000000000000000e+00 0.000000000000000000e+00 0.000000000000000000e+00 0.000000000000000000e+00 6.815346665937171977e+00 1.126663944127271577e+01 1.119625354600084144e+01 1.107736175230780518e+01 1.125054403035349893e+01 1.117060196403281402e+01 1.110062805717876167e+01 1.125336102996658383e+01 1.109363467739503761e+01 2.235885919131679600e+01 1.026954026210932014e+01 2.228431468825025163e+01 9.060866161084323522e+00 -1.093071504581980991e+00 -1.286695794502890955e+00 3.899999999999999911e+00 3.200000000000000178e+00 0.000000000000000000e+00
3.677512250496795865e+00 3.727824031687867024e+00 3.591846684935880774e+00 3.589605226877520483e+00 0.000000000000000000e+00 0.000000000000000000e+00 0.000000000000000000e+00 0.000000000000000000e+00 0.000000000000000000e+00 0.000000000000000000e+00 0.000000000000000000e+00 0.000000000000000000e+00 6.642833086316093372e+00 1.132545876069503876e+01 1.123208908337922907e+01 1.103176886370093612e+01 1.118859452622485051e+01 1.130301240668408091e+01 1.100944722394800657e+01 1.124928553519562513e+01 1.120790624645378131e+01 2.207397175917116883e+01 9.933734888381788863e+00 2.254970108174104837e+01 8.929424709235838975e+00 -1.019778418176940260e+00 -1.391056742682466263e+00 3.899999999999999911e+00 3.200000000000000178e+00 0.000000000000000000e+00
3.788111406785632074e+00 3.746560510328320603e+00 3.639769982895890710e+00 3.566438838993176486e+00 0.000000000000000000e+00 0.000000000000000000e+00 0.000000000000000000e+00 0.000000000000000000e+00 0.000000000000000000e+00 0.000000000000000000e+00 0.000000000000000000e+00 0.000000000000000000e+00 6.788329112367669893e+00 1.122935579690983054e+01 1.122193886127071494e+01 1.112667785737205861e+01 1.109800114217856404e+01 1.130022365150236752e+01 1.107940132344341855e+01 1.118010186807365791e+01 1.121028342619059615e+01 2.217334915401515971e+01 1.005789763106705692e+01 2.237126963688694659e+01 9.079071651693285006e+00 -1.191102682341966368e+00 -1.131500888749296774e+00 3.899999999999999911e+00 3.200000000000000178e+00 0.000000000000000000e+00
3.704550500095132648e+00 3.895036786874164214e+00 3.531094294425098035e+00 3.620286760787628566e+00 0.000000000000000000e+00 0.000000000000000000e+00 0.000000000000000000e+00 0.000000000000000000e+00 0.000000000000000000e+00 0.000000000000000000e+00 0.000000000000000000e+00 0.000000000000000000e+00 6.652717624732245483e+00 1.137627499965999256e+01 1.109290567489696677e+01 1.117114496404184365e+01 1.116777388415975025e+01 1.119401862965119498e+01 1.117362914437276089e+01 1.114401946453251391e+01 1.123129706549739559e+01 2.220889932368082853e+01 9.897883750663437397e+00 2.237196755083214939e+01 9.103690424907208367e+00 -1.299029413666765054e+00 -9.600782529169420432e-01 3.899999999999999911e+00 3.200000000000000178e+00 0.000000000000000000e+00
3.748673926593296901e+00 3.661919091991514108e+00 3.606158279558312696e+00 3.602178050996424741e+00 0.000000000000000000e+00 0.000000000000000000e+00 0.000000000000000000e+00 0.000000000000000000e+00 0.000000000000000000e+00 0.000000000000000000e+00 0.000000000000000000e+00 0.000000000000000000e+00 6.664556171150069375e+00 1.140097510127563218e+01 1.109260342653999487e+01 1.111738521342890706e+01 1.125073087977760444e+01 1.124332876564178108e+01 1.096298936789912659e+01 1.133878111473282146e+01 1.117457284613944246e+01 2.209999828150207080e+01 1.019806368799759078e+01 2.236494703775994708e+01 9.250742978851199894e+00 -1.325831917001244475e+00 -1.211614517907785515e+00 3.899999999999999911e+00 3.200000000000000178e+00 0.000000000000000000e+00
3.690525290388691371e+00 3.666067296011549015e+00 3.576755733078073707e+00 3.641226335603790609e+00 0.000000000000000000e+00 0.000000000000000000e+00 0.000000000000000000e+00 0.000000000000000000e+00 0.000000000000000000e+00 0.000000000000000000e+00 0.000000000000000000e+00 0.000000000000000000e+00 6.743906923887526439e+00 1.125371354109015698e+01 1.123486574583219166e+01 1.114150799907492662e+01 1.106256441546585378e+01 1.136074864831149256e+01 1.106825383186113854e+01 1.115359023642307434e+01 1.131881879274673075e+01 2.211041602651050297e+01 9.750733590280955099e+00 2.244708219610465960e+01 9.036407022585720483e+00 -1.191431873223258275e+00 -1.273720971675017521e+00 3.899999999999999911e+00 3.200000000000000178e+00 0.000000000000000000e+00
3.707097050469039257e+00 3.756232790338099647e+00 3.596794994390198674e+00 3.590288251605350478e+00 0.000000000000000000e+00 0.000000000000000000e+00 0.000000000000000000e+00 0.000000000000000000e+00 0.000000000000000000e+00 0.000000000000000000e+00 0.000000000000000000e+00 0.000000000000000000e+00 6.633741917067855098e+00 1.141066527998136060e+01 1.108022757907967915e+01 1.120246679623059904e+01 1.110317626511462130e+01 1.131690320172150876e+01 1.106753219477959860e+01 1.120360419642972616e+01 1.125549887819081363e+01 2.232073726517741719e+01 9.925356462854301398e+00 2.234120972743320621e+01 9.311618962127566235e+00 -1.416391981504546482e+00 -1.282728437347233408e+00 3.899999999999999911e+00 3.200000000000000178e+00 0.000000000000000000e+00
3.608032204224926875e+00 3.784582854126157248e+00 3.548317689777690909e+00 3.583821447999611998e+00 0.000000000000000000e+00 0.000000000000000000e+00 0.000000000000000000e+00 0.000000000000000000e+00 0.000000000000000000e+00 0.000000000000000000e+00 0.000000000000000000e+00 0.000000000000000000e+00 6.719653311648344562e+00 1.129736025711912184e+01 1.119822406119174296e+01 1.116613549449206388e+01 1.106917057166574558e+01 1.138564687882126414e+01 1.099250471166150156e+01 1.129885609572743199e+01 1.112628544794251795e+01 2.239916767562516497e+01 1.025252524838601786e+01 2.224191558457826901e+01 9.273580618610978377e+00 -1.295904056232367818e+00 -1.503393455849513671e+00 3.899999999999999911e+00 3.200000000000000178e+00 0.000000000000000000e+00
3.705980508004917073e+00 3.739316433562321240e+00 3.552675343069761738e+00 3.652719328493890583e+00 0.000000000000000000e+00 0.000000000000000000e+00 0.000000000000000000e+00 0.000000000000000000e+00 0.000000000000000000e+00 0.000000000000000000e+00 0.000000000000000000e+00 0.000000000000000000e+00 6.800331546540521188e+00 1.121555406290802281e+01 1.123898694981496149e+01 1.114691977907172493e+01 1.103956767756195667e+01 1.141513825484301492e+01 1.093588948186646270e+01 1.125530311261198690e+01 1.128246721111412221e+01 2.204582967173341501e+01 1.011169185892310551e+01 2.240664130106901197e+01 9.222757442158460606e+00 -1.341541104969970810e+00 -1.307465693727677847e+00 3.899999999999999911e+00 3.200000000000000178e+00 0.000000000000000000e+00
3.635279661313818522e+00 3.783226631859688549e+00 3.604069931473380617e+00 3.610619443103864068e+00 0.000000000000000000e+00 0.000000000000000000e+00 0.000000000000000000e+00 0.000000000000000000e+00 0.000000000000000000e+00 0.000000000000000000e+00 0.000000000000000000e+00 0.000000000000000000e+00 6.610429322378346129e+00 1.141623709191125080e+01 1.113019313060607551e+01 1.111579760662117344e+01 1.116079134895355374e+01 1.132116118432229790e+01 1.101168710162417241e+01 1.124531684245581076e+01 1.128213509066832998e+01 2.210360272623625377e+01 9.666902344527111168e+00 2.255293695463247161e+01 9.124394851096868209e+00 -1.381290911428161294e+00 -1.110001250703450904e+00 3.899999999999999911e+00 3.200000000000000178e+00 0.000000000000000000e+00
3.704967226063644148e+00 3.751095694559149596e+00 3.591477397290208096e+00 3.577138255833828495e+00 0.000000000000000000e+00 0.000000000000000000e+00 0.000000000000000000e+00 0.000000000000000000e+00 0.000000000000000000e+00 0.000000000000000000e+00 0.000000000000000000e+00 0.000000000000000000e+00 6.710993395196628519e+00 1.132449558092872621e+01 1.118541549159804660e+01 1.108051251476297061e+01 1.123693589064947851e+01 1.124514908950085257e+01 1.098753834111380456e+01 1.135708604743511074e+01 1.106978847369635233e+01 2.232363718128166141e+01 1.008000716766376037e+01 2.238300251557983955e+01 8.961053434872367163e+00 -9.415237421210066460e-01 -1.493266118709599244e+00 3.899999999999999911e+00 3.200000000000000178e+00 0.000000000000000000e+00
3.684648864648488065e+00 3.787564240288148198e+00 3.663657984123517508e+00 3.593178121854136098e+00 0.000000000000000000e+00 0.000000000000000000e+00 0.000000000000000000e+00 0.000000000000000000e+00 0.000000000000000000e+00 0.000000000000000000e+00 0.000000000000000000e+00 0.000000000000000000e+00 6.717587749978566336e+00 1.134463837283947463e+01 1.108918713722381888e+01 1.121344791648059136e+01 1.112470846197455110e+01 1.127634078700372910e+01 1.109118549640609430e+01 1.123038661041513109e+01 1.119607889473381057e+01 2.245166946689253606e+01 9.661041956967421740e+00 2.242454134026664647e+01 9.262215833258629516e+00 -1.578474690605532027e+00 -1.008050043342398450e+00 3.899999999999999911e+00 3.200000000000000178e+00 0.000000000000000000e+00
3.685406862644364789e+00 3.710966405076993713e+00 3.566356348090940376e+00 3.592992007949304956e+00 0.000000000000000000e+00 0.000000000000000000e+00 0.000000000000000000e+00 0.000000000000000000e+00 0.000000000000000000e+00 0.000000000000000000e+00 0.000000000000000000e+00 0.000000000000000000e+00 6.735982044774943667e+00 1.132009296916869978e+01 1.116795482688204011e+01 1.117034010716416503e+01 1.101508692413820611e+01 1.147418397578961979e+01 1.086446216508842966e+01 1.136586692930366738e+01 1.112573790031154530e+01 2.220664381521957509e+01 9.966661811443684016e+00 2.244427489312002066e+01 9.147050594252645439e+00 -1.227926275004746159e+00 -1.216718283679154133e+00 3.899999999999999911e+00 3.200000000000000178e+00 0.000000000000000000e+00
3.729967498997055930e+00 3.775865480378314931e+00 3.603783168996777420e+00 3.530773204696007639e+00 0.000000000000000000e+00 0.000000000000000000e+00 0.000000000000000000e+00 0.000000000000000000e+00 0.000000000000000000e+00 0.000000000000000000e+00 0.000000000000000000e+00 0.000000000000000000e+00 6.653682395071885303e+00 1.145341554510959625e+01 1.114300566364870093e+01 1.103122323046028441e+01 1.132158522249661736e+01 1.116170090173846496e+01 1.121677056908781367e+01 1.107200063810376989e+01 1.145988599285116827e+01 2.182911310620463752e+01 9.900637736342069672e+00 2.249909813352995869e+01 9.235449383962155423e+00 -1.481917529502144504e+00 -1.512015082074550598e+00 3.899999999999999911e+00 3.200000000000000178e+00 0.000000000000000000e+00
3.556439841129820589e+00 3.737195668216966915e+00 3.587516855090217671e+00 3.522445884955526907e+00 0.000000000000000000e+00 0.000000000000000000e+00 0.000000000000000000e+00 0.000000000000000000e+00 0.000000000000000000e+00 0.000000000000000000e+00 0.000000000000000000e+00 0.000000000000000000e+00 6.751576877318538727e+00 1.128078309221982067e+01 1.122299516735807856e+01 1.104177025798629685e+01 1.123521616275458612e+01 1.132856517548183817e+01 1.087055930317822572e+01 1.138828236797478333e+01 1.116276588515971468e+01 2.211549791136076237e+01 1.003856052033957980e+01 2.247961169751165045e+01 9.063556959917992373e+00 -1.063133322344010701e+00 -1.497830289541697946e+00 3.899999999999999911e+00 3.200000000000000178e+00 0.000000000000000000e+00
3.716139158250575392e+00 3.724174277946147971e+00 3.563684964278127421e+00 3.593324907741296759e+00 0.000000000000000000e+00 0.000000000000000000e+00 0.000000000000000000e+00 0.000000000000000000e+00 0.000000000000000000e+00 0.000000000000000000e+00 0.000000000000000000e+00 0.000000000000000000e+00 6.617957311208243709e+00 1.144822530497009794e+01 1.104622259966824771e+01 1.120323113846006180e+01 1.116502063169838088e+01 1.116040665806958465e+01 1.124039162161903604e+01 1.107071451049564637e+01 1.129822004709853189e+01 2.220537619026635667e+01 1.011487113775897484e+01 2.231830486781209189e+01 9.261141763761044032e+00 -1.298149312015660195e+00 -1.273285818103883305e+00 3.899999999999999911e+00 3.200000000000000178e+00 0.000000000000000000e+00
3.734576496237408616e+00 3.563609282102651932e+00 3.636158799214064707e+00 3.565806402237606587e+00 0.000000000000000000e+00 0.000000000000000000e+00 0.000000000000000000e+00 0.000000000000000000e+00 0.000000000000000000e+00 0.000000000000000000e+00 0.000000000000000000e+00 0.000000000000000000e+00 6.708919822102703989e+00 1.135650522758712988e+01 1.119334087258072508e+01 1.100402682199411508e+01 1.125827793854242920e+01 1.130831117846203426e+01 1.095248835932855869e+01 1.130175389806864850e+01 1.128039545793333964e+01 2.182667169660643935e+01 1.013958344634149000e+01 2.256223551958901297e+01 9.102730133720339012e+00 -1.181504930375197659e+00 -1.556458651979341745e+00 3.899999999999999911e+00 3.200000000000000178e+00 0.000000000000000000e+00
3.613387294448346942e+00 3.694887431774665831e+00 3.573503692573619883e+00 3.567671004263043510e+00 0.000000000000000000e+00 0.000000000000000000e+00 0.000000000000000000e+00 0.000000000000000000e+00 0.000000000000000000e+00 0.000000000000000000e+00 0.000000000000000000e+00 0.000000000000000000e+00 6.675013093342696102e+00 1.136913697713197102e+01 1.111518077628756096e+01 1.117623815375256768e+01 1.118606859934673814e+01 1.121308872520625854e+01 1.119584791306430382e+01 1.113083631590759914e+01 1.131343011518077368e+01 2.220809096786774361e+01 1.015293250887512855e+01 2.224877035211384779e+01 9.472661969854831554e+00 -1.515092247147231674e+00 -1.401142003904561228e+00 3.899999999999999911e+00 3.200000000000000178e+00 0.000000000000000000e+00
3.658728357027262845e+00 3.805312497751833334e+00 3.559175342662094899e+00 3.659044103186955166e+00 0.000000000000000000e+00 0.000000000000000000e+00 0.000000000000000000e+00 0.000000000000000000e+00 0.000000000000000000e+00 0.000000000000000000e+00 0.000000000000000000e+00 0.000000000000000000e+00 6.836640971772488307e+00 1.120596533388761173e+01 1.125248185201956019e+01 1.107574518428549482e+01 1.121413732513514461e+01 1.118001495953232016e+01 1.118685944804446741e+01 1.113158953259371842e+01 1.123394972542230619e+01 2.221126391605302075e+01 1.024585659815646643e+01 2.230121550946658715e+01 9.111790890746116034e+00 -1.101544264184644017e+00 -1.466994055055901525e+00 3.899999999999999911e+00 3.200000000000000178e+00 0.000000000000000000e+00
3.665945940012490745e+00 3.756315094579924629e+00 3.585003610058792756e+00 3.593432830156498614e+00 0.000000000000000000e+00 0.000000000000000000e+00 0.000000000000000000e+00 0.000000000000000000e+00 0.000000000000000000e+00 0.000000000000000000e+00 0.000000000000000000e+00 0.000000000000000000e+00 6.831413046575492309e+00 1.119677016926686797e+01 1.128474221034702474e+01 1.102545604803117385e+01 1.125830331018267572e+01 1.120389162052673271e+01 1.112570315332288651e+01 1.120339512459261044e+01 1.128794777825926587e+01 2.195621264947543949e+01 1.033769355457092054e+01 2.238979399562519035e+01 9.173218188924193939e+00 -1.273960665734150233e+00 -1.571914621144411051e+00 3.899999999999999911e+00 3.200000000000000178e+00 0.000000000000000000e+00
3.649037538693967964e+00 3.642587333285007833e+00 3.609520759973087856e+00 3.625987235533611130e+00 0.000000000000000000e+00 0.000000000000000000e+00 0.000000000000000000e+00 0.000000000000000000e+00 0.000000000000000000e+00 0.000000000000000000e+00 0.000000000000000000e+00 0.000000000000000000e+00 6.752834259511981685e+00 1.129196425442388474e+01 1.115151534851859871e+01 1.117467988833719694e+01 1.112139240089068259e+01 1.131102242571025052e+01 1.097362881401908474e+01 1.128100652119647229e+01 1.121406568121484248e+01 2.213042672776556685e+01 9.930265373748776270e+00 2.243628076782034952e+01 9.084187046549320854e+00 -1.094909049137257950e+00 -1.500466924029393967e+00 3.899999999999999911e+00 3.200000000000000178e+00 0.000000000000000000e+00
3.747072076329788892e+00 3.769756294054655843e+00 3.579841890850218977e+00 3.678995475116690894e+00 0.000000000000000000e+00 0.000000000000000000e+00 0.000000000000000000e+00 0.000000000000000000e+00 0.000000000000000000e+00 0.000000000000000000e+00 0.000000000000000000e+00 0.000000000000000000e+00 6.707502557866306780e+00 1.124622311043389722e+01 1.130814333326500432e+01 1.103629072952696788e+01 1.116727917386008961e+01 1.128979067889645371e+01 1.106803221129858628e+01 1.116471117563547288e+01 1.129656161318836283e+01 2.204029153196345092e+01 9.951996333026070118e+00 2.244567119198347527e+01 9.005097534817606331e+00 -1.207158156792968118e+00 -1.135285558093154012e+00 3.899999999999999911e+00 3.200000000000000178e+00 0.000000000000000000e+00
3.608121551216347367e+00 3.699393504831139268e+00 3.549280012621850666e+00 3.529770007672911714e+00 0.000000000000000000e+00 0.000000000000000000e+00 0.000000000000000000e+00 0.000000000000000000e+00 0.000000000000000000e+00 0.000000000000000000e+00 0.000000000000000000e+00 0.000000000000000000e+00 6.618629621261564289e+00 1.137467816963392409e+01 1.118157549808584328e+01 1.099445995529362463e+01 1.129208233938184591e+01 1.130026801366851430e+01 1.086939614334321824e+01 1.139347086708314727e+01 1.115635978793321037e+01 2.207941663968743740e+01 1.000932476692509177e+01 2.253035886467707627e+01 9.045644822646826455e+00 -1.237510551615445653e+00 -1.275716420027129150e+00 3.899999999999999911e+00 3.200000000000000178e+00 0.000000000000000000e+00
3.714835633762810119e+00 3.693530049949293126e+00 3.601089686461330874e+00 3.591644197191772747e+00 0.000000000000000000e+00 0.000000000000000000e+00 0.000000000000000000e+00 0.000000000000000000e+00 0.000000000000000000e+00 0.000000000000000000e+00 0.000000000000000000e+00 0.000000000000000000e+00 6.657799141152975331e+00 1.127333846715338872e+01 1.131475662486111133e+01 1.097456924105084575e+01 1.120622139899560388e+01 1.130128811191253213e+01 1.096836885868980360e+01 1.129413560443378906e+01 1.115764126138998691e+01 2.220054247017860760e+01 1.013337873726550242e+01 2.235425094274438607e+01 9.099872433845996866e+00 -1.120370221562332125e+00 -1.369114028510540759e+00 3.899999999999999911e+00 3.200000000000000178e+00 0.000000000000000000e+00
3.747416858827154140e+00 3.712295319323936749e+00 3.585175298069148919e+00 3.631174107484531177e+00 0.000000000000000000e+00 0.000000000000000000e+00 0.000000000000000000e+00 0.000000000000000000e+00 0.000000000000000000e+00 0.000000000000000000e+00 0.000000000000000000e+00 0.000000000000000000e+00 6.646044130071245171e+00 1.133158815777949258e+01 1.123380268455726316e+01 1.101995987507592822e+01 1.120881827757344595e+01 1.134951487114714119e+01 1.093228803168552332e+01 1.132765311037689671e+01 1.124210720938035202e+01 2.200887140717944845e+01 9.884164389278934593e+00 2.258746141225076798e+01 9.081273348275720636e+00 -1.180094965655961392e+00 -1.618737161802336288e+00 3.899999999999999911e+00 3.200000000000000178e+00 0.000000000000000000e+00
3.615447250806321566e+00 3.691564304322975776e+00 3.636360313787120990e+00 3.575909500751802916e+00 0.000000000000000000e+00 0.000000000000000000e+00 0.000000000000000000e+00 0.000000000000000000e+00 0.000000000000000000e+00 0.000000000000000000e+00 0.000000000000000000e+00 0.000000000000000000e+00 6.709997466912810182e+00 1.130209861896422119e+01 1.125560251591911509e+01 1.105074298492706220e+01 1.115706339322623109e+01 1.128468117629671674e+01 1.112921832445901060e+01 1.111948158674583098e+01 1.132775890308836964e+01 2.207202967516046499e+01 9.932706949972191168e+00 2.243545474336684720e+01 9.202692059825659854e+00 -1.453383684262410158e+00 -1.065250810590516961e+00 3.899999999999999911e+00 3.200000000000000178e+00 0.000000000000000000e+00
3.653209160865141580e+00 3.744020115008299232e+00 3.588846688015726372e+00 3.641287821924034329e+00 0.000000000000000000e+00 0.000000000000000000e+00 0.000000000000000000e+00 0.000000000000000000e+00 0.000000000000000000e+00 0.000000000000000000e+00 0.000000000000000000e+00 0.000000000000000000e+00 6.826955273655761935e+00 1.118987395427027742e+01 1.130452008764258487e+01 1.099500499483198013e+01 1.122685411177601367e+01 1.127352560179792640e+01 1.105060384424554343e+01 1.121787321885436839e+01 1.131394103707919996e+01 2.195837685974207076e+01 9.859803357034881088e+00 2.252142969828585350e+01 9.104287287605107082e+00 -1.358505210613248249e+00 -1.168816373725398039e+00 3.899999999999999911e+00 3.200000000000000178e+00 0.000000000000000000e+00
3.768766109149998655e+00 3.641210293270161547e+00 3.613066168404652778e+00 3.607616535158115312e+00 0.000000000000000000e+00 0.000000000000000000e+00 0.000000000000000000e+00 0.000000000000000000e+00 0.000000000000000000e+00 0.000000000000000000e+00 0.000000000000000000e+00 0.000000000000000000e+00 6.794792935067274442e+00 1.121440751037117245e+01 1.127852816779259193e+01 1.106103236648875843e+01 1.117061258882550767e+01 1.125386131147559077e+01 1.108357057694167835e+01 1.116978090631553400e+01 1.131251311431098827e+01 2.205854861061632377e+01 9.959690369361123174e+00 2.242318535825326720e+01 9.074283648280204062e+00 -1.223970312712209685e+00 -1.315316522766185825e+00 3.899999999999999911e+00 3.200000000000000178e+00 0.000000000000000000e+00
3.758596057727948470e+00 3.693348145843491803e+00 3.579647749678420698e+00 3.567628329404674226e+00 0.000000000000000000e+00 0.000000000000000000e+00 0.000000000000000000e+00 0.000000000000000000e+00 0.000000000000000000e+00 0.000000000000000000e+00 0.000000000000000000e+00 0.000000000000000000e+00 6.831387962156917126e+00 1.108594601571945049e+01 1.148757722796969283e+01 1.091967008980344644e+01 1.114076470622497439e+01 1.141276428490791339e+01 1.094308163746777041e+01 1.127682790622334785e+01 1.124596615218359652e+01 2.214623377179191266e+01 9.841325963923429399e+00 2.245451478918836230e+01 9.173854497388303386e+00 -1.463471255366064927e+00 -1.096095578931599590e+00 3.899999999999999911e+00 3.200000000000000178e+00 0.000000000000000000e+00
3.731677981307715442e+00 3.743515671582375859e+00 3.624935491681767097e+00 3.577258530941829218e+00 0.000000000000000000e+00 0.000000000000000000e+00 0.000000000000000000e+00 0.000000000000000000e+00 0.000000000000000000e+00 0.000000000000000000e+00 0.000000000000000000e+00 0.000000000000000000e+00 6.776614743024106602e+00 1.125060499230402655e+01 1.123013813019585605e+01 1.105904866129995945e+01 1.117926897030029920e+01 1.128907444034651952e+01 1.102207383848094402e+01 1.123052946731219848e+01 1.126102742174597893e+01 2.215678481434344960e+01 9.797672098059035051e+00 2.245834008679890204e+01 9.216887569871545338e+00 -1.387327830722302480e+00 -1.082353258273021979e+00 3.899999999999999911e+00 3.200000000000000178e+00 0.000000000000000000e+00
3.689946424672377212e+00 3.768514659018886270e+00 3.585819243569111858e+00 3.588071708692655459e+00 0.000000000000000000e+00 0.000000000000000000e+00 0.000000000000000000e+00 0.000000000000000000e+00 0.000000000000000000e+00 0.000000000000000000e+00 0.000000000000000000e+00 0.000000000000000000e+00 6.795574568581439934e+00 1.128858920917811304e+01 1.118549172021323557e+01 1.113071569177844999e+01 1.115099317385976718e+01 1.126323886525672258e+01 1.114578565400046628e+01 1.117860302786971261e+01 1.120561027496925810e+01 2.229248471382419439e+01 1.011415004164290998e+01 2.228398629937139575e+01 9.268498286938070763e+00 -1.368468667653762738e+00 -1.353836041298041692e+00 3.899999999999999911e+00 3.200000000000000178e+00 0.000000000000000000e+00
3.633098360938368465e+00 3.743144466091020472e+00 3.560152691563589045e+00 3.638206152364373391e+00 0.000000000000000000e+00 0.000000000000000000e+00 0.000000000000000000e+00 0.000000000000000000e+00 0.000000000000000000e+00 0.000000000000000000e+00 0.000000000000000000e+00 0.000000000000000000e+00 6.891892283467451641e+00 1.119102080494366369e+01 1.122000442311911605e+01 1.118770387959481738e+01 1.103873329284854599e+01 1.135394162329603596e+01 1.109105575934757404e+01 1.113284593740530681e+01 1.135624256088193462e+01 2.214773218434529767e+01 9.627436685785609072e+00 2.244666907878474760e+01 9.163507670913041636e+00 -1.318462204541954064e+00 -1.364540404950315811e+00 3.899999999999999911e+00 3.200000000000000178e+00 0.000000000000000000e+00
3.642676638054690219e+00 3.770211156153957965e+00 3.658495475147411025e+00 3.574171688032192762e+00 0.000000000000000000e+00 0.000000000000000000e+00 0.000000000000000000e+00 0.000000000000000000e+00 0.000000000000000000e+00 0.000000000000000000e+00 0.000000000000000000e+00 0.000000000000000000e+00 6.911583401835098783e+00 1.115664101714819267e+01 1.124483036691417759e+01 1.108250471406091719e+01 1.120821198657008289e+01 1.124399319127591923e+01 1.102533962352661590e+01 1.129781159660164036e+01 1.114679187741838007e+01 2.231338990314894488e+01 9.937344581502856045e+00 2.244486667659673529e+01 9.050132599171101688e+00 -1.150174933666711974e+00 -1.412109219014208161e+00 3.899999999999999911e+00 3.200000000000000178e+00 0.000000000000000000e+00
3.670670709713401259e+00 3.765928511360661535e+00 3.636149446862796619e+00 3.569261513760495053e+00 0.000000000000000000e+00 0.000000000000000000e+00 0.000000000000000000e+00 0.000000000000000000e+00 0.000000000000000000e+00 0.000000000000000000e+00 0.000000000000000000e+00 0.000000000000000000e+00 6.858732712032160173e+00 1.117405694621457890e+01 1.125741526018667926e+01 1.110552814533384591e+01 1.114079066194579148e+01 1.131388631264043987e+01 1.099868371929648703e+01 1.123355299783168171e+01 1.125854778894649755e+01 2.209275997614760456e+01 1.011119562162386387e+01 2.236873930303334390e+01 9.157063843089044752e+00 -1.189555982983569349e+00 -1.300210448075616476e+00 3.899999999999999911e+00 3.200000000000000178e+00 0.000000000000000000e+00
3.680737998987378301e+00 3.602375823744460526e+00 3.529838077365900162e+00 3.630560397727979449e+00 0.000000000000000000e+00 0.000000000000000000e+00 0.000000000000000000e+00 0.000000000000000000e+00 0.000000000000000000e+00 0.000000000000000000e+00 0.000000000000000000e+00 0.000000000000000000e+00 6.838438892331426544e+00 1.117802986264997145e+01 1.129452969951390706e+01 1.106274032300116161e+01 1.122699736009783855e+01 1.108405781579407900e+01 1.137253539787525902e+01 1.089736027990468514e+01 1.144992961977668422e+01 2.191197104784014371e+01 1.019470525228198987e+01 2.231399355325959988e+01 9.263865204948187326e+00 -1.297094352535201445e+00 -1.322532993778580135e+00 3.899999999999999911e+00 3.200000000000000178e+00 0.000000000000000000e+00
3.639802353697002335e+00 3.843770477239043526e+00 3.579573371231644874e+00 3.583372385384957060e+00 0.000000000000000000e+00 0.000000000000000000e+00 0.000000000000000000e+00 0.000000000000000000e+00 0.000000000000000000e+00 0.000000000000000000e+00 0.000000000000000000e+00 0.000000000000000000e+00 6.716240488267205322e+00 1.128329346630796692e+01 1.118466352337359737e+01 1.113218554763103185e+01 1.115631085216240770e+01 1.131679730039070186e+01 1.099629306932280848e+01 1.127556431411437821e+01 1.127149594229037533e+01 2.201996025202380736e+01 9.786900218391181738e+00 2.259375015581086998e+01 8.962004659810382634e+00 -1.182096699631361103e+00 -1.354740058386165957e+00 3.899999999999999911e+00 3.200000000000000178e+00 0.000000000000000000e+00
3.578900797633340236e+00 3.789436458120065243e+00 3.605959052726651848e+00 3.623491835859918186e+00 0.000000000000000000e+00 0.000000000000000000e+00 0.000000000000000000e+00 0.000000000000000000e+00 0.000000000000000000e+00 0.000000000000000000e+00 0.000000000000000000e+00 0.000000000000000000e+00 6.654246875686703255e+00 1.129662434871371524e+01 1.130615239910464531e+01 1.100661252047826011e+01 1.115917637385968497e+01 1.130650798629286413e+01 1.107169615490316339e+01 1.119019857739583834e+01 1.120299044150528189e+01 2.240027416235172453e+01 9.955104535561797974e+00 2.232812930726462497e+01 9.175820108534992414e+00 -1.086857878053857362e+00 -1.541129279654729789e+00 3.899999999999999911e+00 3.200000000000000178e+00 0.000000000000000000e+00
3.618144515174252618e+00 3.798469927081989272e+00 3.611978916621333635e+00 3.587041288235045755e+00 0.000000000000000000e+00 0.000000000000000000e+00 0.000000000000000000e+00 0.000000000000000000e+00 0.000000000000000000e+00 0.000000000000000000e+00 0.000000000000000000e+00 0.000000000000000000e+00 6.678009993895679841e+00 1.124921393020552429e+01 1.141355933122659927e+01 1.082189057157617107e+01 1.138468921567097425e+01 1.117760332744217955e+01 1.110214850499212780e+01 1.118444411666905580e+01 1.124513928266928531e+01 2.220586246936363040e+01 1.003279788850472443e+01 2.227851492370227859e+01 9.332931150503158690e+00 -1.410258663133329815e+00 -1.052482499627570789e+00 3.899999999999999911e+00 3.200000000000000178e+00 0.000000000000000000e+00
3.691552260568685906e+00 3.765517044463430274e+00 3.536689443962975687e+00 3.666536896579588145e+00 0.000000000000000000e+00 0.000000000000000000e+00 0.000000000000000000e+00 0.000000000000000000e+00 0.000000000000000000e+00 0.000000000000000000e+00 0.000000000000000000e+00 0.000000000000000000e+00 6.740650041794761904e+00 1.130547006508425412e+01 1.114836774057216928e+01 1.123958484236989364e+01 1.097421060895505462e+01 1.137330273858776941e+01 1.112297948490128441e+01 1.111720873863517056e+01 1.130950349726270687e+01 2.204615163042252490e+01 1.031120400808949000e+01 2.226872923248709668e+01 9.264660180219411956e+00 -1.274760317498273565e+00 -1.418260525454002607e+00 3.899999999999999911e+00 3.200000000000000178e+00 0.000000000000000000e+00
3.774195570544160550e+00 3.756450906898194830e+00 3.572639538538634696e+00 3.583774787550190410e+00 0.000000000000000000e+00 0.000000000000000000e+00 0.000000000000000000e+00 0.000000000000000000e+00 0.000000000000000000e+00 0.000000000000000000e+00 0.000000000000000000e+00 0.000000000000000000e+00 6.673345158140524980e+00 1.141225035644456476e+01 1.103274959231198693e+01 1.119886423674486409e+01 1.122626499479084927e+01 1.120758788960128349e+01 1.113176799046999044e+01 1.116078891208177737e+01 1.135188750202658703e+01 2.209802309554053323e+01 9.819472607622939719e+00 2.242530402857567751e+01 9.379801053188442594e+00 -1.569445317090287118e+00 -1.241574847431837103e+00 3.899999999999999911e+00 3.200000000000000178e+00 0.000000000000000000e+00
3.650919958937075105e+00 3.786783039751846935e+00 3.549934865170579101e+00 3.668212005031158629e+00 0.000000000000000000e+00 0.000000000000000000e+00 0.000000000000000000e+00 0.000000000000000000e+00 0.000000000000000000e+00 0.000000000000000000e+00 0.000000000000000000e+00 0.000000000000000000e+00 6.657777250477809439e+00 1.137675197514164083e+01 1.115053849920085582e+01 1.107146232008855335e+01 1.125828770395969691e+01 1.122981171631642106e+01 1.105722398948173257e+01 1.125941364757159313e+01 1.124312351453682624e+01 2.217258757309256012e+01 9.926944276837915027e+00 2.243247824039448801e+01 9.194939143170119067e+00 -1.200894901798040593e+00 -1.676292342277581060e+00 3.899999999999999911e+00 3.200000000000000178e+00 0.000000000000000000e+00
3.643132892652727328e+00 3.813415136913745673e+00 3.546190562865020990e+00 3.598088845134402636e+00 0.000000000000000000e+00 0.000000000000000000e+00 0.000000000000000000e+00 0.000000000000000000e+00 0.000000000000000000e+00 0.000000000000000000e+00 0.000000000000000000e+00 0.000000000000000000e+00 6.677413770719246244e+00 1.129669128170881898e+01 1.126646339222320314e+01 1.100922814364123070e+01 1.118428813475771832e+01 1.129119944448899560e+01 1.105557678213311412e+01 1.119292331927969464e+01 1.127635157167881097e+01 2.214481158633101643e+01 1.010372229351402495e+01 2.231436492524092685e+01 9.300919760955572713e+00 -1.532786556189696059e+00 -9.929920371071647711e-01 3.899999999999999911e+00 3.200000000000000178e+00 0.000000000000000000e+00
3.687800020089147424e+00 3.762632735378011350e+00 3.522606397928117694e+00 3.562799735694732739e+00 0.000000000000000000e+00 0.000000000000000000e+00 0.000000000000000000e+00 0.000000000000000000e+00 0.000000000000000000e+00 0.000000000000000000e+00 0.000000000000000000e+00 0.000000000000000000e+00 6.704053574814023087e+00 1.133477689723584270e+01 1.120293765068882585e+01 1.103336790188180316e+01 1.117636189562537474e+01 1.138020960364850609e+01 1.089183065038406362e+01 1.131737106662614778e+01 1.126704451580617494e+01 2.198230018253305573e+01 9.834121412432606846e+00 2.254302833555871644e+01 9.106274767866134212e+00 -1.326621049942644959e+00 -1.145341415384375061e+00 3.899999999999999911e+00 3.200000000000000178e+00 0.000000000000000000e+00
3.552259511736868269e+00 3.921822760489763748e+00 3.562164346608924337e+00 3.609952951980241576e+00 0.000000000000000000e+00 0.000000000000000000e+00 0.000000000000000000e+00 0.000000000000000000e+00 0.000000000000000000e+00 0.000000000000000000e+00 0.000000000000000000e+00 0.000000000000000000e+00 6.783156850329114640e+00 1.124665838977525567e+01 1.125328647579374675e+01 1.103953595834991219e+01 1.122850332987424338e+01 1.131086400666300662e+01 1.094749469234866623e+01 1.134800406733217137e+01 1.119710932224481681e+01 2.209575927073617052e+01 9.929843463013956040e+00 2.250291382484720515e+01 9.069242866521776136e+00 -1.137551260325855074e+00 -1.427474864388831532e+00 3.899999999999999911e+00 3.200000000000000178e+00 0.000000000000000000e+00
3.672713814859586812e+00 3.660410117527518548e+00 3.627893879634006780e+00 3.643707395068087163e+00 0.000000000000000000e+00 0.000000000000000000e+00 0.000000000000000000e+00 0.000000000000000000e+00 0.000000000000000000e+00 0.000000000000000000e+00 0.000000000000000000e+00 0.000000000000000000e+00 6.744166450724857320e+00 1.121816110306735048e+01 1.127971454165742671e+01 1.112589750861625149e+01 1.111744208466523176e+01 1.123420633459031492e+01 1.127302157322590759e+01 1.099587309347092656e+01 1.140035608270229162e+01 2.214930146739462558e+01 9.902717071231270651e+00 2.237470099862546391e+01 9.294097354775072262e+00 -1.416200410211172045e+00 -1.373267118445735235e+00 3.899999999999999911e+00 3.200000000000000178e+00 0.000000000000000000e+00
3.674201059405678205e+00 3.739184428507711822e+00 3.585394824577980533e+00 3.669408588507991009e+00 0.000000000000000000e+00 0.000000000000000000e+00 0.000000000000000000e+00 0.000000000000000000e+00 0.000000000000000000e+00 0.000000000000000000e+00 0.000000000000000000e+00 0.000000000000000000e+00 6.924458893894994915e+00 1.110945183609346465e+01 1.132567725045536022e+01 1.107796974512107724e+01 1.111289184084053616e+01 1.141319250164105448e+01 1.092603582536912299e+01 1.136035829468247726e+01 1.114289968627478622e+01 2.234614561215132866e+01 9.895659933886717496e+00 2.240568404639729039e+01 9.231352046176791504e+00 -1.300439137036340176e+00 -1.415208011938422938e+00 3.899999999999999911e+00 3.200000000000000178e+00 0.000000000000000000e+00
3.682389770018557495e+00 3.851956506880629405e+00 3.559224609656371108e+00 3.667790162677345478e+00 0.000000000000000000e+00 0.000000000000000000e+00 0.000000000000000000e+00 0.000000000000000000e+00 0.000000000000000000e+00 0.000000000000000000e+00 0.000000000000000000e+00 0.000000000000000000e+00 6.797261687896566151e+00 1.121597838908910738e+01 1.127523145640506819e+01 1.105556950335700606e+01 1.118557069371567181e+01 1.129874618798435648e+01 1.100089085903027630e+01 1.126659943743284664e+01 1.120023352551349483e+01 2.217888259087494163e+01 9.893740138653210892e+00 2.242422418467890211e+01 9.014172536927164359e+00 -1.184459905005204039e+00 -1.239480688812482079e+00 3.899999999999999911e+00 3.200000000000000178e+00 0.000000000000000000e+00
3.628415713463935877e+00 3.715864324859549761e+00 3.586775492620975392e+00 3.633386152750104792e+00 0.000000000000000000e+00 0.000000000000000000e+00 0.000000000000000000e+00 0.000000000000000000e+00 0.000000000000000000e+00 0.000000000000000000e+00 0.000000000000000000e+00 0.000000000000000000e+00 6.541156248336449153e+00 1.150697612282311333e+01 1.093498301639927384e+01 1.116732297665126694e+01 1.131042172128192824e+01 1.110276735799481429e+01 1.111176616684693741e+01 1.123403968537190245e+01 1.122082623050837924e+01 2.229882296569595468e+01 9.880000961807459348e+00 2.238366805693940265e+01 9.276635421067476628e+00 -1.351903472775082493e+00 -1.190424894998881378e+00 3.899999999999999911e+00 3.200000000000000178e+00 0.000000000000000000e+00
3.598355120554305397e+00 3.709945550599644815e+00 3.603826104425079002e+00 3.617052503798334318e+00 0.000000000000000000e+00 0.000000000000000000e+00 0.000000000000000000e+00 0.000000000000000000e+00 0.000000000000000000e+00 0.000000000000000000e+00 0.000000000000000000e+00 0.000000000000000000e+00 6.841108618231166894e+00 1.116292526896778448e+01 1.137503229066463106e+01 1.098884338576247721e+01 1.111179041346530738e+01 1.145768888196716695e+01 1.086325902842363611e+01 1.135089423543482390e+01 1.125571687907611995e+01 2.196462355920784759e+01 1.018246071793053176e+01 2.240592333573810180e+01 9.222980566040874351e+00 -1.473187510016357393e+00 -1.217956273238763210e+00 3.899999999999999911e+00 3.200000000000000178e+00 0.000000000000000000e+00
3.690710556091529426e+00 3.716924590761657932e+00 3.504632387105286462e+00 3.660345061474040040e+00 0.000000000000000000e+00 0.000000000000000000e+00 0.000000000000000000e+00 0.000000000000000000e+00 0.000000000000000000e+00 0.000000000000000000e+00 0.000000000000000000e+00 0.000000000000000000e+00 6.777376283020414505e+00 1.123070675292956366e+01 1.121125409064336864e+01 1.111381058919852016e+01 1.118359497201643116e+01 1.123453141381802567e+01 1.111228154007795865e+01 1.115876466171601145e+01 1.127269819021027075e+01 2.205579808000276287e+01 1.009864897376235326e+01 2.242823295159289643e+01 9.047536059166043643e+00 -1.172769701759228234e+00 -1.143080003966445490e+00 3.899999999999999911e+00 3.200000000000000178e+00 0.000000000000000000e+00
3.671605861509248392e+00 3.765531730399149790e+00 3.595468936775020996e+00 3.609403505260349032e+00 0.000000000000000000e+00 0.000000000000000000e+00 0.000000000000000000e+00 0.000000000000000000e+00 0.000000000000000000e+00 0.000000000000000000e+00 0.000000000000000000e+00 0.000000000000000000e+00 6.699063929940997753e+00 1.132989769676589020e+01 1.115461892211101080e+01 1.121493055776417336e+01 1.108735228767622161e+01 1.123693386776765912e+01 1.124666281396687495e+01 1.096513165758652164e+01 1.142871507159310163e+01 2.217074063676280460e+01 9.828476905196046332e+00 2.240682555273265564e+01 9.139081272961497859e+00 -1.242467411064389626e+00 -1.377062747622962435e+00 3.899999999999999911e+00 3.200000000000000178e+00 0.000000000000000000e+00
3.655611938991224275e+00 3.730315855882467169e+00 3.610284828007165547e+00 3.592146218017604475e+00 0.000000000000000000e+00 0.000000000000000000e+00 0.000000000000000000e+00 0.000000000000000000e+00 0.000000000000000000e+00 0.000000000000000000e+00 0.000000000000000000e+00 0.000000000000000000e+00 6.730832734383941585e+00 1.131325011792599256e+01 1.117896238179194413e+01 1.106228204732449427e+01 1.127143437390090952e+01 1.116801030721600618e+01 1.113290919662599343e+01 1.118277472612606083e+01 1.126151903617973105e+01 2.213578735537351605e+01 9.787017046187720837e+00 2.253251062766789303e+01 8.934688739372120381e+00 -1.141188766768893803e+00 -1.254338829311864245e+00 3.899999999999999911e+00 3.200000000000000178e+00 0.000000000000000000e+00
3.660235893619215641e+00 3.721708626652521890e+00 3.575610390922279613e+00 3.560551883456828826e+00 0.000000000000000000e+00 0.000000000000000000e+00 0.000000000000000000e+00 0.000000000000000000e+00 0.000000000000000000e+00 0.000000000000000000e+00 0.000000000000000000e+00 0.000000000000000000e+00 6.874124925915482187e+00 1.117726207512261816e+01 1.126985961699244676e+01 1.112408981272226605e+01 1.108531813998757087e+01 1.134624020626541885e+01 1.106541706693393046e+01 1.116491784591870484e+01 1.130630173888751422e+01 2.211584244038716562e+01 9.922117588956776757e+00 2.244449773732744902e+01 9.114338607497513678e+00 -1.255068638886778665e+00 -1.306227837449484896e+00 3.899999999999999911e+00 3.200000000000000178e+00 0.000000000000000000e+00
3.652402978903554587e+00 3.830664213773886662e+00 3.537967120680896471e+00 3.570862412189326207e+00 0.000000000000000000e+00 0.000000000000000000e+00 0.000000000000000000e+00 0.000000000000000000e+00 0.000000000000000000e+00 0.000000000000000000e+00 0.000000000000000000e+00 0.000000000000000000e+00 6.882888086889315638e+00 1.123427916993345477e+01 1.115217037556959134e+01 1.108200037958516404e+01 1.135177254557046211e+01 1.107066046678924387e+01 1.118947814395739826e+01 1.121331131195559472e+01 1.120666464354791003e+01 2.230299008458097632e+01 1.009604192315672933e+01 2.229130559813619783e+01 9.332430110717416127e+00 -1.248758260370551820e+00 -1.641286696009326640e+00 3.899999999999999911e+00 3.200000000000000178e+00 0.000000000000000000e+00
3.742572940005899795e+00 3.803122381551004683e+00 3.579137814269494289e+00 3.597986233321317950e+00 0.000000000000000000e+00 0.000000000000000000e+00 0.000000000000000000e+00 0.000000000000000000e+00 0.000000000000000000e+00 0.000000000000000000e+00 0.000000000000000000e+00 0.000000000000000000e+00 6.703940029116128407e+00 1.132837385915856032e+01 1.117675923449868414e+01 1.113702103148641953e+01 1.111909232234270384e+01 1.136912725793645684e+01 1.095657652346185529e+01 1.134347068252848523e+01 1.115970329366768610e+01 2.221233166732340081e+01 1.000893582551647931e+01 2.244665234951060029e+01 9.090844375284314438e+00 -1.240692656388872273e+00 -1.371110727657480322e+00 3.899999999999999911e+00 3.200000000000000178e+00 0.000000000000000000e+00
3.704186656469333094e+00 3.729885814318016468e+00 3.590143316469291523e+00 3.628604876716188699e+00 0.000000000000000000e+00 0.000000000000000000e+00 0.000000000000000000e+00 0.000000000000000000e+00 0.000000000000000000e+00 0.000000000000000000e+00 0.000000000000000000e+00 0.000000000000000000e+00 6.607784621352813303e+00 1.138510239809206404e+01 1.111744590652638465e+01 1.114146168769196876e+01 1.117720790367023831e+01 1.122124820727722039e+01 1.115928431374605445e+01 1.113687923851281170e+01 1.129780352248710606e+01 2.216191637935689229e+01 1.005431107388052681e+01 2.235430240019924497e+01 9.252137131383419089e+00 -1.431220665572733086e+00 -1.236704836759466186e+00 3.899999999999999911e+00 3.200000000000000178e+00 0.000000000000000000e+00
3.697055208347685973e+00 3.813500428309655632e+00 3.561765044440578176e+00 3.661374039464424524e+00 0.000000000000000000e+00 0.000000000000000000e+00 0.000000000000000000e+00 0.000000000000000000e+00 0.000000000000000000e+00 0.000000000000000000e+00 0.000000000000000000e+00 0.000000000000000000e+00 6.739900583892165287e+00 1.126852091379835130e+01 1.121317658951671348e+01 1.112232625390678287e+01 1.114941481139538126e+01 1.122867339279893528e+01 1.117463609657238699e+01 1.110052904351891812e+01 1.130891279066040767e+01 2.227457087498296673e+01 9.765446739585463831e+00 2.241234638057209594e+01 9.220734233459831231e+00 -1.302478923808282119e+00 -1.329334159898421630e+00 3.899999999999999911e+00 3.200000000000000178e+00 0.000000000000000000e+00
3.635788489671829549e+00 3.596768864921512598e+00 3.628391584218923605e+00 3.602565234010658646e+00 0.000000000000000000e+00 0.000000000000000000e+00 0.000000000000000000e+00 0.000000000000000000e+00 0.000000000000000000e+00 0.000000000000000000e+00 0.000000000000000000e+00 0.000000000000000000e+00 6.975074570173281252e+00 1.107379782214734831e+01 1.129737309919969057e+01 1.106325145901373119e+01 1.117488805924652873e+01 1.129276932750838114e+01 1.105917289943656279e+01 1.115347279719180484e+01 1.137909797959351543e+01 2.175571843670558181e+01 1.004493995073769597e+01 2.252859630447374784e+01 9.179398296831847048e+00 -1.383095201268436769e+00 -1.105585757854110396e+00 3.899999999999999911e+00 3.200000000000000178e+00 0.000000000000000000e+00
3.722690692020762526e+00 3.723325790406285751e+00 3.522548699586445231e+00 3.625449167544200435e+00 0.000000000000000000e+00 0.000000000000000000e+00 0.000000000000000000e+00 0.000000000000000000e+00 0.000000000000000000e+00 0.000000000000000000e+00 0.000000000000000000e+00 0.000000000000000000e+00 6.765936867918786568e+00 1.121379746393007615e+01 1.132716958088897741e+01 1.098759006980216313e+01 1.122754902932077137e+01 1.127307063284611743e+01 1.109294734580722341e+01 1.114573534903789742e+01 1.139231904885283875e+01 2.190818783804509096e+01 9.937244062846890102e+00 2.248687869491379132e+01 9.196837758235931304e+00 -1.431691418086404877e+00 -1.226474565356659552e+00 3.899999999999999911e+00 3.200000000000000178e+00 0.000000000000000000e+00
3.710172093840764074e+00 3.705948540195548091e+00 3.624010180841591655e+00 3.582030787926324233e+00 0.000000000000000000e+00 0.000000000000000000e+00 0.000000000000000000e+00 0.000000000000000000e+00 0.000000000000000000e+00 0.000000000000000000e+00 0.000000000000000000e+00 0.000000000000000000e+00 6.797557536798774613e+00 1.136130998524438773e+01 1.102384553567757663e+01 1.119622605549864325e+01 1.127786293886609847e+01 1.109461974174609367e+01 1.124420742384802452e+01 1.109919767579961203e+01 1.134706689570029070e+01 2.200443200522901321e+01 1.005824370367872156e+01 2.240791393252943209e+01 9.186950926627517333e+00 -1.481927384613299647e+00 -1.058529398019583567e+00 3.899999999999999911e+00 3.200000000000000178e+00 0.000000000000000000e+00
3.727716860353399664e+00 3.779647825743082112e+00 3.586424936529263530e+00 3.635163531039169893e+00 0.000000000000000000e+00 0.000000000000000000e+00 0.000000000000000000e+00 0.000000000000000000e+00 0.000000000000000000e+00 0.000000000000000000e+00 0.000000000000000000e+00 0.000000000000000000e+00 6.817665410262457648e+00 1.122852697734203709e+01 1.121543742436610813e+01 1.120776115727682054e+01 1.093392815000731488e+01 1.151058125028836798e+01 1.089564480337130803e+01 1.129540652154634195e+01 1.119683809856077161e+01 2.240441333614495534e+01 9.902404269431572814e+00 2.238155220856295813e+01 9.229916596227884185e+00 -1.335793563919301707e+00 -1.459116918316339717e+00 3.899999999999999911e+00 3.200000000000000178e+00 0.000000000000000000e+00
3.644869156641545871e+00 3.774700164413822279e+00 3.525272228866275892e+00 3.608756688703418369e+00 0.000000000000000000e+00 0.000000000000000000e+00 0.000000000000000000e+00 0.000000000000000000e+00 0.000000000000000000e+00 0.000000000000000000e+00 0.000000000000000000e+00 0.000000000000000000e+00 6.710169929056922555e+00 1.134853893341792030e+01 1.117882687468666525e+01 1.104705113574092579e+01 1.123623482488818404e+01 1.128950470100152259e+01 1.097130788648075495e+01 1.133285211381098279e+01 1.117517417514692823e+01 2.225979311914013437e+01 9.959764667015948092e+00 2.240792542660727449e+01 9.180203400070071851e+00 -1.336866081587594346e+00 -1.214152698438653477e+00 3.899999999999999911e+00 3.200000000000000178e+00 0.000000000000000000e+00
3.673023452718696014e+00 3.788311767451127743e+00 3.545544764616745059e+00 3.581116540849234475e+00 0.000000000000000000e+00 0.000000000000000000e+00 0.000000000000000000e+00 0.000000000000000000e+00 0.000000000000000000e+00 0.000000000000000000e+00 0.000000000000000000e+00 0.000000000000000000e+00 6.827194403840266546e+00 1.121187109902562185e+01 1.122401773982672957e+01 1.115884882575816839e+01 1.112739711036949330e+01 1.123417661717465776e+01 1.116007547698342073e+01 1.117379084296879022e+01 1.121766716444460066e+01 2.237145464249145377e+01 9.813203306255596559e+00 2.236025583478782508e+01 9.221622184029222069e+00 -1.394866367269423257e+00 -1.242548232370830563e+00 3.899999999999999911e+00 3.200000000000000178e+00 0.000000000000000000e+00
3.674704082038896757e+00 3.657453268799639723e+00 3.650489553670682952e+00 3.550141952499803022e+00 0.000000000000000000e+00 0.000000000000000000e+00 0.000000000000000000e+00 0.000000000000000000e+00 0.000000000000000000e+00 0.000000000000000000e+00 0.000000000000000000e+00 0.000000000000000000e+00 6.609180103176532484e+00 1.149754576876483547e+01 1.106145049578197792e+01 1.109944199374285567e+01 1.127358336002746420e+01 1.118763358514176787e+01 1.107541251871833943e+01 1.128138503447532592e+01 1.110779624550056077e+01 2.239985432320952796e+01 9.903393027082341149e+00 2.233320558130610678e+01 9.125075879725516259e+00 -1.250075094289371025e+00 -1.099593447172853233e+00 3.899999999999999911e+00 3.200000000000000178e+00 0.000000000000000000e+00
3.648654156046112984e+00 3.701292840590958644e+00 3.628331681375272844e+00 3.613934747483130483e+00 0.000000000000000000e+00 0.000000000000000000e+00 0.000000000000000000e+00 0.000000000000000000e+00 0.000000000000000000e+00 0.000000000000000000e+00 0.000000000000000000e+00 0.000000000000000000e+00 6.806574026582474346e+00 1.122934237807983315e+01 1.122674207470304175e+01 1.113234018364323141e+01 1.113663485182958368e+01 1.126257049273898581e+01 1.112211529210384775e+01 1.112691164566623492e+01 1.132935925433747748e+01 2.215577125548791670e+01 9.826697445388386853e+00 2.240006138328573826e+01 9.231748607987166011e+00 -1.428000135922037117e+00 -1.115857310612448527e+00 3.899999999999999911e+00 3.200000000000000178e+00 0.000000000000000000e+00
3.702526781727748961e+00 3.818108629448699443e+00 3.558792742079992077e+00 3.614796305574398794e+00 0.000000000000000000e+00 0.000000000000000000e+00 0.000000000000000000e+00 0.000000000000000000e+00 0.000000000000000000e+00 0.000000000000000000e+00 0.000000000000000000e+00 0.000000000000000000e+00 6.755045271835003362e+00 1.123642234187502176e+01 1.136663099560929169e+01 1.083699414964123342e+01 1.131978034180267123e+01 1.132990484040568724e+01 1.086072966438099385e+01 1.139958826941642300e+01 1.124974085108824617e+01 2.203950369463881742e+01 9.641664533877035481e+00 2.263980369118447200e+01 9.028902605840713136e+00 -1.216724915440777322e+00 -1.528062328611084819e+00 3.899999999999999911e+00 3.200000000000000178e+00 0.000000000000000000e+00
3.726960352020211253e+00 3.777245284868487207e+00 3.561920374562928426e+00 3.686510237100402598e+00 0.000000000000000000e+00 0.000000000000000000e+00 0.000000000000000000e+00 0.000000000000000000e+00 0.000000000000000000e+00 0.000000000000000000e+00 0.000000000000000000e+00 0.000000000000000000e+00 6.712030744708530783e+00 1.133373687882089520e+01 1.122615437867484722e+01 1.098595459704888455e+01 1.134493499099413150e+01 1.114123145786015634e+01 1.114650593934569756e+01 1.117109695331391350e+01 1.128559426619337813e+01 2.218809993167727157e+01 9.774474247432062057e+00 2.249790488243644759e+01 9.113320802924633313e+00 -1.253787937023449928e+00 -1.326139445364284963e+00 3.899999999999999911e+00 3.200000000000000178e+00 0.000000000000000000e+00
3.627545971650728340e+00 3.743322180034319047e+00 3.580729432476230212e+00 3.684087203618687578e+00 0.000000000000000000e+00 0.000000000000000000e+00 0.000000000000000000e+00 0.000000000000000000e+00 0.000000000000000000e+00 0.000000000000000000e+00 0.000000000000000000e+00 0.000000000000000000e+00 6.817142036914507486e+00 1.121785831452785764e+01 1.131846496362930665e+01 1.106970840893536057e+01 1.112121908778998858e+01 1.124624097672458589e+01 1.124423448326344221e+01 1.106277682544463303e+01 1.126654977145139114e+01 2.227692651548364822e+01 1.012378783926432924e+01 2.227654219274815972e+01 9.214521076396703592e+00 -1.278985304212876262e+00 -1.427440006172314257e+00 3.899999999999999911e+00 3.200000000000000178e+00 0.000000000000000000e+00
3.693409259601965644e+00 3.696574302126799605e+00 3.616627215106038129e+00 3.627978893450766407e+00 0.000000000000000000e+00 0.000000000000000000e+00 0.000000000000000000e+00 0.000000000000000000e+00 0.000000000000000000e+00 0.000000000000000000e+00 0.000000000000000000e+00 0.000000000000000000e+00 6.753930806952572752e+00 1.124023352595486713e+01 1.121318746023749924e+01 1.116235184050814055e+01 1.108703949203633421e+01 1.131396370981955357e+01 1.104478844997416154e+01 1.124981524505240849e+01 1.118656194324576703e+01 2.220182314162204662e+01 1.016982846463326418e+01 2.231420035713692940e+01 9.174252013079225776e+00 -1.220512264826436821e+00 -1.322370472470276948e+00 3.899999999999999911e+00 3.200000000000000178e+00 0.000000000000000000e+00
3.552810591352635328e+00 3.789433753387820847e+00 3.612041276370356435e+00 3.588328628866078951e+00 0.000000000000000000e+00 0.000000000000000000e+00 0.000000000000000000e+00 0.000000000000000000e+00 0.000000000000000000e+00 0.000000000000000000e+00 0.000000000000000000e+00 0.000000000000000000e+00 6.677766793041608473e+00 1.137784632423977271e+01 1.115672886752071946e+01 1.107011930300256530e+01 1.124137187499332846e+01 1.120451100939982503e+01 1.115558578914676247e+01 1.115195323341241718e+01 1.131234038415095533e+01 2.205447701618980716e+01 9.884491282440404092e+00 2.247400169228738065e+01 9.135935907963514069e+00 -1.412162529821216594e+00 -1.217877032310686225e+00 3.899999999999999911e+00 3.200000000000000178e+00 0.000000000000000000e+00
3.681387790944131488e+00 3.701705909689017471e+00 3.590445045930094725e+00 3.658751630089637885e+00 0.000000000000000000e+00 0.000000000000000000e+00 0.000000000000000000e+00 0.000000000000000000e+00 0.000000000000000000e+00 0.000000000000000000e+00 0.000000000000000000e+00 0.000000000000000000e+00 6.717929794484598816e+00 1.130086505353373560e+01 1.123584288344885529e+01 1.104476460071842148e+01 1.119880174152447694e+01 1.134000356634124884e+01 1.098743583135758684e+01 1.127534275691495402e+01 1.125081500793269207e+01 2.210163620161895537e+01 9.990182104703484001e+00 2.242374614314010017e+01 9.230667047721743401e+00 -1.406798412931900888e+00 -1.275208863889805144e+00 3.899999999999999911e+00 3.200000000000000178e+00 0.000000000000000000e+00
3.604355869637359877e+00 3.788747240204823896e+00 3.570467827520179327e+00 3.561909307143244163e+00 0.000000000000000000e+00 0.000000000000000000e+00 0.000000000000000000e+00 0.000000000000000000e+00 0.000000000000000000e+00 0.000000000000000000e+00 0.000000000000000000e+00 0.000000000000000000e+00 6.819407093871766357e+00 1.127269222532537363e+01 1.106159307943554460e+01 1.126631921504486300e+01 1.110681703913143359e+01 1.119357654596541529e+01 1.118023714990588324e+01 1.111379244103698483e+01 1.122160651887867111e+01 2.230805280598013240e+01 9.878068561991266705e+00 2.234933468240506116e+01 9.091724091620147163e+00 -1.182865337964053243e+00 -1.039815608132960589e+00 3.899999999999999911e+00 3.200000000000000178e+00 0.000000000000000000e+00
3.719045625330125837e+00 3.741652643322662009e+00 3.576484286654193046e+00 3.634119234917875918e+00 0.000000000000000000e+00 0.000000000000000000e+00 0.000000000000000000e+00 0.000000000000000000e+00 0.000000000000000000e+00 0.000000000000000000e+00 0.000000000000000000e+00 0.000000000000000000e+00 6.745714712572287830e+00 1.128093279436328622e+01 1.115109586433109001e+01 1.122975615816527828e+01 1.103488069740145328e+01 1.134622101555078544e+01 1.105436697937145496e+01 1.121152925358043362e+01 1.123057084839840769e+01 2.220697060392454958e+01 9.907211992619494367e+00 2.240924908274308081e+01 9.137350667121111769e+00 -1.199213137135637819e+00 -1.311911141575285544e+00 3.899999999999999911e+00 3.200000000000000178e+00 0.000000000000000000e+00
3.754383264338602366e+00 3.747376101154924033e+00 3.541563922739583870e+00 3.591477251076493626e+00 0.000000000000000000e+00 0.000000000000000000e+00 0.000000000000000000e+00 0.000000000000000000e+00 0.000000000000000000e+00 0.000000000000000000e+00 0.000000000000000000e+00 0.000000000000000000e+00 6.816408093026507409e+00 1.122889767117776749e+01 1.127220151409261106e+01 1.094692242085946177e+01 1.135194235931124318e+01 1.111491643458195355e+01 1.118796511032510033e+01 1.119154735890994345e+01 1.122412189594197507e+01 2.214727175309608498e+01 1.008230379531622134e+01 2.237190415824876055e+01 9.116756035388112522e+00 -1.153030688445480623e+00 -1.569085118195208572e+00 3.899999999999999911e+00 3.200000000000000178e+00 0.000000000000000000e+00
3.635088607636522973e+00 3.782395638180385600e+00 3.657959010530753563e+00 3.589431745448701250e+00 0.000000000000000000e+00 0.000000000000000000e+00 0.000000000000000000e+00 0.000000000000000000e+00 0.000000000000000000e+00 0.000000000000000000e+00 0.000000000000000000e+00 0.000000000000000000e+00 6.476236950267870718e+00 1.148285656556116230e+01 1.108023556681125577e+01 1.111406674569918529e+01 1.121877763520860860e+01 1.122239730921024403e+01 1.108752798681945251e+01 1.123324885073367163e+01 1.117689844345781935e+01 2.217291285468732198e+01 1.002769669990509271e+01 2.239891231413518824e+01 9.043336172207892432e+00 -1.005699134862221289e+00 -1.537299632959148621e+00 3.899999999999999911e+00 3.200000000000000178e+00 0.000000000000000000e+00
3.615561295340085746e+00 3.667106901287887410e+00 3.524655698671063320e+00 3.651710845943587191e+00 0.000000000000000000e+00 0.000000000000000000e+00 0.000000000000000000e+00 0.000000000000000000e+00 0.000000000000000000e+00 0.000000000000000000e+00 0.000000000000000000e+00 0.000000000000000000e+00 6.755484287051946701e+00 1.126551155047141783e+01 1.117937726113154717e+01 1.111297532818835165e+01 1.119498591497403872e+01 1.123037807900975515e+01 1.111576714337110339e+01 1.114938117146803442e+01 1.128674051492374275e+01 2.219878630546280007e+01 9.934859640889465382e+00 2.235246879203264569e+01 9.149697949438392541e+00 -1.225651393550573065e+00 -1.308856331518382543e+00 3.899999999999999911e+00 3.200000000000000178e+00 0.000000000000000000e+00
3.666230415919061958e+00 3.704425040015915549e+00 3.563568708349188263e+00 3.575029059933124032e+00 0.000000000000000000e+00 0.000000000000000000e+00 0.000000000000000000e+00 0.000000000000000000e+00 0.000000000000000000e+00 0.000000000000000000e+00 0.000000000000000000e+00 0.000000000000000000e+00 6.778091042795460375e+00 1.122124564514761147e+01 1.141366603885662556e+01 1.078713148953539758e+01 1.143349355360970421e+01 1.120044282961202420e+01 1.099914698833928028e+01 1.131982533903401134e+01 1.123581869837291514e+01 2.221648975716560770e+01 9.868639813769069846e+00 2.241794110836476506e+01 9.297829805195330977e+00 -1.407666044850523601e+00 -1.375805842354684394e+00 3.899999999999999911e+00 3.200000000000000178e+00 0.000000000000000000e+00
3.660833246308913491e+00 3.697240079029257664e+00 3.539990998494813912e+00 3.668868311781883218e+00 0.000000000000000000e+00 0.000000000000000000e+00 0.000000000000000000e+00 0.000000000000000000e+00 0.000000000000000000e+00 0.000000000000000000e+00 0.000000000000000000e+00 0.000000000000000000e+00 6.918486043525886586e+00 1.115962518189459374e+01 1.123287272216589194e+01 1.118456942181912339e+01 1.103029245759855215e+01 1.138547379992066055e+01 1.103810708527951334e+01 1.121817679096858811e+01 1.127671588694484761e+01 2.224204258386162181e+01 1.004844253381552122e+01 2.229639136753931083e+01 9.284210467056036364e+00 -1.439055116916643451e+00 -1.269090529221869712e+00 3.899999999999999911e+00 3.200000000000000178e+00 0.000000000000000000e+00
3.575824320580751614e+00 3.680385810251135315e+00 3.570210794941146570e+00 3.619537501343327079e+00 0.000000000000000000e+00 0.000000000000000000e+00 0.000000000000000000e+00 0.000000000000000000e+00 0.000000000000000000e+00 0.000000000000000000e+00 0.000000000000000000e+00 0.000000000000000000e+00 6.655351672728913925e+00 1.129062820523091126e+01 1.131856335555467474e+01 1.098529644159961016e+01 1.113860092851413164e+01 1.145101123821248734e+01 1.081909782544480336e+01 1.145579594031940829e+01 1.103124524970901099e+01 2.246422886998826129e+01 1.015300116502931616e+01 2.232899624798844940e+01 9.271886414535641663e+00 -1.292043829305339120e+00 -1.346687318254690346e+00 3.899999999999999911e+00 3.200000000000000178e+00 0.000000000000000000e+00
3.711077494710575575e+00 3.684267934709124059e+00 3.597584753867552720e+00 3.635143756172835250e+00 0.000000000000000000e+00 0.000000000000000000e+00 0.000000000000000000e+00 0.000000000000000000e+00 0.000000000000000000e+00 0.000000000000000000e+00 0.000000000000000000e+00 0.000000000000000000e+00 6.859875016613496967e+00 1.114232033084635809e+01 1.135776774517446697e+01 1.101625916201868804e+01 1.117338021938759240e+01 1.135128883422681589e+01 1.105777425355752541e+01 1.117978401196085869e+01 1.136549458859475692e+01 2.204547633609913859e+01 1.005476158446302293e+01 2.235494525481614403e+01 9.377675021777749365e+00 -1.747922868434269805e+00 -1.100675378291287698e+00 3.899999999999999911e+00 3.200000000000000178e+00 0.000000000000000000e+00
3.660880080566496719e+00 3.705733877871812965e+00 3.582347536928417675e+00 3.679014656103563929e+00 0.000000000000000000e+00 0.000000000000000000e+00 0.000000000000000000e+00 0.000000000000000000e+00 0.000000000000000000e+00 0.000000000000000000e+00 0.000000000000000000e+00 0.000000000000000000e+00 6.746712459665912043e+00 1.122021920671754636e+01 1.135854466051289613e+01 1.096348336098933984e+01 1.124665676921215862e+01 1.120742091981196253e+01 1.117972546524845967e+01 1.109262271199577654e+01 1.136242950972290267e+01 2.204198643174117933e+01 9.834909339268538275e+00 2.246699063954575237e+01 9.067915120908915938e+00 -1.306629977076748661e+00 -1.224708883913479429e+00 3.899999999999999911e+00 3.200000000000000178e+00 0.000000000000000000e+00
3.716142861243434847e+00 3.647582406180785330e+00 3.628836979543131225e+00 3.597552511273019338e+00 0.000000000000000000e+00 0.000000000000000000e+00 0.000000000000000000e+00 0.000000000000000000e+00 0.000000000000000000e+00 0.000000000000000000e+00 0.000000000000000000e+00 0.000000000000000000e+00 6.716361655644287332e+00 1.136061609528903737e+01 1.114309519501089696e+01 1.110176719753324903e+01 1.122138600582786339e+01 1.123728995318934309e+01 1.107490594473517831e+01 1.122431166024642479e+01 1.123701628440741906e+01 2.224700713201067970e+01 9.971763463629294222e+00 2.237376226759629105e+01 9.128917914187610450e+00 -1.196623103305450853e+00 -1.466699974737495804e+00 3.899999999999999911e+00 3.200000000000000178e+00 0.000000000000000000e+00
3.640379785732453133e+00 3.696030580340253557e+00 3.558013825207984038e+00 3.630385549056666328e+00 0.000000000000000000e+00 0.000000000000000000e+00 0.000000000000000000e+00 0.000000000000000000e+00 0.000000000000000000e+00 0.000000000000000000e+00 0.000000000000000000e+00 0.000000000000000000e+00 6.703436435324819698e+00 1.129930958659452855e+01 1.122657180906316121e+01 1.112129498260475202e+01 1.106221389539398992e+01 1.136851941772532015e+01 1.105583717469016669e+01 1.116351903447309013e+01 1.128922968832588403e+01 2.214527279837226459e+01 9.816621923484602164e+00 2.249143477143609360e+01 9.029595579017698270e+00 -1.282057383709619858e+00 -1.165246543771869536e+00 3.899999999999999911e+00 3.200000000000000178e+00 0.000000000000000000e+00
3.670608578934384525e+00 3.771902504521624788e+00 3.615493676836599057e+00 3.637414183748667540e+00 0.000000000000000000e+00 0.000000000000000000e+00 0.000000000000000000e+00 0.000000000000000000e+00 0.000000000000000000e+00 0.000000000000000000e+00 0.000000000000000000e+00 0.000000000000000000e+00 6.862561187585233924e+00 1.113919596470837448e+01 1.138524202930821616e+01 1.098213340408910277e+01 1.123880502532976244e+01 1.120795917606253767e+01 1.120479084987702301e+01 1.110108539107013215e+01 1.131551984655253662e+01 2.222007651605222378e+01 9.918936195590653426e+00 2.239315670039146156e+01 9.209695591089129607e+00 -1.227962246160462900e+00 -1.580909435334514335e+00 3.899999999999999911e+00 3.200000000000000178e+00 0.000000000000000000e+00
3.630990088169879559e+00 3.662791640378632252e+00 3.588376669934950414e+00 3.656985623932393903e+00 0.000000000000000000e+00 0.000000000000000000e+00 0.000000000000000000e+00 0.000000000000000000e+00 0.000000000000000000e+00 0.000000000000000000e+00 0.000000000000000000e+00 0.000000000000000000e+00 6.808677003768263347e+00 1.119777817426413158e+01 1.131765268009663039e+01 1.103408745864736318e+01 1.116948118281048430e+01 1.128520200383426442e+01 1.109062141128947054e+01 1.116935402871604133e+01 1.132453556522751548e+01 2.202706124692724998e+01 9.959602765033485738e+00 2.248689621044047016e+01 9.073821465099156214e+00 -1.246930841187769090e+00 -1.347843278228901154e+00 3.899999999999999911e+00 3.200000000000000178e+00 0.000000000000000000e+00
3.673756242850112042e+00 3.678467397439091346e+00 3.591244402106682276e+00 3.630666654641225399e+00 0.000000000000000000e+00 0.000000000000000000e+00 0.000000000000000000e+00 0.000000000000000000e+00 0.000000000000000000e+00 0.000000000000000000e+00 0.000000000000000000e+00 0.000000000000000000e+00 6.709692794617792444e+00 1.138270847452301027e+01 1.110017398164181834e+01 1.114763204345449132e+01 1.120820735747538244e+01 1.125440442078201642e+01 1.105560669562555809e+01 1.121491198468792305e+01 1.135699198841940927e+01 2.191653232598037704e+01 9.802901000982060964e+00 2.259569503318522976e+01 8.991645995488912746e+00 -1.070236001515938007e+00 -1.712174980263742041e+00 3.899999999999999911e+00 3.200000000000000178e+00 0.000000000000000000e+00
