3.609708878975411928e+00 3.709652592251747816e+00 3.618416309431535804e+00 3.596861636778440730e+00 0.000000000000000000e+00 0.000000000000000000e+00 0.000000000000000000e+00 0.000000000000000000e+00 0.000000000000000000e+00 0.000000000000000000e+00 0.000000000000000000e+00 0.000000000000000000e+00 6.747197897837907021e+00 1.108689297793261552e+01 1.113433188643875660e+01 1.117591024715778758e+01 1.118161365800189522e+01 1.115600595333871503e+01 1.116822908875041342e+01 1.119613661377724156e+01 1.109778072446056996e+01 2.248378214513556728e+01 1.010277677635497717e+01 2.232987892543991038e+01 8.986932629721835042e+00 5.726953351342991105e+00 6.422019554011676234e+00 3.899999999999999911e+00 3.200000000000000178e+00 0.000000000000000000e+00
3.671898648497921247e+00 3.657683589920868172e+00 3.554459083221148674e+00 3.566840903306983002e+00 0.000000000000000000e+00 0.000000000000000000e+00 0.000000000000000000e+00 0.000000000000000000e+00 0.000000000000000000e+00 0.000000000000000000e+00 0.000000000000000000e+00 0.000000000000000000e+00 6.748145216264408219e+00 1.107010372246246988e+01 1.115456828862113703e+01 1.115956415369685573e+01 1.122640585043173722e+01 1.110052618760360588e+01 1.121248809069985874e+01 1.116958053578905385e+01 1.111813091949725418e+01 2.262186580724884166e+01 9.913995645211262087e+00 2.237947559691244237e+01 8.972234710440375238e+00 5.760794726315701553e+00 6.347850228120983651e+00 3.899999999999999911e+00 3.200000000000000178e+00 0.000000000000000000e+00
3.626187942712759682e+00 3.726834648236600600e+00 3.585745912327904072e+00 3.593012532423493166e+00 0.000000000000000000e+00 0.000000000000000000e+00 0.000000000000000000e+00 0.000000000000000000e+00 0.000000000000000000e+00 0.000000000000000000e+00 0.000000000000000000e+00 0.000000000000000000e+00 6.656123237831653050e+00 1.109989138706925971e+01 1.114674897915939944e+01 1.117944380372449942e+01 1.119872621068430618e+01 1.111938272604688649e+01 1.119982912090788396e+01 1.114466165136549947e+01 1.110483695701680951e+01 2.261040221854198862e+01 9.628876515690972582e+00 2.243789607304471900e+01 8.991404000903441940e+00 5.794203874266298904e+00 6.324826270924255311e+00 3.899999999999999911e+00 3.200000000000000178e+00 0.000000000000000000e+00
3.680070979648286222e+00 3.782269710626541492e+00 3.649022284412330119e+00 3.612417139988904236e+00 0.000000000000000000e+00 0.000000000000000000e+00 0.000000000000000000e+00 0.000000000000000000e+00 0.000000000000000000e+00 0.000000000000000000e+00 0.000000000000000000e+00 0.000000000000000000e+00 6.688609151345642267e+00 1.112597085899657756e+01 1.111983204825363458e+01 1.121017987959448625e+01 1.116438434844589089e+01 1.112951114926094398e+01 1.119121292159848657e+01 1.118155694790411658e+01 1.109242129091581219e+01 2.250019169732516744e+01 9.965684876784097312e+00 2.229784983484545435e+01 9.018621814551949001e+00 5.828200387495693136e+00 5.952098177567257231e+00 3.899999999999999911e+00 3.200000000000000178e+00 0.000000000000000000e+00
3.618667379950623708e+00 3.739422591587311828e+00 3.600605737861353628e+00 3.610148404309671211e+00 0.000000000000000000e+00 0.000000000000000000e+00 0.000000000000000000e+00 0.000000000000000000e+00 0.000000000000000000e+00 0.000000000000000000e+00 0.000000000000000000e+00 0.000000000000000000e+00 6.709962238299065795e+00 1.112652436693257840e+01 1.113038434420426093e+01 1.117607751236353941e+01 1.116988312662951621e+01 1.112437214572003441e+01 1.119490668240744391e+01 1.116358829223701932e+01 1.109886269196638509e+01 2.269054077045569784e+01 9.819403868869914120e+00 2.236757826299339058e+01 8.939377417342905474e+00 5.831270063786956115e+00 6.137018619252250673e+00 3.899999999999999911e+00 3.200000000000000178e+00 0.000000000000000000e+00
3.663532412693457196e+00 3.749325746020723216e+00 3.599260680177966965e+00 3.628016703776479890e+00 0.000000000000000000e+00 0.000000000000000000e+00 0.000000000000000000e+00 0.000000000000000000e+00 0.000000000000000000e+00 0.000000000000000000e+00 0.000000000000000000e+00 0.000000000000000000e+00 6.680521337187930619e+00 1.111306384885232390e+01 1.113313116110652956e+01 1.119650322333184178e+01 1.118394780407388822e+01 1.109851569846264319e+01 1.123776982103321487e+01 1.113199952502715462e+01 1.109732039980965368e+01 2.255703965852621451e+01 9.966936453612687430e+00 2.235042932947622774e+01 8.994554692903459880e+00 5.840137151544477767e+00 6.317551025255062846e+00 3.899999999999999911e+00 3.200000000000000178e+00 0.000000000000000000e+00
3.705339095571459573e+00 3.689380117623005439e+00 3.623191505064839557e+00 3.580988922751625836e+00 0.000000000000000000e+00 0.000000000000000000e+00 0.000000000000000000e+00 0.000000000000000000e+00 0.000000000000000000e+00 0.000000000000000000e+00 0.000000000000000000e+00 0.000000000000000000e+00 6.732141866046867484e+00 1.109036609666888751e+01 1.115018037375207527e+01 1.118602460827750456e+01 1.119716978198242074e+01 1.110613552978461804e+01 1.119237046709858063e+01 1.117752488011268319e+01 1.111202916672965024e+01 2.253148015878196375e+01 9.912801555108984530e+00 2.235846539132564814e+01 8.953279972524075703e+00 5.836744447345410869e+00 6.150319268767622027e+00 3.899999999999999911e+00 3.200000000000000178e+00 0.000000000000000000e+00
3.698037315239932177e+00 3.713243303535180395e+00 3.653503644903730141e+00 3.617573454861933602e+00 0.000000000000000000e+00 0.000000000000000000e+00 0.000000000000000000e+00 0.000000000000000000e+00 0.000000000000000000e+00 0.000000000000000000e+00 0.000000000000000000e+00 0.000000000000000000e+00 6.680792989423967931e+00 1.111529001018726071e+01 1.111808954312505016e+01 1.119280357008527638e+01 1.120135100728874278e+01 1.113660598213585473e+01 1.115571635699846631e+01 1.117974001603728951e+01 1.112237862300398383e+01 2.247586189964641079e+01 9.965564234986210579e+00 2.231544353915849399e+01 8.994419238358661417e+00 5.838939068156798307e+00 6.226892179014156703e+00 3.899999999999999911e+00 3.200000000000000178e+00 0.000000000000000000e+00
3.807080801491287581e+00 3.742237261964226125e+00 3.576284640940304627e+00 3.584586765944551168e+00 0.000000000000000000e+00 0.000000000000000000e+00 0.000000000000000000e+00 0.000000000000000000e+00 0.000000000000000000e+00 0.000000000000000000e+00 0.000000000000000000e+00 0.000000000000000000e+00 6.699932823020859907e+00 1.109387771530692035e+01 1.114024240577309754e+01 1.118343023991708485e+01 1.117759193920750427e+01 1.115319321102228223e+01 1.115389649774107284e+01 1.121542772098905694e+01 1.108749049628526606e+01 2.255579963366365348e+01 9.691747645498772101e+00 2.241448610844991407e+01 8.965091149863079423e+00 5.839604251064061557e+00 6.266921361209881525e+00 3.899999999999999911e+00 3.200000000000000178e+00 0.000000000000000000e+00
3.708832282207635611e+00 3.745507723173803427e+00 3.612035970528810314e+00 3.601367228687415434e+00 0.000000000000000000e+00 0.000000000000000000e+00 0.000000000000000000e+00 0.000000000000000000e+00 0.000000000000000000e+00 0.000000000000000000e+00 0.000000000000000000e+00 0.000000000000000000e+00 6.668654599218112544e+00 1.109814918996610267e+01 1.114521751809836658e+01 1.118955910682581845e+01 1.114795701289555119e+01 1.114779380881546977e+01 1.117166619086525436e+01 1.119196327754185916e+01 1.107821329721957326e+01 2.245352134218587992e+01 1.004163157404789430e+01 2.231176554712732241e+01 8.989732598781511541e+00 5.768089562441221396e+00 6.216463349429494301e+00 3.899999999999999911e+00 3.200000000000000178e+00 0.000000000000000000e+00
3.650759457681687969e+00 3.770960084563762749e+00 3.563069250366230012e+00 3.606266913728091605e+00 0.000000000000000000e+00 0.000000000000000000e+00 0.000000000000000000e+00 0.000000000000000000e+00 0.000000000000000000e+00 0.000000000000000000e+00 0.000000000000000000e+00 0.000000000000000000e+00 6.635241980455425015e+00 1.113058187893834905e+01 1.111815156177736341e+01 1.123136617463068454e+01 1.114427127492178826e+01 1.116164242405159612e+01 1.115946813198430654e+01 1.119505540266119503e+01 1.107054543378474243e+01 2.256680308164856541e+01 9.993315407477366463e+00 2.228539001703348532e+01 9.003335012554899208e+00 5.813557884860025560e+00 6.056496998421795119e+00 3.899999999999999911e+00 3.200000000000000178e+00 0.000000000000000000e+00
3.662578974639547180e+00 3.803309029800612251e+00 3.611896112197446218e+00 3.608711844205417130e+00 0.000000000000000000e+00 0.000000000000000000e+00 0.000000000000000000e+00 0.000000000000000000e+00 0.000000000000000000e+00 0.000000000000000000e+00 0.000000000000000000e+00 0.000000000000000000e+00 6.747851954835674348e+00 1.108117987614419953e+01 1.114860946202537484e+01 1.117150954054168999e+01 1.118866316081547119e+01 1.112678200259355776e+01 1.119037538825065603e+01 1.115403516395358174e+01 1.112306039428158222e+01 2.249269671112758928e+01 9.981476623398064518e+00 2.232241529873527242e+01 8.985915056605264795e+00 5.830455638628444959e+00 6.294496248584972697e+00 3.899999999999999911e+00 3.200000000000000178e+00 0.000000000000000000e+00
3.840461097460134976e+00 3.743833906685020807e+00 3.662263850090970774e+00 3.612852171211482499e+00 0.000000000000000000e+00 0.000000000000000000e+00 0.000000000000000000e+00 0.000000000000000000e+00 0.000000000000000000e+00 0.000000000000000000e+00 0.000000000000000000e+00 0.000000000000000000e+00 6.752383378726302787e+00 1.112922968471192497e+01 1.112805797292672771e+01 1.119942707172832108e+01 1.117560450643663650e+01 1.114863222707390200e+01 1.121030823258471543e+01 1.112594261195500422e+01 1.110321905181300295e+01 2.248871180277528481e+01 1.000117035460882420e+01 2.236553709887653696e+01 8.965031388545334323e+00 5.749259573084664510e+00 6.134739710096760668e+00 3.899999999999999911e+00 3.200000000000000178e+00 0.000000000000000000e+00
3.702742227095471073e+00 3.734039560696951643e+00 3.625366059649184347e+00 3.598451507525538773e+00 0.000000000000000000e+00 0.000000000000000000e+00 0.000000000000000000e+00 0.000000000000000000e+00 0.000000000000000000e+00 0.000000000000000000e+00 0.000000000000000000e+00 0.000000000000000000e+00 6.682677384645561602e+00 1.110237790486276310e+01 1.112131231774156070e+01 1.120199120163304229e+01 1.118521704189600996e+01 1.113873913931147541e+01 1.119895411915782724e+01 1.116638016174199599e+01 1.108577927795385243e+01 2.251096136164743911e+01 1.005931574573789611e+01 2.236424226940530602e+01 8.979070514784977419e+00 5.756785848131888983e+00 6.275077776164091681e+00 3.899999999999999911e+00 3.200000000000000178e+00 0.000000000000000000e+00
3.711357398369925953e+00 3.668401099755054240e+00 3.593892597029012759e+00 3.591729610255653071e+00 0.000000000000000000e+00 0.000000000000000000e+00 0.000000000000000000e+00 0.000000000000000000e+00 0.000000000000000000e+00 0.000000000000000000e+00 0.000000000000000000e+00 0.000000000000000000e+00 6.772565725955796090e+00 1.102407824216719590e+01 1.115366933555592155e+01 1.119488640532961732e+01 1.115881465314625487e+01 1.113644373451083780e+01 1.118454400275357585e+01 1.120062026248304576e+01 1.107861733985676800e+01 2.253645494801729043e+01 1.005047345339580112e+01 2.231367507038416775e+01 8.970515949201285366e+00 5.800674768049443486e+00 6.259583453214260906e+00 3.899999999999999911e+00 3.200000000000000178e+00 0.000000000000000000e+00
3.695788082968932464e+00 3.756661539279510187e+00 3.638971255042643627e+00 3.588413941630316906e+00 0.000000000000000000e+00 0.000000000000000000e+00 0.000000000000000000e+00 0.000000000000000000e+00 0.000000000000000000e+00 0.000000000000000000e+00 0.000000000000000000e+00 0.000000000000000000e+00 6.709780963588392488e+00 1.107430345096735103e+01 1.113857597188552084e+01 1.121517185608372280e+01 1.116744972804868219e+01 1.114150839416970307e+01 1.119879215275543238e+01 1.117073716898448588e+01 1.111353518668406970e+01 2.264232459234414208e+01 1.008105889040877479e+01 2.238002164929516979e+01 8.995986748159825908e+00 5.744681236466830043e+00 6.499624719812068463e+00 3.899999999999999911e+00 3.200000000000000178e+00 0.000000000000000000e+00
3.600911004873339039e+00 3.689426867942232846e+00 3.583490108017169273e+00 3.580209774013894730e+00 0.000000000000000000e+00 0.000000000000000000e+00 0.000000000000000000e+00 0.000000000000000000e+00 0.000000000000000000e+00 0.000000000000000000e+00 0.000000000000000000e+00 0.000000000000000000e+00 6.674801331915273472e+00 1.107951518916835809e+01 1.113040446165007680e+01 1.121162093307389540e+01 1.113807864264273384e+01 1.116698725830758043e+01 1.118385408518294710e+01 1.116432926001687420e+01 1.110683919201179926e+01 2.267997033520888550e+01 9.963562955998966686e+00 2.235716585796241773e+01 8.948415403319955885e+00 5.815658781562356161e+00 6.261600731412609200e+00 3.899999999999999911e+00 3.200000000000000178e+00 0.000000000000000000e+00
3.709087854254614847e+00 3.787609927452080250e+00 3.628957816325146801e+00 3.605470666540798952e+00 0.000000000000000000e+00 0.000000000000000000e+00 0.000000000000000000e+00 0.000000000000000000e+00 0.000000000000000000e+00 0.000000000000000000e+00 0.000000000000000000e+00 0.000000000000000000e+00 6.708352916408145461e+00 1.113081283806018185e+01 1.110825315422923865e+01 1.121664215981698476e+01 1.116662744963795362e+01 1.115304320301556196e+01 1.117448247451846477e+01 1.118941197057959691e+01 1.108621347907712718e+01 2.249646976154716782e+01 9.994974029314899866e+00 2.239062926827677913e+01 8.982992896148711992e+00 5.796700135902656648e+00 6.117310668138080665e+00 3.899999999999999911e+00 3.200000000000000178e+00 0.000000000000000000e+00
3.715822535976192498e+00 3.734488709185167732e+00 3.588139636297130508e+00 3.608602966304148119e+00 0.000000000000000000e+00 0.000000000000000000e+00 0.000000000000000000e+00 0.000000000000000000e+00 0.000000000000000000e+00 0.000000000000000000e+00 0.000000000000000000e+00 0.000000000000000000e+00 6.675181549774736212e+00 1.113691611730978792e+01 1.109396737138067301e+01 1.121136263612022077e+01 1.117908357339234904e+01 1.114928679808477341e+01 1.118107999391088292e+01 1.118138760068241133e+01 1.110710878474301744e+01 2.255604091656145727e+01 9.908851290458866146e+00 2.237855525718628513e+01 8.983719170978963220e+00 5.742511081172652077e+00 6.312077242749165151e+00 3.899999999999999911e+00 3.200000000000000178e+00 0.000000000000000000e+00
3.626869099510577676e+00 3.795026162054780716e+00 3.615690406485750685e+00 3.604403546971934436e+00 0.000000000000000000e+00 0.000000000000000000e+00 0.000000000000000000e+00 0.000000000000000000e+00 0.000000000000000000e+00 0.000000000000000000e+00 0.000000000000000000e+00 0.000000000000000000e+00 6.751466049009104964e+00 1.110628215051622014e+01 1.114250859398961424e+01 1.116193558684554965e+01 1.120374184119809513e+01 1.111127527840049112e+01 1.121495704015351613e+01 1.115026321472196358e+01 1.108935474607190841e+01 2.269029374964431511e+01 9.880290512034246575e+00 2.236642605369814163e+01 8.949088187523077664e+00 5.872201414349905946e+00 6.251240822514867013e+00 3.899999999999999911e+00 3.200000000000000178e+00 0.000000000000000000e+00
3.689090575909443448e+00 3.741667915826820234e+00 3.607264579742404997e+00 3.578257884904943786e+00 0.000000000000000000e+00 0.000000000000000000e+00 0.000000000000000000e+00 0.000000000000000000e+00 0.000000000000000000e+00 0.000000000000000000e+00 0.000000000000000000e+00 0.000000000000000000e+00 6.710365083018616339e+00 1.114896084138869625e+01 1.110638927260992581e+01 1.120255855708660420e+01 1.117508493474666587e+01 1.112796564479234718e+01 1.121148111010759685e+01 1.114425087859691921e+01 1.109993153642980346e+01 2.246273903706832087e+01 1.004773162213618853e+01 2.231207838611082650e+01 8.953772066611126235e+00 5.865269283936857647e+00 5.979954966689759566e+00 3.899999999999999911e+00 3.200000000000000178e+00 0.000000000000000000e+00
3.661244604849354101e+00 3.773738919954035875e+00 3.656246213186335581e+00 3.622680728488767432e+00 0.000000000000000000e+00 0.000000000000000000e+00 0.000000000000000000e+00 0.000000000000000000e+00 0.000000000000000000e+00 0.000000000000000000e+00 0.000000000000000000e+00 0.000000000000000000e+00 6.670384958571128564e+00 1.104831463671995984e+01 1.115299467111649001e+01 1.120254474830033331e+01 1.117573088174669849e+01 1.114564808605125279e+01 1.116281834931907113e+01 1.119435853197065001e+01 1.111845285355848389e+01 2.257595966593554238e+01 9.890636916827418190e+00 2.238136459391818889e+01 8.932137065068520343e+00 5.801191801611477850e+00 6.308426178215778002e+00 3.899999999999999911e+00 3.200000000000000178e+00 0.000000000000000000e+00
3.734517357584489883e+00 3.755185825418453138e+00 3.580855988611733931e+00 3.576245430648779866e+00 0.000000000000000000e+00 0.000000000000000000e+00 0.000000000000000000e+00 0.000000000000000000e+00 0.000000000000000000e+00 0.000000000000000000e+00 0.000000000000000000e+00 0.000000000000000000e+00 6.734667478335097712e+00 1.105191328973894649e+01 1.116273006116377964e+01 1.120304703606554320e+01 1.116690576338965180e+01 1.114494991556921555e+01 1.119535842404051351e+01 1.115930798878344810e+01 1.112586904117450537e+01 2.250226292070742318e+01 9.795570651460886680e+00 2.236540776520062579e+01 8.982537930196226483e+00 5.846337193791681486e+00 6.068354367669911653e+00 3.899999999999999911e+00 3.200000000000000178e+00 0.000000000000000000e+00
3.654685589995879891e+00 3.759118723349102797e+00 3.600303568037183322e+00 3.596232731626068269e+00 0.000000000000000000e+00 0.000000000000000000e+00 0.000000000000000000e+00 0.000000000000000000e+00 0.000000000000000000e+00 0.000000000000000000e+00 0.000000000000000000e+00 0.000000000000000000e+00 6.658395580854385543e+00 1.109743275444249733e+01 1.113476850854240574e+01 1.119451531795970212e+01 1.114348849167743083e+01 1.115585935228795833e+01 1.119084202243790394e+01 1.116871493604477728e+01 1.110315754226551199e+01 2.248948294386086744e+01 9.972016492779836483e+00 2.231082706520786374e+01 8.995128522191643938e+00 5.841226257118954379e+00 6.179804766687405859e+00 3.899999999999999911e+00 3.200000000000000178e+00 0.000000000000000000e+00
3.631464459032391456e+00 3.726043932256741353e+00 3.583631722431717126e+00 3.581175506481097504e+00 0.000000000000000000e+00 0.000000000000000000e+00 0.000000000000000000e+00 0.000000000000000000e+00 0.000000000000000000e+00 0.000000000000000000e+00 0.000000000000000000e+00 0.000000000000000000e+00 6.692265024013368091e+00 1.110508843331668771e+01 1.109394634407404290e+01 1.122622709277414899e+01 1.114574217168460279e+01 1.114006705923604734e+01 1.116607057086362609e+01 1.121465420350969389e+01 1.108340088678675883e+01 2.269160460868690876e+01 9.968979511092216583e+00 2.234980709282366718e+01 8.982570860116631195e+00 5.829837585438779612e+00 6.171331969961945774e+00 3.899999999999999911e+00 3.200000000000000178e+00 0.000000000000000000e+00
3.704836722873565691e+00 3.729249659121702809e+00 3.592431310268111577e+00 3.570528446053768512e+00 0.000000000000000000e+00 0.000000000000000000e+00 0.000000000000000000e+00 0.000000000000000000e+00 0.000000000000000000e+00 0.000000000000000000e+00 0.000000000000000000e+00 0.000000000000000000e+00 6.609484667209061470e+00 1.110929260969636267e+01 1.112502959642125688e+01 1.118688368378038156e+01 1.118114996463410726e+01 1.114348480368246186e+01 1.118171747522290183e+01 1.117203194279056433e+01 1.110708617294906198e+01 2.255695831089059311e+01 1.008332505560976244e+01 2.232778952745491807e+01 8.981476692496165981e+00 5.816378546718307341e+00 6.051195458592058429e+00 3.899999999999999911e+00 3.200000000000000178e+00 0.000000000000000000e+00
3.648692809447606322e+00 3.716478532620122621e+00 3.536036191759166947e+00 3.593177509498424627e+00 0.000000000000000000e+00 0.000000000000000000e+00 0.000000000000000000e+00 0.000000000000000000e+00 0.000000000000000000e+00 0.000000000000000000e+00 0.000000000000000000e+00 0.000000000000000000e+00 6.672131232509948440e+00 1.106523592101463827e+01 1.114301660049309461e+01 1.119317325392213291e+01 1.116956514038983705e+01 1.114517830621737460e+01 1.119948601690229850e+01 1.115522320850745253e+01 1.111133507374486129e+01 2.259508451322822964e+01 9.864618472818808215e+00 2.237633583560824846e+01 8.976526098039448343e+00 5.849571891473924090e+00 6.147801892460960538e+00 3.899999999999999911e+00 3.200000000000000178e+00 0.000000000000000000e+00
3.728717995604232005e+00 3.702953605931984526e+00 3.602135168168185686e+00 3.597075665657424981e+00 0.000000000000000000e+00 0.000000000000000000e+00 0.000000000000000000e+00 0.000000000000000000e+00 0.000000000000000000e+00 0.000000000000000000e+00 0.000000000000000000e+00 0.000000000000000000e+00 6.713454028339286062e+00 1.113149028484554748e+01 1.110322932599866164e+01 1.120796910410955682e+01 1.115821837156750540e+01 1.114541810456735860e+01 1.117681808969022050e+01 1.119424631591146202e+01 1.108809466531898735e+01 2.264538057606628030e+01 9.856224010726913676e+00 2.236708184182859682e+01 8.958378794143945001e+00 5.857989736229003874e+00 6.087684455509138282e+00 3.899999999999999911e+00 3.200000000000000178e+00 0.000000000000000000e+00
3.651777013357344615e+00 3.811216406846773985e+00 3.558121349053569027e+00 3.593085624468146388e+00 0.000000000000000000e+00 0.000000000000000000e+00 0.000000000000000000e+00 0.000000000000000000e+00 0.000000000000000000e+00 0.000000000000000000e+00 0.000000000000000000e+00 0.000000000000000000e+00 6.740438518544813462e+00 1.102185862372054359e+01 1.114338693500444322e+01 1.118706879651038477e+01 1.117101839961656751e+01 1.112041960358048343e+01 1.121098480191360558e+01 1.119499522505094902e+01 1.106301184584764030e+01 2.261202443202833479e+01 9.998735578334752461e+00 2.235919930940902489e+01 8.948031648977892161e+00 5.830383084010072992e+00 6.085594084383542324e+00 3.899999999999999911e+00 3.200000000000000178e+00 0.000000000000000000e+00
3.729112266034188217e+00 3.776846928862094277e+00 3.588952471888982476e+00 3.597348047812560790e+00 0.000000000000000000e+00 0.000000000000000000e+00 0.000000000000000000e+00 0.000000000000000000e+00 0.000000000000000000e+00 0.000000000000000000e+00 0.000000000000000000e+00 0.000000000000000000e+00 6.730639009487095592e+00 1.110936748762724235e+01 1.112496744023184370e+01 1.120339058398164056e+01 1.117152746842350375e+01 1.112325985451770372e+01 1.121413646831881650e+01 1.114362063354912991e+01 1.112996501893101176e+01 2.250750201712670417e+01 9.903730980228225178e+00 2.236017573141889514e+01 8.997773541772811967e+00 5.822379584873457858e+00 6.273813469262583986e+00 3.899999999999999911e+00 3.200000000000000178e+00 0.000000000000000000e+00
3.689854330475339950e+00 3.747763632801150990e+00 3.631897709015963649e+00 3.622738633055992530e+00 0.000000000000000000e+00 0.000000000000000000e+00 0.000000000000000000e+00 0.000000000000000000e+00 0.000000000000000000e+00 0.000000000000000000e+00 0.000000000000000000e+00 0.000000000000000000e+00 6.771379818657232263e+00 1.112628595171145207e+01 1.112553863445298674e+01 1.119590765920739983e+01 1.118797526248459384e+01 1.114727337521113881e+01 1.116550099146355457e+01 1.117455516070750399e+01 1.109286173302620071e+01 2.259538388342209103e+01 9.894839330950452094e+00 2.236431578985545343e+01 8.998032818429395618e+00 5.795974065519672536e+00 6.236351041444188503e+00 3.899999999999999911e+00 3.200000000000000178e+00 0.000000000000000000e+00
3.607081976933446565e+00 3.698858323589681252e+00 3.602059468631308103e+00 3.613446863627945760e+00 0.000000000000000000e+00 0.000000000000000000e+00 0.000000000000000000e+00 0.000000000000000000e+00 0.000000000000000000e+00 0.000000000000000000e+00 0.000000000000000000e+00 0.000000000000000000e+00 6.714125688817676796e+00 1.110390549200705834e+01 1.111055676840661377e+01 1.121258504310579696e+01 1.118584519493267670e+01 1.114051381474322788e+01 1.114435078158835957e+01 1.121764144723701762e+01 1.106902146392176078e+01 2.263622157677137281e+01 9.935974076802269295e+00 2.235369780119550853e+01 8.948958272915733758e+00 5.783248960171190944e+00 6.346419897543047917e+00 3.899999999999999911e+00 3.200000000000000178e+00 0.000000000000000000e+00
3.779387592540742524e+00 3.756919748878614573e+00 3.597907051519774857e+00 3.583507198662174709e+00 0.000000000000000000e+00 0.000000000000000000e+00 0.000000000000000000e+00 0.000000000000000000e+00 0.000000000000000000e+00 0.000000000000000000e+00 0.000000000000000000e+00 0.000000000000000000e+00 6.621264383790657071e+00 1.107079259512910241e+01 1.113406913767891915e+01 1.121290879313352562e+01 1.115666395384477916e+01 1.114662952472146529e+01 1.118595447354777228e+01 1.119178742189019005e+01 1.108275667927527053e+01 2.258100340092364888e+01 9.800677522860576474e+00 2.234483150922001471e+01 8.978141321156062560e+00 5.772798325771042904e+00 6.263758448794812139e+00 3.899999999999999911e+00 3.200000000000000178e+00 0.000000000000000000e+00
3.624907501852308922e+00 3.750171441929313509e+00 3.590456871297589281e+00 3.584883309755643843e+00 0.000000000000000000e+00 0.000000000000000000e+00 0.000000000000000000e+00 0.000000000000000000e+00 0.000000000000000000e+00 0.000000000000000000e+00 0.000000000000000000e+00 0.000000000000000000e+00 6.657081945471939655e+00 1.108204089445779061e+01 1.113698958723507459e+01 1.116414741595675508e+01 1.119255014272530779e+01 1.112679932306934383e+01 1.120730941484274545e+01 1.117166233572071832e+01 1.110593541788661121e+01 2.257757684966852452e+01 1.000217636612437566e+01 2.235099645262702595e+01 8.952444118035630893e+00 5.788733103232038602e+00 6.367970660296588647e+00 3.899999999999999911e+00 3.200000000000000178e+00 0.000000000000000000e+00
3.668455377210443569e+00 3.777898178990055200e+00 3.605319945853442842e+00 3.606489399450607092e+00 0.000000000000000000e+00 0.000000000000000000e+00 0.000000000000000000e+00 0.000000000000000000e+00 0.000000000000000000e+00 0.000000000000000000e+00 0.000000000000000000e+00 0.000000000000000000e+00 6.754400547063740490e+00 1.110559816621439921e+01 1.114133243489939851e+01 1.120067570577317007e+01 1.118041906977557431e+01 1.111444698701123635e+01 1.121231782871025473e+01 1.117427014812784236e+01 1.107148334478960905e+01 2.259822752802570989e+01 1.003330793632968643e+01 2.234646795860433954e+01 8.954877979762573048e+00 5.814871760651380228e+00 6.152225333144787811e+00 3.899999999999999911e+00 3.200000000000000178e+00 0.000000000000000000e+00
3.641203245596562166e+00 3.732942302964892711e+00 3.605401166043265437e+00 3.604120274387207612e+00 0.000000000000000000e+00 0.000000000000000000e+00 0.000000000000000000e+00 0.000000000000000000e+00 0.000000000000000000e+00 0.000000000000000000e+00 0.000000000000000000e+00 0.000000000000000000e+00 6.707120716069517208e+00 1.110225356312619027e+01 1.112096293647840461e+01 1.119263582835531423e+01 1.120302920910443589e+01 1.112804575041964306e+01 1.118703730321218437e+01 1.119030511367817127e+01 1.108088410031624527e+01 2.253038961019985820e+01 1.002947297552754513e+01 2.235227556840536778e+01 8.946872168375984202e+00 5.839158112980266324e+00 6.035513030580670346e+00 3.899999999999999911e+00 3.200000000000000178e+00 0.000000000000000000e+00
3.615040910148903830e+00 3.700666464250881305e+00 3.581253577659176290e+00 3.617423100419075777e+00 0.000000000000000000e+00 0.000000000000000000e+00 0.000000000000000000e+00 0.000000000000000000e+00 0.000000000000000000e+00 0.000000000000000000e+00 0.000000000000000000e+00 0.000000000000000000e+00 6.718164810694542410e+00 1.116206345931656507e+01 1.107806379252398266e+01 1.123437809928340236e+01 1.114807445920197004e+01 1.114545691391130156e+01 1.116496872878114210e+01 1.120698291473017250e+01 1.107528490727852954e+01 2.248658552447534831e+01 1.010334221496073503e+01 2.236175921482362838e+01 8.934154916956350334e+00 5.833126223720135783e+00 6.113034810615649128e+00 3.899999999999999911e+00 3.200000000000000178e+00 0.000000000000000000e+00
3.683592961423255652e+00 3.764109464871457256e+00 3.615103149713886577e+00 3.579326619825943023e+00 0.000000000000000000e+00 0.000000000000000000e+00 0.000000000000000000e+00 0.000000000000000000e+00 0.000000000000000000e+00 0.000000000000000000e+00 0.000000000000000000e+00 0.000000000000000000e+00 6.750818119668184458e+00 1.109727277598927131e+01 1.115698902621891797e+01 1.115595975581717170e+01 1.122450579022226691e+01 1.111083209472228184e+01 1.118403318098535770e+01 1.118240663503238608e+01 1.108208959128684690e+01 2.251517417048516734e+01 1.004329643209770140e+01 2.234768736013591450e+01 8.974682050552070578e+00 5.779821552497057979e+00 6.391706378076733586e+00 3.899999999999999911e+00 3.200000000000000178e+00 0.000000000000000000e+00
3.665870798750313408e+00 3.742933323177916272e+00 3.609401480573712462e+00 3.602677068111913794e+00 0.000000000000000000e+00 0.000000000000000000e+00 0.000000000000000000e+00 0.000000000000000000e+00 0.000000000000000000e+00 0.000000000000000000e+00 0.000000000000000000e+00 0.000000000000000000e+00 6.738034961386070165e+00 1.112006991776142506e+01 1.112836498747320491e+01 1.119198742993454232e+01 1.119533354026061645e+01 1.113952246733112794e+01 1.115648657140920896e+01 1.121360714836352379e+01 1.110276110288527995e+01 2.253589032642584655e+01 9.968517724735843188e+00 2.239740298952424524e+01 8.954164964573328334e+00 5.823386945033922402e+00 6.209641303525687661e+00 3.899999999999999911e+00 3.200000000000000178e+00 0.000000000000000000e+00
3.619177404408098209e+00 3.748371458914360410e+00 3.653598484136225899e+00 3.611278052787167070e+00 0.000000000000000000e+00 0.000000000000000000e+00 0.000000000000000000e+00 0.000000000000000000e+00 0.000000000000000000e+00 0.000000000000000000e+00 0.000000000000000000e+00 0.000000000000000000e+00 6.800790741885313295e+00 1.104080952485377942e+01 1.117707688899456109e+01 1.115001392107645195e+01 1.119556392161956815e+01 1.113074470644808400e+01 1.120493451907798921e+01 1.115661394571903031e+01 1.113310294152975288e+01 2.243490233918630850e+01 1.011158895729066032e+01 2.230921074797528547e+01 9.014009156827926361e+00 5.774517729038820768e+00 6.350547857018019826e+00 3.899999999999999911e+00 3.200000000000000178e+00 0.000000000000000000e+00
3.647771272158322198e+00 3.748999945271459744e+00 3.617866773541271730e+00 3.591554729910768629e+00 0.000000000000000000e+00 0.000000000000000000e+00 0.000000000000000000e+00 0.000000000000000000e+00 0.000000000000000000e+00 0.000000000000000000e+00 0.000000000000000000e+00 0.000000000000000000e+00 6.670552765428237940e+00 1.106672628138075787e+01 1.115088679603687893e+01 1.119572633523546301e+01 1.113057177015825694e+01 1.117032967531714682e+01 1.116493000122728851e+01 1.119257988001206350e+01 1.111296788849719341e+01 2.246315702409917137e+01 1.003329855723162467e+01 2.233829367930118082e+01 8.974933273581154225e+00 5.824790266034184150e+00 6.063455055424202378e+00 3.899999999999999911e+00 3.200000000000000178e+00 0.000000000000000000e+00
3.644545606275065630e+00 3.750493935084326935e+00 3.562104349785286672e+00 3.572525264123577848e+00 0.000000000000000000e+00 0.000000000000000000e+00 0.000000000000000000e+00 0.000000000000000000e+00 0.000000000000000000e+00 0.000000000000000000e+00 0.000000000000000000e+00 0.000000000000000000e+00 6.706060306647573910e+00 1.107997203640501027e+01 1.115155948338049718e+01 1.119722481639211509e+01 1.116508786532820174e+01 1.113624868345020680e+01 1.120469736404081829e+01 1.116304448198992816e+01 1.110581713138306803e+01 2.265247305488911778e+01 1.001010661242157163e+01 2.231674708746967539e+01 8.949153598807695786e+00 5.902637558739174395e+00 5.830368401762494379e+00 3.899999999999999911e+00 3.200000000000000178e+00 0.000000000000000000e+00
3.590921384236090752e+00 3.764367554984398456e+00 3.654076416674470362e+00 3.589016204030316182e+00 0.000000000000000000e+00 0.000000000000000000e+00 0.000000000000000000e+00 0.000000000000000000e+00 0.000000000000000000e+00 0.000000000000000000e+00 0.000000000000000000e+00 0.000000000000000000e+00 6.693139113692677000e+00 1.111008167235430300e+01 1.113404194765223210e+01 1.117474209622929848e+01 1.119323791040658378e+01 1.115392102088847537e+01 1.115845786957380170e+01 1.117870965474823031e+01 1.109857722337065944e+01 2.253616432995744034e+01 9.870120629217872477e+00 2.235631880660568171e+01 8.974261087635607481e+00 5.764391732233848487e+00 6.467218929188335963e+00 3.899999999999999911e+00 3.200000000000000178e+00 0.000000000000000000e+00
3.763867617608022798e+00 3.718069344243667640e+00 3.539024400903821199e+00 3.587553122589045351e+00 0.000000000000000000e+00 0.000000000000000000e+00 0.000000000000000000e+00 0.000000000000000000e+00 0.000000000000000000e+00 0.000000000000000000e+00 0.000000000000000000e+00 0.000000000000000000e+00 6.699220087754349073e+00 1.111423121722834217e+01 1.111607827992333775e+01 1.120678961034248822e+01 1.114555550926874972e+01 1.115211705721431557e+01 1.117940843802623618e+01 1.118324341884794570e+01 1.110192811494100162e+01 2.254482204260578015e+01 9.981622880128115938e+00 2.231852988783716540e+01 8.985258316861465033e+00 5.815792803490072771e+00 6.101632353325882718e+00 3.899999999999999911e+00 3.200000000000000178e+00 0.000000000000000000e+00
3.590655566149872691e+00 3.670067536785174056e+00 3.598922830180483867e+00 3.571626347054986717e+00 0.000000000000000000e+00 0.000000000000000000e+00 0.000000000000000000e+00 0.000000000000000000e+00 0.000000000000000000e+00 0.000000000000000000e+00 0.000000000000000000e+00 0.000000000000000000e+00 6.741708307619433960e+00 1.108635404376994593e+01 1.114167772178888605e+01 1.118697301644608011e+01 1.117149141201548446e+01 1.114086673359631163e+01 1.116766464486815913e+01 1.120742851025655540e+01 1.108761406217368162e+01 2.269602574373523751e+01 9.902153061585410754e+00 2.238861215687039419e+01 8.925927092283107100e+00 5.814206645741664126e+00 6.322087943003646515e+00 3.899999999999999911e+00 3.200000000000000178e+00 0.000000000000000000e+00
3.691631492600261133e+00 3.768876050351275264e+00 3.539550785495598095e+00 3.582927350592783444e+00 0.000000000000000000e+00 0.000000000000000000e+00 0.000000000000000000e+00 0.000000000000000000e+00 0.000000000000000000e+00 0.000000000000000000e+00 0.000000000000000000e+00 0.000000000000000000e+00 6.700685637060598054e+00 1.110434501509369198e+01 1.116962878687576932e+01 1.117304997503303987e+01 1.116738698377772998e+01 1.113229320631941022e+01 1.121326963377188157e+01 1.114934112674610134e+01 1.111663569399940243e+01 2.251358413289398186e+01 1.007624578177661157e+01 2.231873662943706904e+01 8.953645170251046892e+00 5.859939348184467711e+00 6.090964092251482498e+00 3.899999999999999911e+00 3.200000000000000178e+00 0.000000000000000000e+00
3.646354885582152594e+00 3.790072580729243246e+00 3.603155404165416353e+00 3.606137638046919225e+00 0.000000000000000000e+00 0.000000000000000000e+00 0.000000000000000000e+00 0.000000000000000000e+00 0.000000000000000000e+00 0.000000000000000000e+00 0.000000000000000000e+00 0.000000000000000000e+00 6.745606774871295563e+00 1.114193327978991555e+01 1.111116032881030158e+01 1.120101343124044391e+01 1.117850076345265009e+01 1.113835163236686832e+01 1.117715108097996968e+01 1.118863056760824826e+01 1.109811502736635624e+01 2.248967382027730721e+01 9.981093716608935296e+00 2.234625489098005247e+01 9.027693821757138082e+00 5.760545642648854603e+00 6.310521351353825636e+00 3.899999999999999911e+00 3.200000000000000178e+00 0.000000000000000000e+00
3.783132967737059982e+00 3.731249232910235136e+00 3.596324165396393102e+00 3.594871596852884821e+00 0.000000000000000000e+00 0.000000000000000000e+00 0.000000000000000000e+00 0.000000000000000000e+00 0.000000000000000000e+00 0.000000000000000000e+00 0.000000000000000000e+00 0.000000000000000000e+00 6.750235321040319647e+00 1.112650661303620581e+01 1.112510747944906164e+01 1.119510318218201128e+01 1.119769348706713430e+01 1.113739426893145534e+01 1.116872456036467831e+01 1.118743778064605721e+01 1.109790997511519528e+01 2.245294735108997841e+01 1.000865407881491720e+01 2.236480891031655460e+01 8.971779735720604165e+00 5.790177252431822019e+00 6.299347973674493950e+00 3.899999999999999911e+00 3.200000000000000178e+00 0.000000000000000000e+00
3.559192650390639034e+00 3.764089434645520260e+00 3.582586423314551016e+00 3.598294253523070640e+00 0.000000000000000000e+00 0.000000000000000000e+00 0.000000000000000000e+00 0.000000000000000000e+00 0.000000000000000000e+00 0.000000000000000000e+00 0.000000000000000000e+00 0.000000000000000000e+00 6.660589693402958922e+00 1.111200436829923532e+01 1.110589288005656172e+01 1.121629160985934881e+01 1.117119052822491909e+01 1.116517693728836136e+01 1.115738595687746759e+01 1.120773638991740739e+01 1.106245521956018152e+01 2.269715338901814050e+01 9.884289823874398806e+00 2.237946903248227670e+01 8.961850792214777428e+00 5.786083196812380258e+00 6.259724600891755308e+00 3.899999999999999911e+00 3.200000000000000178e+00 0.000000000000000000e+00
3.688032092058656453e+00 3.679435411876271989e+00 3.585813406069354059e+00 3.580576685942510551e+00 0.000000000000000000e+00 0.000000000000000000e+00 0.000000000000000000e+00 0.000000000000000000e+00 0.000000000000000000e+00 0.000000000000000000e+00 0.000000000000000000e+00 0.000000000000000000e+00 6.674539878005648852e+00 1.107053229776066061e+01 1.115101231318779895e+01 1.120165705400328093e+01 1.117283498465752878e+01 1.114205650252639934e+01 1.118550518232253310e+01 1.117321833426603561e+01 1.110505940766936561e+01 2.250367364849910601e+01 9.837832082633191533e+00 2.239041979036237606e+01 8.976109245225936561e+00 5.785168909220846700e+00 6.336313826172400354e+00 3.899999999999999911e+00 3.200000000000000178e+00 0.000000000000000000e+00
3.637713950379872774e+00 3.776101769697625343e+00 3.610920240124317893e+00 3.599175422833888582e+00 0.000000000000000000e+00 0.000000000000000000e+00 0.000000000000000000e+00 0.000000000000000000e+00 0.000000000000000000e+00 0.000000000000000000e+00 0.000000000000000000e+00 0.000000000000000000e+00 6.716948135196759040e+00 1.111111144131863426e+01 1.109653514142821606e+01 1.122045392645085649e+01 1.117869356768064826e+01 1.113410202179085040e+01 1.122267516561093359e+01 1.113293034164350104e+01 1.110848593114173077e+01 2.247919283111377098e+01 1.008779091046687704e+01 2.231389230962305703e+01 8.956264104530783143e+00 5.846082812497806813e+00 6.068305107681516652e+00 3.899999999999999911e+00 3.200000000000000178e+00 0.000000000000000000e+00
3.731468800442662381e+00 3.767123177471836559e+00 3.577156345595951858e+00 3.593162749614208895e+00 0.000000000000000000e+00 0.000000000000000000e+00 0.000000000000000000e+00 0.000000000000000000e+00 0.000000000000000000e+00 0.000000000000000000e+00 0.000000000000000000e+00 0.000000000000000000e+00 6.721067003222622738e+00 1.113529581507488331e+01 1.111436918044038258e+01 1.119807643285892418e+01 1.120509441041011911e+01 1.112895274578057858e+01 1.118398379631775796e+01 1.115819943211477394e+01 1.110380980555266639e+01 2.252669853386532850e+01 1.015314596079241838e+01 2.230401087075437161e+01 8.978630754810646764e+00 5.811664714480477834e+00 5.890249639726813591e+00 3.899999999999999911e+00 3.200000000000000178e+00 0.000000000000000000e+00
3.663011913490511251e+00 3.720872793783601029e+00 3.606934092405610581e+00 3.600710260750890512e+00 0.000000000000000000e+00 0.000000000000000000e+00 0.000000000000000000e+00 0.000000000000000000e+00 0.000000000000000000e+00 0.000000000000000000e+00 0.000000000000000000e+00 0.000000000000000000e+00 6.634436009533853706e+00 1.116300598204841954e+01 1.108059751155950501e+01 1.122735391369025137e+01 1.115283219893043309e+01 1.113208306245645396e+01 1.120290603320907685e+01 1.117035004635012641e+01 1.110335208288429598e+01 2.249636797713389313e+01 9.892880251709568640e+00 2.236085545159730259e+01 8.985912408885360136e+00 5.848144933908359100e+00 6.206726442606316674e+00 3.899999999999999911e+00 3.200000000000000178e+00 0.000000000000000000e+00
3.595529496690538895e+00 3.733365870551762722e+00 3.607239103110527534e+00 3.582278227144078286e+00 0.000000000000000000e+00 0.000000000000000000e+00 0.000000000000000000e+00 0.000000000000000000e+00 0.000000000000000000e+00 0.000000000000000000e+00 0.000000000000000000e+00 0.000000000000000000e+00 6.745320680419298220e+00 1.107587771930967513e+01 1.113027922618571708e+01 1.118239161243530511e+01 1.116593242341866521e+01 1.113159385781344213e+01 1.121443737099340332e+01 1.115073431851033092e+01 1.112146943750930284e+01 2.263226216218701481e+01 9.951040069758191109e+00 2.236474671657365931e+01 8.939154826511387597e+00 5.761426910631835874e+00 6.411965123955271295e+00 3.899999999999999911e+00 3.200000000000000178e+00 0.000000000000000000e+00
3.741539023983473378e+00 3.758511288281518592e+00 3.598156050152498509e+00 3.607777141280210209e+00 0.000000000000000000e+00 0.000000000000000000e+00 0.000000000000000000e+00 0.000000000000000000e+00 0.000000000000000000e+00 0.000000000000000000e+00 0.000000000000000000e+00 0.000000000000000000e+00 6.694340892272047761e+00 1.109542089150031607e+01 1.110116964973775922e+01 1.122276255344822715e+01 1.117000583926766311e+01 1.114222767343097864e+01 1.114816314213622483e+01 1.124401444618867352e+01 1.107988112089283561e+01 2.260641289780676999e+01 9.793997325313467783e+00 2.240371974625001172e+01 8.963640876189620244e+00 5.841899484754121019e+00 5.985391238393467539e+00 3.899999999999999911e+00 3.200000000000000178e+00 0.000000000000000000e+00
3.676989630811581922e+00 3.762034381258845706e+00 3.580247959577622208e+00 3.574396591503982812e+00 0.000000000000000000e+00 0.000000000000000000e+00 0.000000000000000000e+00 0.000000000000000000e+00 0.000000000000000000e+00 0.000000000000000000e+00 0.000000000000000000e+00 0.000000000000000000e+00 6.635140603461233688e+00 1.109474750581802382e+01 1.112836459337651362e+01 1.119242431930880599e+01 1.118611297922311465e+01 1.113118120962306357e+01 1.118280330709982806e+01 1.116592624767386077e+01 1.111958591325414147e+01 2.245051967798426773e+01 1.003612355726127170e+01 2.234417973068554275e+01 8.969448493743092499e+00 5.804911841053836952e+00 6.357145389159297721e+00 3.899999999999999911e+00 3.200000000000000178e+00 0.000000000000000000e+00
3.650527179535216771e+00 3.790171873731027485e+00 3.583023870617008999e+00 3.612313688826180869e+00 0.000000000000000000e+00 0.000000000000000000e+00 0.000000000000000000e+00 0.000000000000000000e+00 0.000000000000000000e+00 0.000000000000000000e+00 0.000000000000000000e+00 0.000000000000000000e+00 6.670180039332976207e+00 1.109727516108155143e+01 1.112927038891245246e+01 1.119489047791904213e+01 1.118325655368411908e+01 1.114001063491033605e+01 1.119945668854502152e+01 1.116746939186615606e+01 1.107424109746962237e+01 2.275132023746521881e+01 9.890421589916503109e+00 2.237160071537223516e+01 8.959380130249709140e+00 5.784581039523887469e+00 6.096973141702793697e+00 3.899999999999999911e+00 3.200000000000000178e+00 0.000000000000000000e+00
3.577741242012488776e+00 3.700386817747824963e+00 3.636442350260258305e+00 3.627440733080105950e+00 0.000000000000000000e+00 0.000000000000000000e+00 0.000000000000000000e+00 0.000000000000000000e+00 0.000000000000000000e+00 0.000000000000000000e+00 0.000000000000000000e+00 0.000000000000000000e+00 6.736116831573073505e+00 1.109613240642813281e+01 1.110905788380119397e+01 1.121722486820357645e+01 1.117609800520541086e+01 1.112448666072154779e+01 1.116307979209499557e+01 1.120775535471890372e+01 1.106896987678958588e+01 2.260023788594488181e+01 1.008472990490721166e+01 2.228376116646848359e+01 8.987865289935022872e+00 5.822246309682433285e+00 6.164484398606701276e+00 3.899999999999999911e+00 3.200000000000000178e+00 0.000000000000000000e+00
3.681953089943244883e+00 3.735479559057530263e+00 3.633945712835089825e+00 3.599789510033831519e+00 0.000000000000000000e+00 0.000000000000000000e+00 0.000000000000000000e+00 0.000000000000000000e+00 0.000000000000000000e+00 0.000000000000000000e+00 0.000000000000000000e+00 0.000000000000000000e+00 6.717092362483882084e+00 1.106571376673266016e+01 1.114822807032467189e+01 1.116771145819237354e+01 1.121571094066401209e+01 1.109916693425618917e+01 1.118599602678601990e+01 1.118271394695714349e+01 1.110681193718740012e+01 2.258483434798077027e+01 9.877990159174188989e+00 2.236839015436303413e+01 8.953838234183621125e+00 5.849382593722546098e+00 6.211717071810137547e+00 3.899999999999999911e+00 3.200000000000000178e+00 0.000000000000000000e+00
3.634324384734877622e+00 3.688075577195598864e+00 3.604236592897009039e+00 3.611895344296737420e+00 0.000000000000000000e+00 0.000000000000000000e+00 0.000000000000000000e+00 0.000000000000000000e+00 0.000000000000000000e+00 0.000000000000000000e+00 0.000000000000000000e+00 0.000000000000000000e+00 6.771745323644513981e+00 1.109399814097981363e+01 1.113118241909653428e+01 1.121619850796526485e+01 1.116591900661722292e+01 1.115338813748422631e+01 1.115058649672179492e+01 1.120331763948708925e+01 1.110274436440699475e+01 2.258342975757766524e+01 9.924979473497554494e+00 2.238351491868964516e+01 8.961190394759904976e+00 5.800135896148130854e+00 6.295799443915193194e+00 3.899999999999999911e+00 3.200000000000000178e+00 0.000000000000000000e+00
3.544523446259775667e+00 3.731541811074885029e+00 3.630098851512397751e+00 3.617090200627083973e+00 0.000000000000000000e+00 0.000000000000000000e+00 0.000000000000000000e+00 0.000000000000000000e+00 0.000000000000000000e+00 0.000000000000000000e+00 0.000000000000000000e+00 0.000000000000000000e+00 6.698945252601150813e+00 1.106694347518959098e+01 1.113772599260767393e+01 1.119950663564770643e+01 1.119742513790930261e+01 1.112070077372817600e+01 1.118809728915021218e+01 1.117009962852786664e+01 1.113555896086627506e+01 2.241727464700866435e+01 1.008933559133726021e+01 2.233921395285757328e+01 8.953035209230176150e+00 5.810498183190666133e+00 6.027985108526737079e+00 3.899999999999999911e+00 3.200000000000000178e+00 0.000000000000000000e+00
3.761032621567639733e+00 3.782526356043143689e+00 3.582582583560800504e+00 3.603438532439014352e+00 0.000000000000000000e+00 0.000000000000000000e+00 0.000000000000000000e+00 0.000000000000000000e+00 0.000000000000000000e+00 0.000000000000000000e+00 0.000000000000000000e+00 0.000000000000000000e+00 6.663252084519105445e+00 1.108561647009740447e+01 1.113589453535968055e+01 1.117747656140558554e+01 1.118412763044147695e+01 1.112719726609774895e+01 1.119549348656975063e+01 1.118169850746380867e+01 1.110330775490631972e+01 2.250636387654617110e+01 9.806975172149138942e+00 2.238073074398490192e+01 8.956805455413713091e+00 5.848085070722951251e+00 6.167827858817829245e+00 3.899999999999999911e+00 3.200000000000000178e+00 0.000000000000000000e+00
3.642921680057078948e+00 3.786088575307794635e+00 3.592149681783935566e+00 3.581651343821339317e+00 0.000000000000000000e+00 0.000000000000000000e+00 0.000000000000000000e+00 0.000000000000000000e+00 0.000000000000000000e+00 0.000000000000000000e+00 0.000000000000000000e+00 0.000000000000000000e+00 6.709625563612460653e+00 1.104199103725677134e+01 1.116024260914582378e+01 1.117795018025043952e+01 1.119093214988182083e+01 1.111299338602925779e+01 1.119361121536323544e+01 1.119823802008238900e+01 1.109409954137419518e+01 2.262212130782492281e+01 9.928713977592858342e+00 2.236572315074709039e+01 8.965196467744299014e+00 5.813252271742024746e+00 6.215767726756777911e+00 3.899999999999999911e+00 3.200000000000000178e+00 0.000000000000000000e+00
3.775162226452927872e+00 3.754315167764091132e+00 3.603779651460124800e+00 3.602093704276110753e+00 0.000000000000000000e+00 0.000000000000000000e+00 0.000000000000000000e+00 0.000000000000000000e+00 0.000000000000000000e+00 0.000000000000000000e+00 0.000000000000000000e+00 0.000000000000000000e+00 6.671988109500207820e+00 1.113993053284232992e+01 1.114171570583297743e+01 1.117978953505890338e+01 1.117512395030411376e+01 1.115181531066358467e+01 1.116462770685067341e+01 1.118072716415382217e+01 1.111363591451917898e+01 2.246616064028087933e+01 1.000253253644399187e+01 2.234120063395560862e+01 8.979201634784340413e+00 5.829424783461206516e+00 6.229783502200359813e+00 3.899999999999999911e+00 3.200000000000000178e+00 0.000000000000000000e+00
3.741027579499238698e+00 3.726032879786627117e+00 3.586257437341180410e+00 3.583738019812864994e+00 0.000000000000000000e+00 0.000000000000000000e+00 0.000000000000000000e+00 0.000000000000000000e+00 0.000000000000000000e+00 0.000000000000000000e+00 0.000000000000000000e+00 0.000000000000000000e+00 6.748757267416653605e+00 1.109201077895180987e+01 1.115768798777728499e+01 1.116919589262614387e+01 1.117379443306147202e+01 1.113283952498590601e+01 1.122979130301874484e+01 1.112108861812243177e+01 1.110578103358900925e+01 2.254298073524188695e+01 9.965675722767869615e+00 2.232599411396205014e+01 8.966899134002588312e+00 5.814127447144845640e+00 6.142401045439278562e+00 3.899999999999999911e+00 3.200000000000000178e+00 0.000000000000000000e+00
3.706868327851109424e+00 3.755073464975344333e+00 3.597195472650952741e+00 3.561355758695870843e+00 0.000000000000000000e+00 0.000000000000000000e+00 0.000000000000000000e+00 0.000000000000000000e+00 0.000000000000000000e+00 0.000000000000000000e+00 0.000000000000000000e+00 0.000000000000000000e+00 6.618233164028833215e+00 1.111853561583030192e+01 1.110891270281239329e+01 1.123465237932780525e+01 1.117369457898006146e+01 1.113594199448497157e+01 1.115670768954557168e+01 1.121451272367464469e+01 1.109585540821766614e+01 2.258147921196022168e+01 9.960081478989234682e+00 2.238089122707884115e+01 8.949227321971136462e+00 5.802640698276321451e+00 6.319393856574812673e+00 3.899999999999999911e+00 3.200000000000000178e+00 0.000000000000000000e+00
3.695075224073694375e+00 3.744043322479944980e+00 3.594608998413734380e+00 3.590468701219851511e+00 0.000000000000000000e+00 0.000000000000000000e+00 0.000000000000000000e+00 0.000000000000000000e+00 0.000000000000000000e+00 0.000000000000000000e+00 0.000000000000000000e+00 0.000000000000000000e+00 6.708015267359144218e+00 1.109533444264877211e+01 1.114803169776276626e+01 1.116623472691568253e+01 1.120975806065061597e+01 1.110847236176015684e+01 1.117478681578801769e+01 1.120587567714195920e+01 1.108021388240678995e+01 2.260934368243345816e+01 9.996111903680485966e+00 2.237365711605112750e+01 8.980603982974066923e+00 5.818296913279609406e+00 6.141681511106193980e+00 3.899999999999999911e+00 3.200000000000000178e+00 0.000000000000000000e+00
3.734537674890442638e+00 3.683753436794110048e+00 3.608180138145082871e+00 3.614480868478038733e+00 0.000000000000000000e+00 0.000000000000000000e+00 0.000000000000000000e+00 0.000000000000000000e+00 0.000000000000000000e+00 0.000000000000000000e+00 0.000000000000000000e+00 0.000000000000000000e+00 6.678566874483807148e+00 1.104872783784222712e+01 1.116941215106549556e+01 1.117523407232307164e+01 1.119658595502523468e+01 1.111594882656289229e+01 1.120638112628950012e+01 1.116425201438726944e+01 1.109876328397749390e+01 2.258273448950445683e+01 9.923746380223947838e+00 2.232946249379311610e+01 8.980722800719886934e+00 5.854994160476467258e+00 6.147470337117576733e+00 3.899999999999999911e+00 3.200000000000000178e+00 0.000000000000000000e+00
3.620828584216597257e+00 3.702882386747409438e+00 3.612085844365287457e+00 3.606446534550810323e+00 0.000000000000000000e+00 0.000000000000000000e+00 0.000000000000000000e+00 0.000000000000000000e+00 0.000000000000000000e+00 0.000000000000000000e+00 0.000000000000000000e+00 0.000000000000000000e+00 6.641488054811994779e+00 1.108654161193929255e+01 1.113133533654720786e+01 1.119448222426467687e+01 1.113791556119906190e+01 1.115673456932064411e+01 1.120797977482585317e+01 1.115404803706756454e+01 1.112243459862483164e+01 2.247809285855334593e+01 1.003346593138710929e+01 2.233746168497233597e+01 8.978628282436430297e+00 5.774832574987309286e+00 6.334980834748520806e+00 3.899999999999999911e+00 3.200000000000000178e+00 0.000000000000000000e+00
3.668982851228122399e+00 3.791801588963137792e+00 3.645233990074903563e+00 3.602237248901143829e+00 0.000000000000000000e+00 0.000000000000000000e+00 0.000000000000000000e+00 0.000000000000000000e+00 0.000000000000000000e+00 0.000000000000000000e+00 0.000000000000000000e+00 0.000000000000000000e+00 6.710135696458072729e+00 1.103445394151797032e+01 1.119090164417782951e+01 1.115088429384865520e+01 1.119816614402228439e+01 1.110907479514350804e+01 1.120470763970568839e+01 1.117319998310270357e+01 1.113047208970672486e+01 2.241580832410015844e+01 9.985319181615517792e+00 2.233338105963705544e+01 8.988215300971866384e+00 5.884159084553424179e+00 5.988405347463649164e+00 3.899999999999999911e+00 3.200000000000000178e+00 0.000000000000000000e+00
3.713850757818382142e+00 3.735195415529779073e+00 3.599397192821797375e+00 3.569164223107385681e+00 0.000000000000000000e+00 0.000000000000000000e+00 0.000000000000000000e+00 0.000000000000000000e+00 0.000000000000000000e+00 0.000000000000000000e+00 0.000000000000000000e+00 0.000000000000000000e+00 6.665390420233625157e+00 1.113195293902984773e+01 1.114501890394622663e+01 1.117784753680533072e+01 1.118134795129629744e+01 1.113684499513655268e+01 1.121946676331463699e+01 1.114155300633372825e+01 1.107577061068672108e+01 2.264897556050623351e+01 1.003695788399447864e+01 2.232563475373968487e+01 8.978103220291286490e+00 5.855945335037006316e+00 5.964529987554994861e+00 3.899999999999999911e+00 3.200000000000000178e+00 0.000000000000000000e+00
3.697044091176646230e+00 3.784367192463600649e+00 3.613264267476470781e+00 3.630597904515301622e+00 0.000000000000000000e+00 0.000000000000000000e+00 0.000000000000000000e+00 0.000000000000000000e+00 0.000000000000000000e+00 0.000000000000000000e+00 0.000000000000000000e+00 0.000000000000000000e+00 6.639530062750747419e+00 1.117236786643262647e+01 1.111424988287581961e+01 1.118687414808825942e+01 1.118908177750900634e+01 1.115736271722957618e+01 1.114051047775001102e+01 1.121018687419676851e+01 1.108526630086631570e+01 2.250963929914698980e+01 9.874187936421508383e+00 2.235830022769374636e+01 8.983562864324822428e+00 5.810426259094997548e+00 6.147444162213634655e+00 3.899999999999999911e+00 3.200000000000000178e+00 0.000000000000000000e+00
3.676805528438359172e+00 3.752272654993384471e+00 3.640067311408163864e+00 3.598438933117741101e+00 0.000000000000000000e+00 0.000000000000000000e+00 0.000000000000000000e+00 0.000000000000000000e+00 0.000000000000000000e+00 0.000000000000000000e+00 0.000000000000000000e+00 0.000000000000000000e+00 6.677270496142021727e+00 1.112890720304562286e+01 1.114922890531916622e+01 1.117155665068858994e+01 1.118135582613697920e+01 1.113356424379785459e+01 1.120074466734041962e+01 1.116001056582572915e+01 1.110272321858509059e+01 2.245030193687432174e+01 1.006852321167295550e+01 2.232631152644418648e+01 8.973739648132399438e+00 5.780838301264207502e+00 6.186237790541430748e+00 3.899999999999999911e+00 3.200000000000000178e+00 0.000000000000000000e+00
3.541013850122057161e+00 3.736465830437359248e+00 3.604252317091388935e+00 3.601898083020967700e+00 0.000000000000000000e+00 0.000000000000000000e+00 0.000000000000000000e+00 0.000000000000000000e+00 0.000000000000000000e+00 0.000000000000000000e+00 0.000000000000000000e+00 0.000000000000000000e+00 6.662150578656543587e+00 1.111026224640168891e+01 1.112343764945309310e+01 1.120780163579512667e+01 1.116623673443967668e+01 1.113503639865674089e+01 1.118334436578963498e+01 1.119944988780919282e+01 1.107927512292935468e+01 2.269407761312572802e+01 9.987451827730707166e+00 2.235660184146091467e+01 9.018932043158859102e+00 5.792098991671427832e+00 6.126811528496692638e+00 3.899999999999999911e+00 3.200000000000000178e+00 0.000000000000000000e+00
3.581595533261310305e+00 3.761011840397236128e+00 3.603042440221161158e+00 3.592871632541661864e+00 0.000000000000000000e+00 0.000000000000000000e+00 0.000000000000000000e+00 0.000000000000000000e+00 0.000000000000000000e+00 0.000000000000000000e+00 0.000000000000000000e+00 0.000000000000000000e+00 6.684263430101464287e+00 1.111187166262418913e+01 1.113557451826736866e+01 1.118390110572794249e+01 1.118575750087078902e+01 1.112793663469447836e+01 1.119850775731182146e+01 1.116358856734743732e+01 1.108585556506524838e+01 2.259689564207194579e+01 9.807885246146780034e+00 2.237212184316049601e+01 8.934711383514404304e+00 5.847352858307044876e+00 6.217535693915179351e+00 3.899999999999999911e+00 3.200000000000000178e+00 0.000000000000000000e+00
3.709366602776812183e+00 3.747430901854409857e+00 3.623564675426542259e+00 3.613946625072359975e+00 0.000000000000000000e+00 0.000000000000000000e+00 0.000000000000000000e+00 0.000000000000000000e+00 0.000000000000000000e+00 0.000000000000000000e+00 0.000000000000000000e+00 0.000000000000000000e+00 6.713726763200208225e+00 1.113154078272841119e+01 1.113931724924539246e+01 1.117894603252345753e+01 1.119106258685743427e+01 1.115985254820956030e+01 1.116600638414337077e+01 1.117199645324483726e+01 1.112196796699448953e+01 2.251658662328251737e+01 1.011603492234757162e+01 2.231800991801983614e+01 8.995068659173400150e+00 5.843517244053159310e+00 6.089372185762750966e+00 3.899999999999999911e+00 3.200000000000000178e+00 0.000000000000000000e+00
3.627647140364927303e+00 3.695578205725625676e+00 3.552196528462211678e+00 3.578668247694424931e+00 0.000000000000000000e+00 0.000000000000000000e+00 0.000000000000000000e+00 0.000000000000000000e+00 0.000000000000000000e+00 0.000000000000000000e+00 0.000000000000000000e+00 0.000000000000000000e+00 6.664642088260909425e+00 1.110750969949770806e+01 1.111695928968689628e+01 1.121449487402220235e+01 1.115459345930891999e+01 1.115893161164020420e+01 1.117738093849276737e+01 1.116315374672738159e+01 1.111259787903747487e+01 2.249831387431501639e+01 1.003943909940027268e+01 2.232333384409303179e+01 8.971378129214755859e+00 5.780997331453185950e+00 6.352921035188456855e+00 3.899999999999999911e+00 3.200000000000000178e+00 0.000000000000000000e+00
3.717874698571910219e+00 3.753941279265248454e+00 3.602203682263779072e+00 3.616945732189555507e+00 0.000000000000000000e+00 0.000000000000000000e+00 0.000000000000000000e+00 0.000000000000000000e+00 0.000000000000000000e+00 0.000000000000000000e+00 0.000000000000000000e+00 0.000000000000000000e+00 6.734886839789210100e+00 1.105991836851687538e+01 1.115464760520871579e+01 1.118612904780225392e+01 1.119187401566734508e+01 1.112860766280035030e+01 1.117991638226264151e+01 1.118427603417010019e+01 1.111025037227188150e+01 2.256724657152633995e+01 9.909534044194307612e+00 2.237683990132735445e+01 8.935230914379786782e+00 5.832952439299898373e+00 6.113608985670153650e+00 3.899999999999999911e+00 3.200000000000000178e+00 0.000000000000000000e+00
3.750902609438584445e+00 3.773211062671275595e+00 3.575983679430251971e+00 3.593313874780634798e+00 0.000000000000000000e+00 0.000000000000000000e+00 0.000000000000000000e+00 0.000000000000000000e+00 0.000000000000000000e+00 0.000000000000000000e+00 0.000000000000000000e+00 0.000000000000000000e+00 6.655315123312811387e+00 1.108001958246758356e+01 1.114858789382764925e+01 1.116793053344407305e+01 1.118418972614763440e+01 1.113115649125767703e+01 1.119168963393662253e+01 1.118702640994265174e+01 1.109928772958591559e+01 2.264274035502557680e+01 9.867628201019812195e+00 2.235913149658786025e+01 8.969924390710481532e+00 5.878476163646905839e+00 5.902895596837493208e+00 3.899999999999999911e+00 3.200000000000000178e+00 0.000000000000000000e+00
3.736917546892555730e+00 3.709670414699256735e+00 3.613972226773225938e+00 3.584266081593216136e+00 0.000000000000000000e+00 0.000000000000000000e+00 0.000000000000000000e+00 0.000000000000000000e+00 0.000000000000000000e+00 0.000000000000000000e+00 0.000000000000000000e+00 0.000000000000000000e+00 6.734673974084405046e+00 1.113134724914244522e+01 1.112561148415192136e+01 1.116996585533497921e+01 1.121514621672796075e+01 1.112132728612204602e+01 1.120368651711237540e+01 1.114637272823330783e+01 1.110546975728598795e+01 2.257788952964294893e+01 9.929497415181941733e+00 2.235916971254781771e+01 9.004920081473365201e+00 5.845999802329430395e+00 6.091220763753139700e+00 3.899999999999999911e+00 3.200000000000000178e+00 0.000000000000000000e+00
3.702633305581325640e+00 3.788134460847022655e+00 3.607998654734948740e+00 3.595802836800965796e+00 0.000000000000000000e+00 0.000000000000000000e+00 0.000000000000000000e+00 0.000000000000000000e+00 0.000000000000000000e+00 0.000000000000000000e+00 0.000000000000000000e+00 0.000000000000000000e+00 6.630820778604294752e+00 1.113800464603069784e+01 1.110704869952564700e+01 1.120262442939780456e+01 1.116562463024954432e+01 1.113599877121100512e+01 1.119879607093903395e+01 1.118895677910524711e+01 1.109122793781667760e+01 2.250699936863355788e+01 1.008198939109906611e+01 2.235571193252964761e+01 8.922064114531911727e+00 5.888405199995174755e+00 5.996301085959094834e+00 3.899999999999999911e+00 3.200000000000000178e+00 0.000000000000000000e+00
3.643937752897099092e+00 3.703549904346020494e+00 3.624060964941370866e+00 3.581049683219194257e+00 0.000000000000000000e+00 0.000000000000000000e+00 0.000000000000000000e+00 0.000000000000000000e+00 0.000000000000000000e+00 0.000000000000000000e+00 0.000000000000000000e+00 0.000000000000000000e+00 6.737760710850309920e+00 1.105311550517268770e+01 1.116474962949037497e+01 1.116974317970526087e+01 1.118347334748452226e+01 1.114455970521071393e+01 1.115254306281232033e+01 1.120784357849227675e+01 1.109494430894596917e+01 2.263878393650369247e+01 1.005853322086597323e+01 2.232938804891239215e+01 8.977494953109770748e+00 5.851822306126645223e+00 6.190539606483635104e+00 3.899999999999999911e+00 3.200000000000000178e+00 0.000000000000000000e+00
3.605753066736522516e+00 3.779481153407519223e+00 3.618872337919976090e+00 3.609581632146289465e+00 0.000000000000000000e+00 0.000000000000000000e+00 0.000000000000000000e+00 0.000000000000000000e+00 0.000000000000000000e+00 0.000000000000000000e+00 0.000000000000000000e+00 0.000000000000000000e+00 6.748886088951668860e+00 1.106631239266431876e+01 1.115951512384764222e+01 1.119540772021179542e+01 1.117928415383339136e+01 1.108976414357777074e+01 1.121184829847425846e+01 1.116281057924830833e+01 1.107950759498569404e+01 2.258655336152191495e+01 1.010505768544855698e+01 2.232836894886213841e+01 8.963792195135635410e+00 5.802138035686648543e+00 6.118889487174842046e+00 3.899999999999999911e+00 3.200000000000000178e+00 0.000000000000000000e+00
3.716198067514556502e+00 3.685608759554082070e+00 3.572432889973151227e+00 3.615878470089620489e+00 0.000000000000000000e+00 0.000000000000000000e+00 0.000000000000000000e+00 0.000000000000000000e+00 0.000000000000000000e+00 0.000000000000000000e+00 0.000000000000000000e+00 0.000000000000000000e+00 6.704852681893825661e+00 1.112740200031469939e+01 1.112291317023694681e+01 1.119916854041847643e+01 1.117259264373653060e+01 1.112568508107952070e+01 1.118893623472300902e+01 1.117190211181304349e+01 1.111034941730306258e+01 2.239254162925545799e+01 1.005928002174043989e+01 2.233547593122413133e+01 8.964723481515347814e+00 5.833910168669374841e+00 6.066508663014842817e+00 3.899999999999999911e+00 3.200000000000000178e+00 0.000000000000000000e+00
3.660220855672366547e+00 3.740986850126636121e+00 3.597969185716828999e+00 3.573090383982324258e+00 0.000000000000000000e+00 0.000000000000000000e+00 0.000000000000000000e+00 0.000000000000000000e+00 0.000000000000000000e+00 0.000000000000000000e+00 0.000000000000000000e+00 0.000000000000000000e+00 6.668804347892146822e+00 1.111024813997752148e+01 1.115628510803506401e+01 1.118774484375118483e+01 1.117736171603704065e+01 1.113984220517682644e+01 1.119238387336005225e+01 1.117940665831318015e+01 1.106859208966465502e+01 2.265766394193952138e+01 9.724859421662769066e+00 2.236756147922649518e+01 8.944113495637084910e+00 5.891396847247418300e+00 5.994181184424954623e+00 3.899999999999999911e+00 3.200000000000000178e+00 0.000000000000000000e+00
3.587868736324865360e+00 3.689593297232076630e+00 3.631658221157914479e+00 3.611144200274945426e+00 0.000000000000000000e+00 0.000000000000000000e+00 0.000000000000000000e+00 0.000000000000000000e+00 0.000000000000000000e+00 0.000000000000000000e+00 0.000000000000000000e+00 0.000000000000000000e+00 6.729904643375390627e+00 1.107294833177978255e+01 1.113806858165404634e+01 1.120570285912337560e+01 1.114400578212289084e+01 1.113103075734022340e+01 1.121156570534572516e+01 1.120134140570360515e+01 1.105579913138105752e+01 2.266355434602445484e+01 9.928008500917067991e+00 2.236783410450691179e+01 8.923785067592113762e+00 5.837136872312793656e+00 6.052849181150926405e+00 3.899999999999999911e+00 3.200000000000000178e+00 0.000000000000000000e+00
3.619116272256073685e+00 3.706163226959634738e+00 3.584835036813716513e+00 3.599674614154019903e+00 0.000000000000000000e+00 0.000000000000000000e+00 0.000000000000000000e+00 0.000000000000000000e+00 0.000000000000000000e+00 0.000000000000000000e+00 0.000000000000000000e+00 0.000000000000000000e+00 6.730555863895959945e+00 1.107973336065015424e+01 1.114168552437436510e+01 1.120341413417266985e+01 1.114324796319943367e+01 1.115823503828676522e+01 1.115510391428694525e+01 1.118799740173943924e+01 1.111493545867401700e+01 2.265358867960621936e+01 9.904520005628704382e+00 2.234435627697707361e+01 8.962640795558989737e+00 5.864526831708616328e+00 6.010605700483651503e+00 3.899999999999999911e+00 3.200000000000000178e+00 0.000000000000000000e+00
3.661416350941647746e+00 3.660300173284725567e+00 3.590926271795594094e+00 3.613215672952257318e+00 0.000000000000000000e+00 0.000000000000000000e+00 0.000000000000000000e+00 0.000000000000000000e+00 0.000000000000000000e+00 0.000000000000000000e+00 0.000000000000000000e+00 0.000000000000000000e+00 6.712410724390518446e+00 1.102956226766000647e+01 1.119995320670701844e+01 1.115053859766767630e+01 1.119059811471555044e+01 1.114446405872925538e+01 1.116880159452071553e+01 1.121185900436841187e+01 1.107738318936829103e+01 2.255491156443084222e+01 9.828538689126908423e+00 2.241296639129313917e+01 8.966256283390819704e+00 5.794132632618732792e+00 6.165698520542004957e+00 3.899999999999999911e+00 3.200000000000000178e+00 0.000000000000000000e+00
3.681879669098103491e+00 3.630054570817029980e+00 3.606332137163795082e+00 3.579415717581948986e+00 0.000000000000000000e+00 0.000000000000000000e+00 0.000000000000000000e+00 0.000000000000000000e+00 0.000000000000000000e+00 0.000000000000000000e+00 0.000000000000000000e+00 0.000000000000000000e+00 6.639383605256361953e+00 1.108911207531180843e+01 1.111646962587165355e+01 1.121678586701983349e+01 1.118198532409601498e+01 1.112165692641677062e+01 1.117328769763292406e+01 1.119667074955967401e+01 1.110362263721775733e+01 2.258873765448609205e+01 9.958722767337750525e+00 2.238953812102678498e+01 8.916790987461283180e+00 5.799760549691775680e+00 6.304216190921536622e+00 3.899999999999999911e+00 3.200000000000000178e+00 0.000000000000000000e+00
3.686871842809348987e+00 3.727801421647038538e+00 3.582296438666968008e+00 3.601113349176834788e+00 0.000000000000000000e+00 0.000000000000000000e+00 0.000000000000000000e+00 0.000000000000000000e+00 0.000000000000000000e+00 0.000000000000000000e+00 0.000000000000000000e+00 0.000000000000000000e+00 6.656364165173466851e+00 1.110845147789544107e+01 1.111033788340189155e+01 1.120723625414129820e+01 1.117056681215118630e+01 1.112491460308586788e+01 1.117883448708625416e+01 1.120684552984270788e+01 1.107341394984485738e+01 2.270978649525069315e+01 9.860316485796502661e+00 2.240356212597160024e+01 8.920791879857294049e+00 5.803215725091236621e+00 6.163612380697873760e+00 3.899999999999999911e+00 3.200000000000000178e+00 0.000000000000000000e+00
3.640378668826789621e+00 3.806481702447825910e+00 3.600866905559809705e+00 3.600419745476197697e+00 0.000000000000000000e+00 0.000000000000000000e+00 0.000000000000000000e+00 0.000000000000000000e+00 0.000000000000000000e+00 0.000000000000000000e+00 0.000000000000000000e+00 0.000000000000000000e+00 6.766389719081756127e+00 1.107206553606954991e+01 1.113516315538111989e+01 1.118450106403055422e+01 1.121628099305439541e+01 1.109871440190088698e+01 1.118224512394785286e+01 1.117871741944530051e+01 1.111240220240819632e+01 2.245790268407718671e+01 1.005364821820517029e+01 2.233607980527967740e+01 8.987254276840015876e+00 5.839614743703637423e+00 6.217793310075023783e+00 3.899999999999999911e+00 3.200000000000000178e+00 0.000000000000000000e+00
3.698135731286872563e+00 3.729781692988992869e+00 3.620183911876600824e+00 3.601237931890528987e+00 0.000000000000000000e+00 0.000000000000000000e+00 0.000000000000000000e+00 0.000000000000000000e+00 0.000000000000000000e+00 0.000000000000000000e+00 0.000000000000000000e+00 0.000000000000000000e+00 6.626980816401195185e+00 1.110925687628677672e+01 1.113882026951440807e+01 1.117398574424322177e+01 1.117820915098049106e+01 1.115594294919557861e+01 1.117917924774035576e+01 1.118888165916414223e+01 1.109648318835747816e+01 2.260060189845633616e+01 1.003962516980275055e+01 2.238685018830263118e+01 8.967541540989763860e+00 5.831833068635660311e+00 6.277021174220037025e+00 3.899999999999999911e+00 3.200000000000000178e+00 0.000000000000000000e+00
3.714532015656565545e+00 3.804099843541878023e+00 3.554662455912803054e+00 3.599586086522296835e+00 0.000000000000000000e+00 0.000000000000000000e+00 0.000000000000000000e+00 0.000000000000000000e+00 0.000000000000000000e+00 0.000000000000000000e+00 0.000000000000000000e+00 0.000000000000000000e+00 6.716173192304379924e+00 1.110524493082442277e+01 1.113230724510912850e+01 1.122359688224163499e+01 1.115063340840728401e+01 1.113028591646993526e+01 1.121042576327920059e+01 1.116366501391868482e+01 1.110884840805053386e+01 2.246411828804608746e+01 9.973909787208640410e+00 2.233972124337975629e+01 9.013234493601322228e+00 5.793996068819098788e+00 6.192951555000511199e+00 3.899999999999999911e+00 3.200000000000000178e+00 0.000000000000000000e+00
3.670007755030233909e+00 3.804583664742236415e+00 3.605168154748884746e+00 3.624066497382012031e+00 0.000000000000000000e+00 0.000000000000000000e+00 0.000000000000000000e+00 0.000000000000000000e+00 0.000000000000000000e+00 0.000000000000000000e+00 0.000000000000000000e+00 0.000000000000000000e+00 6.658841622306830743e+00 1.113574187030614482e+01 1.110723160270906007e+01 1.121342581408989503e+01 1.118360316323408910e+01 1.112945472996952212e+01 1.121358573514731916e+01 1.113953167256116039e+01 1.110561570870900638e+01 2.259748559400974699e+01 9.960874126348761237e+00 2.232123614764073594e+01 9.013738843913674970e+00 5.807203081433441660e+00 6.314850090054370924e+00 3.899999999999999911e+00 3.200000000000000178e+00 0.000000000000000000e+00
3.704244301363333047e+00 3.785207679861704921e+00 3.615588059594872394e+00 3.587594651919919553e+00 0.000000000000000000e+00 0.000000000000000000e+00 0.000000000000000000e+00 0.000000000000000000e+00 0.000000000000000000e+00 0.000000000000000000e+00 0.000000000000000000e+00 0.000000000000000000e+00 6.727207240170476332e+00 1.111093330608182406e+01 1.115766792058541057e+01 1.116945513774581933e+01 1.120390975411526391e+01 1.111101023811892929e+01 1.119354237680295405e+01 1.117780213101514697e+01 1.108828192792862666e+01 2.251493365022145099e+01 1.008484396564267449e+01 2.235071550557087861e+01 8.987150419588386896e+00 5.827269451632152375e+00 6.326443525741015428e+00 3.899999999999999911e+00 3.200000000000000178e+00 0.000000000000000000e+00
3.765182496848228144e+00 3.720526441414232721e+00 3.589524589827528089e+00 3.594003292290934404e+00 0.000000000000000000e+00 0.000000000000000000e+00 0.000000000000000000e+00 0.000000000000000000e+00 0.000000000000000000e+00 0.000000000000000000e+00 0.000000000000000000e+00 0.000000000000000000e+00 6.693477867019059779e+00 1.109253001998767019e+01 1.112158625461549377e+01 1.120709149754360290e+01 1.117730173890383227e+01 1.113648443171364377e+01 1.117022589731159776e+01 1.121282894404149744e+01 1.107146167102921730e+01 2.255034262363385977e+01 9.879003415640323027e+00 2.239753030404916601e+01 8.945936814853013175e+00 5.848308791923135352e+00 6.169269840180076514e+00 3.899999999999999911e+00 3.200000000000000178e+00 0.000000000000000000e+00
3.692976107746987591e+00 3.708529902976047676e+00 3.609848368837140775e+00 3.607610411601001488e+00 0.000000000000000000e+00 0.000000000000000000e+00 0.000000000000000000e+00 0.000000000000000000e+00 0.000000000000000000e+00 0.000000000000000000e+00 0.000000000000000000e+00 0.000000000000000000e+00 6.645897174569412869e+00 1.112584253673437296e+01 1.112603149336085906e+01 1.120902711805443097e+01 1.118122304643469000e+01 1.116580729485743362e+01 1.114195037195508675e+01 1.119734325833196564e+01 1.108439051690842092e+01 2.242526149133500013e+01 1.004795754647802397e+01 2.233901195309997689e+01 8.976919507134333287e+00 5.791384508070357207e+00 6.275436549471499426e+00 3.899999999999999911e+00 3.200000000000000178e+00 0.000000000000000000e+00
3.695276676716187314e+00 3.701273616896624485e+00 3.606566926022499509e+00 3.599319743461418142e+00 0.000000000000000000e+00 0.000000000000000000e+00 0.000000000000000000e+00 0.000000000000000000e+00 0.000000000000000000e+00 0.000000000000000000e+00 0.000000000000000000e+00 0.000000000000000000e+00 6.689245366685311112e+00 1.109815239694829181e+01 1.113218437422490936e+01 1.120394699500210933e+01 1.115812960348904070e+01 1.114852336558039880e+01 1.119309289917389449e+01 1.115345140441253946e+01 1.107364941041013395e+01 2.269625783870812086e+01 9.969902928932146580e+00 2.232190099616390810e+01 8.964945500719920801e+00 5.888372768874479135e+00 6.055406587348277192e+00 3.899999999999999911e+00 3.200000000000000178e+00 0.000000000000000000e+00
3.678976694738219422e+00 3.716098544895757527e+00 3.618382879407624042e+00 3.603476503772048201e+00 0.000000000000000000e+00 0.000000000000000000e+00 0.000000000000000000e+00 0.000000000000000000e+00 0.000000000000000000e+00 0.000000000000000000e+00 0.000000000000000000e+00 0.000000000000000000e+00 6.661018975822190491e+00 1.111758960980278133e+01 1.109450941567145321e+01 1.122496754293973886e+01 1.119743732162507577e+01 1.113422927606397472e+01 1.116160401299431548e+01 1.118162625760985840e+01 1.108538817923706610e+01 2.280476824881430531e+01 9.920371907943938083e+00 2.238318319407604307e+01 8.961521031851564345e+00 5.807158840993407622e+00 6.303701391570182722e+00 3.899999999999999911e+00 3.200000000000000178e+00 0.000000000000000000e+00
3.688643772681823307e+00 3.753216079721256815e+00 3.615418680807051643e+00 3.598399240854000869e+00 0.000000000000000000e+00 0.000000000000000000e+00 0.000000000000000000e+00 0.000000000000000000e+00 0.000000000000000000e+00 0.000000000000000000e+00 0.000000000000000000e+00 0.000000000000000000e+00 6.728443273001196268e+00 1.114961967747088778e+01 1.112249786638379412e+01 1.118522311538733582e+01 1.118952346282334531e+01 1.112168474590498235e+01 1.119443699662918768e+01 1.115464983128926590e+01 1.109503486925146376e+01 2.262012193546814842e+01 9.956677477624621631e+00 2.235955332885537672e+01 8.985835740736275667e+00 5.820127417120357194e+00 6.335172482278281336e+00 3.899999999999999911e+00 3.200000000000000178e+00 0.000000000000000000e+00
3.607607670840054848e+00 3.797206284867397752e+00 3.634065754814930216e+00 3.606945657244870596e+00 0.000000000000000000e+00 0.000000000000000000e+00 0.000000000000000000e+00 0.000000000000000000e+00 0.000000000000000000e+00 0.000000000000000000e+00 0.000000000000000000e+00 0.000000000000000000e+00 6.721172818978841335e+00 1.105182258102663972e+01 1.116001938378761871e+01 1.117537795594403605e+01 1.117285057550996541e+01 1.113395699647295700e+01 1.118340269537165632e+01 1.116900268357228576e+01 1.110174552835796291e+01 2.252470311994261110e+01 1.003720689058160787e+01 2.229058001160501234e+01 8.989438403784410170e+00 5.785498437694090335e+00 6.204789381632377143e+00 3.899999999999999911e+00 3.200000000000000178e+00 0.000000000000000000e+00
3.703787279404681332e+00 3.742680305795730078e+00 3.578568478138560938e+00 3.592267300801673002e+00 0.000000000000000000e+00 0.000000000000000000e+00 0.000000000000000000e+00 0.000000000000000000e+00 0.000000000000000000e+00 0.000000000000000000e+00 0.000000000000000000e+00 0.000000000000000000e+00 6.726108310955139835e+00 1.113227578598055345e+01 1.114178531547523043e+01 1.117303744674283728e+01 1.118474089198533861e+01 1.114293290953945714e+01 1.117214391206777258e+01 1.118672615002497217e+01 1.108696202985961499e+01 2.263879154468657973e+01 9.899863900867908129e+00 2.236370659594522081e+01 8.966159736300967964e+00 5.825512043917509430e+00 6.234158804677389476e+00 3.899999999999999911e+00 3.200000000000000178e+00 0.000000000000000000e+00
3.687350957107403904e+00 3.754630019235836169e+00 3.595469790650330566e+00 3.616658732681274468e+00 0.000000000000000000e+00 0.000000000000000000e+00 0.000000000000000000e+00 0.000000000000000000e+00 0.000000000000000000e+00 0.000000000000000000e+00 0.000000000000000000e+00 0.000000000000000000e+00 6.759564191408214739e+00 1.109499903636078422e+01 1.113491283521421948e+01 1.117864298786326316e+01 1.121207135017888135e+01 1.112516060871579526e+01 1.118250854957897822e+01 1.116780146897543524e+01 1.110016184016735608e+01 2.259743108383069909e+01 9.873321474610357029e+00 2.236774999300163103e+01 8.987781341432929949e+00 5.775725375354167745e+00 6.290893440340656007e+00 3.899999999999999911e+00 3.200000000000000178e+00 0.000000000000000000e+00
3.738284202493092234e+00 3.799395206206592768e+00 3.585609195613244982e+00 3.588809370330940496e+00 0.000000000000000000e+00 0.000000000000000000e+00 0.000000000000000000e+00 0.000000000000000000e+00 0.000000000000000000e+00 0.000000000000000000e+00 0.000000000000000000e+00 0.000000000000000000e+00 6.734136212651738340e+00 1.110964104267079833e+01 1.114197858155013776e+01 1.117329054880143246e+01 1.118469554760749318e+01 1.114662321172142612e+01 1.116658057611213195e+01 1.121418244138904541e+01 1.109835140239651174e+01 2.250835849151889434e+01 1.006207078042177017e+01 2.235439884360839358e+01 8.960033107951749898e+00 5.826151201072952368e+00 6.082958802926871300e+00 3.899999999999999911e+00 3.200000000000000178e+00 0.000000000000000000e+00
3.697015177247153339e+00 3.659189418368493207e+00 3.622685068396568120e+00 3.628952913835786998e+00 0.000000000000000000e+00 0.000000000000000000e+00 0.000000000000000000e+00 0.000000000000000000e+00 0.000000000000000000e+00 0.000000000000000000e+00 0.000000000000000000e+00 0.000000000000000000e+00 6.732693939780507897e+00 1.113674100372704956e+01 1.111135686403627787e+01 1.119320300934372803e+01 1.119748825191382302e+01 1.112452662291797090e+01 1.120637440834521570e+01 1.112888303557366854e+01 1.111989052904749897e+01 2.246385398086213314e+01 1.018660592409833221e+01 2.234577677402717910e+01 8.974108151125610888e+00 5.761485927556870834e+00 6.401768601563183836e+00 3.899999999999999911e+00 3.200000000000000178e+00 0.000000000000000000e+00
3.685383343451149596e+00 3.729094761604423880e+00 3.620144773239770242e+00 3.618106985612258963e+00 0.000000000000000000e+00 0.000000000000000000e+00 0.000000000000000000e+00 0.000000000000000000e+00 0.000000000000000000e+00 0.000000000000000000e+00 0.000000000000000000e+00 0.000000000000000000e+00 6.719690359071894825e+00 1.109973344991122879e+01 1.113669884703044843e+01 1.122165138752421853e+01 1.115444476213018987e+01 1.114093426104928675e+01 1.118007700186657871e+01 1.117666133539188067e+01 1.110185500488800159e+01 2.245717739182641282e+01 1.003498914068954306e+01 2.233547795621363363e+01 8.961067150412164395e+00 5.866298804497707131e+00 5.973673550634616802e+00 3.899999999999999911e+00 3.200000000000000178e+00 0.000000000000000000e+00
3.667584337574702147e+00 3.671190687372511086e+00 3.614163639840261677e+00 3.619788936709991134e+00 0.000000000000000000e+00 0.000000000000000000e+00 0.000000000000000000e+00 0.000000000000000000e+00 0.000000000000000000e+00 0.000000000000000000e+00 0.000000000000000000e+00 0.000000000000000000e+00 6.666408975377531299e+00 1.108911376743808930e+01 1.114000164707958973e+01 1.121041654547376076e+01 1.117116353082970548e+01 1.111972672413755525e+01 1.119081728134283971e+01 1.115698537437617865e+01 1.111509513649770042e+01 2.253885170720566578e+01 9.916041316944015804e+00 2.233095153153182721e+01 8.935712197090014186e+00 5.836434981857324011e+00 6.004982829267371258e+00 3.899999999999999911e+00 3.200000000000000178e+00 0.000000000000000000e+00
3.675055080566863364e+00 3.728002750401176346e+00 3.608889316496525002e+00 3.630994795479132176e+00 0.000000000000000000e+00 0.000000000000000000e+00 0.000000000000000000e+00 0.000000000000000000e+00 0.000000000000000000e+00 0.000000000000000000e+00 0.000000000000000000e+00 0.000000000000000000e+00 6.766704275741968644e+00 1.105368404885935618e+01 1.117208490027201151e+01 1.119632207122109513e+01 1.115289169317246731e+01 1.114199820544469510e+01 1.119310453274738393e+01 1.116130074549923989e+01 1.113978367076639309e+01 2.246950145875439731e+01 9.976547237284121294e+00 2.236445085500093199e+01 9.031590430811494485e+00 5.767473371148009065e+00 6.368996047398209015e+00 3.899999999999999911e+00 3.200000000000000178e+00 0.000000000000000000e+00
3.666635526512433962e+00 3.749933501528472934e+00 3.605212636819256300e+00 3.580289200772803326e+00 0.000000000000000000e+00 0.000000000000000000e+00 0.000000000000000000e+00 0.000000000000000000e+00 0.000000000000000000e+00 0.000000000000000000e+00 0.000000000000000000e+00 0.000000000000000000e+00 6.641478159620549881e+00 1.110508641350880943e+01 1.112714900345771341e+01 1.119966477398265425e+01 1.115979281646516519e+01 1.114941193921454321e+01 1.117629171986829739e+01 1.117663911335552918e+01 1.110562013490757138e+01 2.248517894577624077e+01 1.014457669477955726e+01 2.227010472290485765e+01 9.028834080745429702e+00 5.750637752301209105e+00 6.408400062677690912e+00 3.899999999999999911e+00 3.200000000000000178e+00 0.000000000000000000e+00
3.646715928751331770e+00 3.706233378915523069e+00 3.585910640448944697e+00 3.614216309695008622e+00 0.000000000000000000e+00 0.000000000000000000e+00 0.000000000000000000e+00 0.000000000000000000e+00 0.000000000000000000e+00 0.000000000000000000e+00 0.000000000000000000e+00 0.000000000000000000e+00 6.734410463187499474e+00 1.106585811853397949e+01 1.113909213539700716e+01 1.119062186518113577e+01 1.118666817726616713e+01 1.111563002006089818e+01 1.120848255654057724e+01 1.118149878032123823e+01 1.110565328190258683e+01 2.257480690820173308e+01 9.896657752630019900e+00 2.235525840470024761e+01 8.989771778022275228e+00 5.815289206243215325e+00 6.194212358794573881e+00 3.899999999999999911e+00 3.200000000000000178e+00 0.000000000000000000e+00
3.592526331250263993e+00 3.731022268942859377e+00 3.587289155007668207e+00 3.620779854945288534e+00 0.000000000000000000e+00 0.000000000000000000e+00 0.000000000000000000e+00 0.000000000000000000e+00 0.000000000000000000e+00 0.000000000000000000e+00 0.000000000000000000e+00 0.000000000000000000e+00 6.713421766117726008e+00 1.110467432435524060e+01 1.110550488260764190e+01 1.120872401740915336e+01 1.114800034117072514e+01 1.115082803976805614e+01 1.120824236472594571e+01 1.113981601654097275e+01 1.111669633621937869e+01 2.250862630318804491e+01 9.982743491594670004e+00 2.233203051522162497e+01 8.964694046234525260e+00 5.896879541342366693e+00 5.977099363391266351e+00 3.899999999999999911e+00 3.200000000000000178e+00 0.000000000000000000e+00
3.655688956327217465e+00 3.682236151252771705e+00 3.639556409347943333e+00 3.601081886762698137e+00 0.000000000000000000e+00 0.000000000000000000e+00 0.000000000000000000e+00 0.000000000000000000e+00 0.000000000000000000e+00 0.000000000000000000e+00 0.000000000000000000e+00 0.000000000000000000e+00 6.722027919417674191e+00 1.108794232184351003e+01 1.112426963517534162e+01 1.120875653823354234e+01 1.113379734230347040e+01 1.117150163575993282e+01 1.118934033351489887e+01 1.115658091676569974e+01 1.110047960257179156e+01 2.268064802638225430e+01 9.842550805573113237e+00 2.239871359853884414e+01 8.949306551071407156e+00 5.805733933862947893e+00 6.303783576832483249e+00 3.899999999999999911e+00 3.200000000000000178e+00 0.000000000000000000e+00
3.476192446728027186e+00 3.808312273920609670e+00 3.605442640754056516e+00 3.608641787544678348e+00 0.000000000000000000e+00 0.000000000000000000e+00 0.000000000000000000e+00 0.000000000000000000e+00 0.000000000000000000e+00 0.000000000000000000e+00 0.000000000000000000e+00 0.000000000000000000e+00 6.668454681706927012e+00 1.110274418305467492e+01 1.110732230842649315e+01 1.121870019236676974e+01 1.116509738737856416e+01 1.114122701258181891e+01 1.115324377822540569e+01 1.120597664236285951e+01 1.108703586582803347e+01 2.242806376303956384e+01 1.014819875294668172e+01 2.231377424718856162e+01 8.965146769515648373e+00 5.811275476743544388e+00 6.112401692826328947e+00 3.899999999999999911e+00 3.200000000000000178e+00 0.000000000000000000e+00
3.682592181179113577e+00 3.834161356528999143e+00 3.637377738440171981e+00 3.637441750313536559e+00 0.000000000000000000e+00 0.000000000000000000e+00 0.000000000000000000e+00 0.000000000000000000e+00 0.000000000000000000e+00 0.000000000000000000e+00 0.000000000000000000e+00 0.000000000000000000e+00 6.661838068157361903e+00 1.108167920380824079e+01 1.116316858961098291e+01 1.116972195061678796e+01 1.120001782032935544e+01 1.112381148184332247e+01 1.116174646748429566e+01 1.121616729992938666e+01 1.108997623337350369e+01 2.258282578769907900e+01 9.882261733304323670e+00 2.236528888245562996e+01 8.979956501482650566e+00 5.871454011282124519e+00 6.219479918547039077e+00 3.899999999999999911e+00 3.200000000000000178e+00 0.000000000000000000e+00
3.637317457061872705e+00 3.741350299879749208e+00 3.582802292659320820e+00 3.597340567570810776e+00 0.000000000000000000e+00 0.000000000000000000e+00 0.000000000000000000e+00 0.000000000000000000e+00 0.000000000000000000e+00 0.000000000000000000e+00 0.000000000000000000e+00 0.000000000000000000e+00 6.671659489542743238e+00 1.106067827825632044e+01 1.117464858817875317e+01 1.116979542990138796e+01 1.118890224958609458e+01 1.112772146912694460e+01 1.120313590244926694e+01 1.115523891788601496e+01 1.113424431861345099e+01 2.244508177920145897e+01 1.005317346073376505e+01 2.232093756629594949e+01 8.977983690641970327e+00 5.848494896880628069e+00 6.159334771621719717e+00 3.899999999999999911e+00 3.200000000000000178e+00 0.000000000000000000e+00
3.667052773982359959e+00 3.770692109686395010e+00 3.581261778084319225e+00 3.596974790611832340e+00 0.000000000000000000e+00 0.000000000000000000e+00 0.000000000000000000e+00 0.000000000000000000e+00 0.000000000000000000e+00 0.000000000000000000e+00 0.000000000000000000e+00 0.000000000000000000e+00 6.677393655548891083e+00 1.109485653784062720e+01 1.114330009884041850e+01 1.119102408286217099e+01 1.116336611444591220e+01 1.114871024347072215e+01 1.120409017643565797e+01 1.115979786832926912e+01 1.111498895958320610e+01 2.248904924112050097e+01 1.003800704204557093e+01 2.233185532103144411e+01 9.004747127499506121e+00 5.831493548232046464e+00 6.104014171182657655e+00 3.899999999999999911e+00 3.200000000000000178e+00 0.000000000000000000e+00
3.626106263865843893e+00 3.737444970665709132e+00 3.558208583962553462e+00 3.592356187400536971e+00 0.000000000000000000e+00 0.000000000000000000e+00 0.000000000000000000e+00 0.000000000000000000e+00 0.000000000000000000e+00 0.000000000000000000e+00 0.000000000000000000e+00 0.000000000000000000e+00 6.710659990037174616e+00 1.107002956972856822e+01 1.111460451699821839e+01 1.123342324371622070e+01 1.116188025189934230e+01 1.113703355447983689e+01 1.115855872144704186e+01 1.121385531909839628e+01 1.107247037292872704e+01 2.266121763519121401e+01 9.846397441721013166e+00 2.237261999641626176e+01 8.921369689492621546e+00 5.861212342305503142e+00 6.036332462517068009e+00 3.899999999999999911e+00 3.200000000000000178e+00 0.000000000000000000e+00
3.651333253629386544e+00 3.774237666062441043e+00 3.601477216965032202e+00 3.583535071404899686e+00 0.000000000000000000e+00 0.000000000000000000e+00 0.000000000000000000e+00 0.000000000000000000e+00 0.000000000000000000e+00 0.000000000000000000e+00 0.000000000000000000e+00 0.000000000000000000e+00 6.760749979618040584e+00 1.109369960155742696e+01 1.112381775967831743e+01 1.120954056898515994e+01 1.115269756963966863e+01 1.111609287774561139e+01 1.122674315862890637e+01 1.117025528304209736e+01 1.109530197784354932e+01 2.253676376034743001e+01 9.894453602636639644e+00 2.230771201831181472e+01 9.008111390548796393e+00 5.836794075663760850e+00 5.939805891625755230e+00 3.899999999999999911e+00 3.200000000000000178e+00 0.000000000000000000e+00
3.659215205009519245e+00 3.716920175204801335e+00 3.601467539711523891e+00 3.559364673542463109e+00 0.000000000000000000e+00 0.000000000000000000e+00 0.000000000000000000e+00 0.000000000000000000e+00 0.000000000000000000e+00 0.000000000000000000e+00 0.000000000000000000e+00 0.000000000000000000e+00 6.659597402738752336e+00 1.107478897840150367e+01 1.112979909474947959e+01 1.121117233891096809e+01 1.115143621562437914e+01 1.114973300988860139e+01 1.117751231985518068e+01 1.116819232054878874e+01 1.109930354417184795e+01 2.262630032470955044e+01 1.007910484143712715e+01 2.229958606726601644e+01 8.994775091913863818e+00 5.852755608304802237e+00 6.018212285012060292e+00 3.899999999999999911e+00 3.200000000000000178e+00 0.000000000000000000e+00
3.719593646426717193e+00 3.718721749558203893e+00 3.647868028926064099e+00 3.606011128524305498e+00 0.000000000000000000e+00 0.000000000000000000e+00 0.000000000000000000e+00 0.000000000000000000e+00 0.000000000000000000e+00 0.000000000000000000e+00 0.000000000000000000e+00 0.000000000000000000e+00 6.774943917213493094e+00 1.103763931820907551e+01 1.119102038101421570e+01 1.114174029551362644e+01 1.120781371791153092e+01 1.108591507624110051e+01 1.124620385072886997e+01 1.115369175850852912e+01 1.110984603738302390e+01 2.250275607259042587e+01 9.920919897545159571e+00 2.237877304719118143e+01 8.972646786837318089e+00 5.859646574548633247e+00 6.187949432455410737e+00 3.899999999999999911e+00 3.200000000000000178e+00 0.000000000000000000e+00
3.599810549673917226e+00 3.776910408601994451e+00 3.615736741304435675e+00 3.626617906487582310e+00 0.000000000000000000e+00 0.000000000000000000e+00 0.000000000000000000e+00 0.000000000000000000e+00 0.000000000000000000e+00 0.000000000000000000e+00 0.000000000000000000e+00 0.000000000000000000e+00 6.723893585228764458e+00 1.110230002945104211e+01 1.112755512406449832e+01 1.118119683213612170e+01 1.119707648023469915e+01 1.110211783889426052e+01 1.123769952580732223e+01 1.113660496882882533e+01 1.110856327884383710e+01 2.243483983950733318e+01 1.009079840849925347e+01 2.229485961916187620e+01 9.003467935107947184e+00 5.815908280632396732e+00 6.328027402635155063e+00 3.899999999999999911e+00 3.200000000000000178e+00 0.000000000000000000e+00
3.637546297105092030e+00 3.712397661938482418e+00 3.582995161073581958e+00 3.592767906874654305e+00 0.000000000000000000e+00 0.000000000000000000e+00 0.000000000000000000e+00 0.000000000000000000e+00 0.000000000000000000e+00 0.000000000000000000e+00 0.000000000000000000e+00 0.000000000000000000e+00 6.641229697209539928e+00 1.104722030910914654e+01 1.116223953774166233e+01 1.118756563158872730e+01 1.117760100782689747e+01 1.113746417760374108e+01 1.119290724096946121e+01 1.117323984059252062e+01 1.111121786668697453e+01 2.254520775387272025e+01 9.753182464111711525e+00 2.238923507906120491e+01 8.957654722532275571e+00 5.833799503280701515e+00 6.282579582355219294e+00 3.899999999999999911e+00 3.200000000000000178e+00 0.000000000000000000e+00
3.515086444447762304e+00 3.757537351132465897e+00 3.612576511191756712e+00 3.587253348073681902e+00 0.000000000000000000e+00 0.000000000000000000e+00 0.000000000000000000e+00 0.000000000000000000e+00 0.000000000000000000e+00 0.000000000000000000e+00 0.000000000000000000e+00 0.000000000000000000e+00 6.723718243302458930e+00 1.113373274162515791e+01 1.112270622451048041e+01 1.120697281176773430e+01 1.118296168778070943e+01 1.112663221231989397e+01 1.116861551166122091e+01 1.119762706356646298e+01 1.110332899028921894e+01 2.241302675700307390e+01 1.021970210560170500e+01 2.229371044491816534e+01 9.002400925027803424e+00 5.820098578742752160e+00 6.121998278547927441e+00 3.899999999999999911e+00 3.200000000000000178e+00 0.000000000000000000e+00
3.678888646934743267e+00 3.747688959380215845e+00 3.614151610401937997e+00 3.600329079878413996e+00 0.000000000000000000e+00 0.000000000000000000e+00 0.000000000000000000e+00 0.000000000000000000e+00 0.000000000000000000e+00 0.000000000000000000e+00 0.000000000000000000e+00 0.000000000000000000e+00 6.759059558297016324e+00 1.108045196639286267e+01 1.117222243604951615e+01 1.118449820097935543e+01 1.119661244102973008e+01 1.113206502459429892e+01 1.117551310987889401e+01 1.118599476097980983e+01 1.108631466414467504e+01 2.270359230858898414e+01 9.920362590795006597e+00 2.236380597028583495e+01 8.947426015050261583e+00 5.779233163546107832e+00 6.393705156718913152e+00 3.899999999999999911e+00 3.200000000000000178e+00 0.000000000000000000e+00
3.644248239017386037e+00 3.785763279659130731e+00 3.583471521460902753e+00 3.621454037467803033e+00 0.000000000000000000e+00 0.000000000000000000e+00 0.000000000000000000e+00 0.000000000000000000e+00 0.000000000000000000e+00 0.000000000000000000e+00 0.000000000000000000e+00 0.000000000000000000e+00 6.725670735629291741e+00 1.107280493616410766e+01 1.113814714178757548e+01 1.119894174874579207e+01 1.119210887497734319e+01 1.114508056295400351e+01 1.113809526197492694e+01 1.121216256681903900e+01 1.108934509705330917e+01 2.263794712717609414e+01 9.829649461781244213e+00 2.237580991635035588e+01 8.959883888770360016e+00 5.859324073699084146e+00 5.936762439110629508e+00 3.899999999999999911e+00 3.200000000000000178e+00 0.000000000000000000e+00
3.623388938889104960e+00 3.687363870083489648e+00 3.607089132532572684e+00 3.600988053807786304e+00 0.000000000000000000e+00 0.000000000000000000e+00 0.000000000000000000e+00 0.000000000000000000e+00 0.000000000000000000e+00 0.000000000000000000e+00 0.000000000000000000e+00 0.000000000000000000e+00 6.659235654459820353e+00 1.109406224302079202e+01 1.113074622547384962e+01 1.119140245870894113e+01 1.117851268971185519e+01 1.112073707599554773e+01 1.121390099708833610e+01 1.116436583007310723e+01 1.110449901510644999e+01 2.239206880974187186e+01 1.016321122392051635e+01 2.228823027256231626e+01 8.994611319040282993e+00 5.816332664446607126e+00 6.142096078287792693e+00 3.899999999999999911e+00 3.200000000000000178e+00 0.000000000000000000e+00
3.680093624978879596e+00 3.784228784036871129e+00 3.633199444610531348e+00 3.618643615093640520e+00 0.000000000000000000e+00 0.000000000000000000e+00 0.000000000000000000e+00 0.000000000000000000e+00 0.000000000000000000e+00 0.000000000000000000e+00 0.000000000000000000e+00 0.000000000000000000e+00 6.678138414859487781e+00 1.113125454479549248e+01 1.111252928846523957e+01 1.120345790409317210e+01 1.119584005595659271e+01 1.112089413578440933e+01 1.117619832167892291e+01 1.117289742445781187e+01 1.109334540481396303e+01 2.247015310234220564e+01 1.012199812894086648e+01 2.234457143284137715e+01 8.938679324948527238e+00 5.789495541175497806e+00 6.570673800349154270e+00 3.899999999999999911e+00 3.200000000000000178e+00 0.000000000000000000e+00
3.698624277839599905e+00 3.782852097049325568e+00 3.573263329359121165e+00 3.586410134259112148e+00 0.000000000000000000e+00 0.000000000000000000e+00 0.000000000000000000e+00 0.000000000000000000e+00 0.000000000000000000e+00 0.000000000000000000e+00 0.000000000000000000e+00 0.000000000000000000e+00 6.771341656130051234e+00 1.108572308479675073e+01 1.113294409478089797e+01 1.118936782011274111e+01 1.117205464693034145e+01 1.114220239877651508e+01 1.118023978301414445e+01 1.119226469225891485e+01 1.107255058186888519e+01 2.267920904481355393e+01 9.925099324411565505e+00 2.236674092156348692e+01 8.976423783829883263e+00 5.866585937737063716e+00 6.089191992213511817e+00 3.899999999999999911e+00 3.200000000000000178e+00 0.000000000000000000e+00
3.640286219623062536e+00 3.766882391127831298e+00 3.606598970512890023e+00 3.585050081666281141e+00 0.000000000000000000e+00 0.000000000000000000e+00 0.000000000000000000e+00 0.000000000000000000e+00 0.000000000000000000e+00 0.000000000000000000e+00 0.000000000000000000e+00 0.000000000000000000e+00 6.760129040115493204e+00 1.112438048590952278e+01 1.108173224553318725e+01 1.121235411374474999e+01 1.115719445591096282e+01 1.114323039582201957e+01 1.120805241799919649e+01 1.116816660602948907e+01 1.107087306675339278e+01 2.252641374450883305e+01 1.005569956034815782e+01 2.231207526056239843e+01 8.957702809334044503e+00 5.831729156021507876e+00 6.107142918459950387e+00 3.899999999999999911e+00 3.200000000000000178e+00 0.000000000000000000e+00
3.650275617698424568e+00 3.690497501984610462e+00 3.569842328949073718e+00 3.571057363020543995e+00 0.000000000000000000e+00 0.000000000000000000e+00 0.000000000000000000e+00 0.000000000000000000e+00 0.000000000000000000e+00 0.000000000000000000e+00 0.000000000000000000e+00 0.000000000000000000e+00 6.716857259663948199e+00 1.107376469944688147e+01 1.113535591627167953e+01 1.118573438029579847e+01 1.118597070308803154e+01 1.113574800817674237e+01 1.116252764392099195e+01 1.118755080603116880e+01 1.109667861515872289e+01 2.253220950933554079e+01 9.989852574057866974e+00 2.232292026942325691e+01 8.982887257384881252e+00 5.808343501665419240e+00 6.121196086623448274e+00 3.899999999999999911e+00 3.200000000000000178e+00 0.000000000000000000e+00
3.701577977193849289e+00 3.736653010943512765e+00 3.631966384220106203e+00 3.597547237623401450e+00 0.000000000000000000e+00 0.000000000000000000e+00 0.000000000000000000e+00 0.000000000000000000e+00 0.000000000000000000e+00 0.000000000000000000e+00 0.000000000000000000e+00 0.000000000000000000e+00 6.755011677984834151e+00 1.112922364140377951e+01 1.110761180286238847e+01 1.118304923407330520e+01 1.121515662770796595e+01 1.111355257485891102e+01 1.117161516343684013e+01 1.118638918294883489e+01 1.108098748198499806e+01 2.262094084105272884e+01 9.929777144406884304e+00 2.238241140742398727e+01 8.964614548006020200e+00 5.898394843174746605e+00 5.875350987725344254e+00 3.899999999999999911e+00 3.200000000000000178e+00 0.000000000000000000e+00
3.690880443177636749e+00 3.755327079788347788e+00 3.619949396902429672e+00 3.603565638480553890e+00 0.000000000000000000e+00 0.000000000000000000e+00 0.000000000000000000e+00 0.000000000000000000e+00 0.000000000000000000e+00 0.000000000000000000e+00 0.000000000000000000e+00 0.000000000000000000e+00 6.714653988108850946e+00 1.114025676941742660e+01 1.113671613438593688e+01 1.118539797373296452e+01 1.116871483499778961e+01 1.113974023562674809e+01 1.117249285137703829e+01 1.119509900720924200e+01 1.110423272670451489e+01 2.251466140801143112e+01 9.912692433784036083e+00 2.234531232794287803e+01 9.013172182757259066e+00 5.767234702232639343e+00 6.441289045964258442e+00 3.899999999999999911e+00 3.200000000000000178e+00 0.000000000000000000e+00
3.645442693161278225e+00 3.713756089267784777e+00 3.627687118292538759e+00 3.606423185849850110e+00 0.000000000000000000e+00 0.000000000000000000e+00 0.000000000000000000e+00 0.000000000000000000e+00 0.000000000000000000e+00 0.000000000000000000e+00 0.000000000000000000e+00 0.000000000000000000e+00 6.653886816302590823e+00 1.108083652492043392e+01 1.116323523460137146e+01 1.117739510766409161e+01 1.116786364363813178e+01 1.113533824211756063e+01 1.121103679746914494e+01 1.117772848235609295e+01 1.109127364220571010e+01 2.251721563298019291e+01 9.968815711401450841e+00 2.235515849005428990e+01 9.025269920103699661e+00 5.775310580430324414e+00 6.167837659646523640e+00 3.899999999999999911e+00 3.200000000000000178e+00 0.000000000000000000e+00
3.677186946260726064e+00 3.778933602632555289e+00 3.583102217704375203e+00 3.581224051508010042e+00 0.000000000000000000e+00 0.000000000000000000e+00 0.000000000000000000e+00 0.000000000000000000e+00 0.000000000000000000e+00 0.000000000000000000e+00 0.000000000000000000e+00 0.000000000000000000e+00 6.610446860901475929e+00 1.108086772450595348e+01 1.114760739448686877e+01 1.116615507910004368e+01 1.119266871364300187e+01 1.111767727462394006e+01 1.122165887717230959e+01 1.115615632385101108e+01 1.111167325134204553e+01 2.248453787011788307e+01 9.937209086368918420e+00 2.233912407485167506e+01 8.989402310627774284e+00 5.806070440120776333e+00 6.043955184956177895e+00 3.899999999999999911e+00 3.200000000000000178e+00 0.000000000000000000e+00
3.712378075373634179e+00 3.780718541253298426e+00 3.604115868890978014e+00 3.604206917441439284e+00 0.000000000000000000e+00 0.000000000000000000e+00 0.000000000000000000e+00 0.000000000000000000e+00 0.000000000000000000e+00 0.000000000000000000e+00 0.000000000000000000e+00 0.000000000000000000e+00 6.666209014561350621e+00 1.110124344968586385e+01 1.110337759628232313e+01 1.122727255043627892e+01 1.119433119908016927e+01 1.110031862884871856e+01 1.114647800839983738e+01 1.122138717672460828e+01 1.108021066763850193e+01 2.256541762972937804e+01 9.957697936709433151e+00 2.234095440749314676e+01 8.894215661345421964e+00 5.845844154709308071e+00 6.057104020028688751e+00 3.899999999999999911e+00 3.200000000000000178e+00 0.000000000000000000e+00
3.692662038789952472e+00 3.736479408410473102e+00 3.603121630443266721e+00 3.588831473204764144e+00 0.000000000000000000e+00 0.000000000000000000e+00 0.000000000000000000e+00 0.000000000000000000e+00 0.000000000000000000e+00 0.000000000000000000e+00 0.000000000000000000e+00 0.000000000000000000e+00 6.746381858504909346e+00 1.108392976936442587e+01 1.112937000280205524e+01 1.116558699429427826e+01 1.121839222400789282e+01 1.111149461739468691e+01 1.118631977442145242e+01 1.119238755518182238e+01 1.109967301626560676e+01 2.255450878468678866e+01 9.988809744110254130e+00 2.233070656326803416e+01 8.982859149470925786e+00 5.808114055689984845e+00 6.318822456453733416e+00 3.899999999999999911e+00 3.200000000000000178e+00 0.000000000000000000e+00
3.711123361574928836e+00 3.668850830653454409e+00 3.608264714763008918e+00 3.588032111449629191e+00 0.000000000000000000e+00 0.000000000000000000e+00 0.000000000000000000e+00 0.000000000000000000e+00 0.000000000000000000e+00 0.000000000000000000e+00 0.000000000000000000e+00 0.000000000000000000e+00 6.741077786886656931e+00 1.108379937357604916e+01 1.111443311932220723e+01 1.119072147176088805e+01 1.120647941914965351e+01 1.110448477592580829e+01 1.120032532540703407e+01 1.118217439956256598e+01 1.109737304753253895e+01 2.252464900923855851e+01 1.002925524086050224e+01 2.233906482955576678e+01 9.002668506056219044e+00 5.813373460678248783e+00 6.229565246798321354e+00 3.899999999999999911e+00 3.200000000000000178e+00 0.000000000000000000e+00
3.723309457758216201e+00 3.760022799110891878e+00 3.599876383349294606e+00 3.587052199780350836e+00 0.000000000000000000e+00 0.000000000000000000e+00 0.000000000000000000e+00 0.000000000000000000e+00 0.000000000000000000e+00 0.000000000000000000e+00 0.000000000000000000e+00 0.000000000000000000e+00 6.667903690598171451e+00 1.109338977592133801e+01 1.114507012196877334e+01 1.119227627391287250e+01 1.119942547296875190e+01 1.113760954273623049e+01 1.117126292873024340e+01 1.121298374997145686e+01 1.105414429876556781e+01 2.264456054468852741e+01 9.990243658390085102e+00 2.237019996367266472e+01 8.961362948945593487e+00 5.779507937922319094e+00 6.169116411946145462e+00 3.899999999999999911e+00 3.200000000000000178e+00 0.000000000000000000e+00
3.672979712139604835e+00 3.749462052577215321e+00 3.623042267530782734e+00 3.613991332318219118e+00 0.000000000000000000e+00 0.000000000000000000e+00 0.000000000000000000e+00 0.000000000000000000e+00 0.000000000000000000e+00 0.000000000000000000e+00 0.000000000000000000e+00 0.000000000000000000e+00 6.649168650445622220e+00 1.109363631066269740e+01 1.116427201042053952e+01 1.115160709254122118e+01 1.119784202541693752e+01 1.114447734925565392e+01 1.119515911268213237e+01 1.115647930166816337e+01 1.111494761540043008e+01 2.242750650449862349e+01 1.023061878103266231e+01 2.231734945810918447e+01 8.987304762370809996e+00 5.731884483958141985e+00 6.337038024755285548e+00 3.899999999999999911e+00 3.200000000000000178e+00 0.000000000000000000e+00
3.694363438390988463e+00 3.697848019197441438e+00 3.595985740778418815e+00 3.576163586140596706e+00 0.000000000000000000e+00 0.000000000000000000e+00 0.000000000000000000e+00 0.000000000000000000e+00 0.000000000000000000e+00 0.000000000000000000e+00 0.000000000000000000e+00 0.000000000000000000e+00 6.717232086051485140e+00 1.107658743467462337e+01 1.111318467390617748e+01 1.120565553740493492e+01 1.115519964784200724e+01 1.114566490058086323e+01 1.119889574390069775e+01 1.114065962164532486e+01 1.111969531907813291e+01 2.253468057087323828e+01 1.002010124115331280e+01 2.232091261056277176e+01 8.988400003106892910e+00 5.793401305407249069e+00 6.308722879608124501e+00 3.899999999999999911e+00 3.200000000000000178e+00 0.000000000000000000e+00
3.724802064270737123e+00 3.745957420212133293e+00 3.594589627795862441e+00 3.590686367280603974e+00 0.000000000000000000e+00 0.000000000000000000e+00 0.000000000000000000e+00 0.000000000000000000e+00 0.000000000000000000e+00 0.000000000000000000e+00 0.000000000000000000e+00 0.000000000000000000e+00 6.746151075358264748e+00 1.110735624781727715e+01 1.113402890807717682e+01 1.118882490540365104e+01 1.120244990364816395e+01 1.112672336066296808e+01 1.117896472163311472e+01 1.117338623194877201e+01 1.111020261740747550e+01 2.255386644705059851e+01 9.856815030192816351e+00 2.240021122667030795e+01 8.972011851329952492e+00 5.808990996556374853e+00 6.176456307660036060e+00 3.899999999999999911e+00 3.200000000000000178e+00 0.000000000000000000e+00
3.661859718114131468e+00 3.725163992699958904e+00 3.606767124875739139e+00 3.608385796462678652e+00 0.000000000000000000e+00 0.000000000000000000e+00 0.000000000000000000e+00 0.000000000000000000e+00 0.000000000000000000e+00 0.000000000000000000e+00 0.000000000000000000e+00 0.000000000000000000e+00 6.776192800801592142e+00 1.109491669695878002e+01 1.114630725892574681e+01 1.118682093361414509e+01 1.118238969229772550e+01 1.113372312851694979e+01 1.119386002372529454e+01 1.117790515095753356e+01 1.108312997892305951e+01 2.256585047904588848e+01 1.013031506376336743e+01 2.228710775305787095e+01 8.987447539351583359e+00 5.850694419696955251e+00 6.190033190973694310e+00 3.899999999999999911e+00 3.200000000000000178e+00 0.000000000000000000e+00
3.636170064516386358e+00 3.717832077310293304e+00 3.602656585246369225e+00 3.613094891067116343e+00 0.000000000000000000e+00 0.000000000000000000e+00 0.000000000000000000e+00 0.000000000000000000e+00 0.000000000000000000e+00 0.000000000000000000e+00 0.000000000000000000e+00 0.000000000000000000e+00 6.763454733845921218e+00 1.103774920435256490e+01 1.118401039274761644e+01 1.115184417244972614e+01 1.122081271025325577e+01 1.108665646107109559e+01 1.123243841995910053e+01 1.115194672015065436e+01 1.111675288220234314e+01 2.251346419960530199e+01 9.944934287245565940e+00 2.234654042860942980e+01 8.967930829460955877e+00 5.832623469642854275e+00 6.121157867327617907e+00 3.899999999999999911e+00 3.200000000000000178e+00 0.000000000000000000e+00
3.627696822185787706e+00 3.695779075544272096e+00 3.573858668409858552e+00 3.579084216706021948e+00 0.000000000000000000e+00 0.000000000000000000e+00 0.000000000000000000e+00 0.000000000000000000e+00 0.000000000000000000e+00 0.000000000000000000e+00 0.000000000000000000e+00 0.000000000000000000e+00 6.629009503867405506e+00 1.110738352596728973e+01 1.111712605342061622e+01 1.122098941988125986e+01 1.115881004838824353e+01 1.111461323941418833e+01 1.121531762167750834e+01 1.118311236119807539e+01 1.109497849296301375e+01 2.259195375504995340e+01 1.008889601684092341e+01 2.233157953517154226e+01 8.970863806993067513e+00 5.835349365175138914e+00 6.163682560929043319e+00 3.899999999999999911e+00 3.200000000000000178e+00 0.000000000000000000e+00
3.584146381946986981e+00 3.734631962232703994e+00 3.607591071587185283e+00 3.588846317551836584e+00 0.000000000000000000e+00 0.000000000000000000e+00 0.000000000000000000e+00 0.000000000000000000e+00 0.000000000000000000e+00 0.000000000000000000e+00 0.000000000000000000e+00 0.000000000000000000e+00 6.740878930347858677e+00 1.107884039069491955e+01 1.112697699744452784e+01 1.118188591869377113e+01 1.120255666999010380e+01 1.111497215914131331e+01 1.117733214760157345e+01 1.119247742659782396e+01 1.110725440149074394e+01 2.266080643015632745e+01 9.952813249989187483e+00 2.233886110354571031e+01 8.932696449378841663e+00 5.942751620828748749e+00 5.927048740374273095e+00 3.899999999999999911e+00 3.200000000000000178e+00 0.000000000000000000e+00
3.663544474387103733e+00 3.755674594432214519e+00 3.602458620431675307e+00 3.603683907595706781e+00 0.000000000000000000e+00 0.000000000000000000e+00 0.000000000000000000e+00 0.000000000000000000e+00 0.000000000000000000e+00 0.000000000000000000e+00 0.000000000000000000e+00 0.000000000000000000e+00 6.682613791259842451e+00 1.106309592382428342e+01 1.114811143621894907e+01 1.117566000359346390e+01 1.116133438441532633e+01 1.111824322450546987e+01 1.120396621419216210e+01 1.115950846304256139e+01 1.115648969851094563e+01 2.234499304046562429e+01 1.003978539915874180e+01 2.229005846539028113e+01 9.035176762162148378e+00 5.776180513840473374e+00 6.315194614767452030e+00 3.899999999999999911e+00 3.200000000000000178e+00 0.000000000000000000e+00
3.693587117953674781e+00 3.744185434977739924e+00 3.559788725870317805e+00 3.584151893089829510e+00 0.000000000000000000e+00 0.000000000000000000e+00 0.000000000000000000e+00 0.000000000000000000e+00 0.000000000000000000e+00 0.000000000000000000e+00 0.000000000000000000e+00 0.000000000000000000e+00 6.696671826953533468e+00 1.111561139600035197e+01 1.113221692819849551e+01 1.118803027394131888e+01 1.120462268337272072e+01 1.111678310915184120e+01 1.120446772687955672e+01 1.117297516444060257e+01 1.110381885592673257e+01 2.245614164395063028e+01 1.006460800196970595e+01 2.232553279196654827e+01 9.003118916527704130e+00 5.779463529342898198e+00 6.111685799363342220e+00 3.899999999999999911e+00 3.200000000000000178e+00 0.000000000000000000e+00
3.652865481619336219e+00 3.794110278887572019e+00 3.611354808954034379e+00 3.582320242136379118e+00 0.000000000000000000e+00 0.000000000000000000e+00 0.000000000000000000e+00 0.000000000000000000e+00 0.000000000000000000e+00 0.000000000000000000e+00 0.000000000000000000e+00 0.000000000000000000e+00 6.710281526030025034e+00 1.108956793413183917e+01 1.113618683608140358e+01 1.119029545651286739e+01 1.119037444259789460e+01 1.115195243466284758e+01 1.116429199742906420e+01 1.117213763743433397e+01 1.111554735823558637e+01 2.261113472857962847e+01 9.903019754673307418e+00 2.234274734740441559e+01 9.016739857326596663e+00 5.749203483763083433e+00 6.261079791783038750e+00 3.899999999999999911e+00 3.200000000000000178e+00 0.000000000000000000e+00
3.761862845674604383e+00 3.692091512578621337e+00 3.600898982271910409e+00 3.593518174594307890e+00 0.000000000000000000e+00 0.000000000000000000e+00 0.000000000000000000e+00 0.000000000000000000e+00 0.000000000000000000e+00 0.000000000000000000e+00 0.000000000000000000e+00 0.000000000000000000e+00 6.643567993740240318e+00 1.111937070969490726e+01 1.112882516545016820e+01 1.120411078132072902e+01 1.116120079135522580e+01 1.115002958370604524e+01 1.116216517829878896e+01 1.118218993378850357e+01 1.110875297845524301e+01 2.255187998499938828e+01 9.994904561627128814e+00 2.232975120805787483e+01 8.958299373067543314e+00 5.782165826017610755e+00 6.312463096257943995e+00 3.899999999999999911e+00 3.200000000000000178e+00 0.000000000000000000e+00
3.677318260504550462e+00 3.786440157912406512e+00 3.635813339522785181e+00 3.610355781738686876e+00 0.000000000000000000e+00 0.000000000000000000e+00 0.000000000000000000e+00 0.000000000000000000e+00 0.000000000000000000e+00 0.000000000000000000e+00 0.000000000000000000e+00 0.000000000000000000e+00 6.750007136193397983e+00 1.109053158661914473e+01 1.113683843131725837e+01 1.122579317972323310e+01 1.114060332066436310e+01 1.117292689840715347e+01 1.117865493453276216e+01 1.115573287003236125e+01 1.111667628869807523e+01 2.250456455037280179e+01 1.003457319772077128e+01 2.231278233902039432e+01 8.978936736544966379e+00 5.795276341459320690e+00 6.067047590510731503e+00 3.899999999999999911e+00 3.200000000000000178e+00 0.000000000000000000e+00
3.615773562032521760e+00 3.768416973649118873e+00 3.605230342648788611e+00 3.617153943689281892e+00 0.000000000000000000e+00 0.000000000000000000e+00 0.000000000000000000e+00 0.000000000000000000e+00 0.000000000000000000e+00 0.000000000000000000e+00 0.000000000000000000e+00 0.000000000000000000e+00 6.759094537907037292e+00 1.110803229792698232e+01 1.110661689122049722e+01 1.119019250124385501e+01 1.120989294483619148e+01 1.111305589681194661e+01 1.121299309938472000e+01 1.115440411027524803e+01 1.109629101403441354e+01 2.263813758595958703e+01 1.015902866655814840e+01 2.230773512323767349e+01 9.015658640738726248e+00 5.818926595286034953e+00 6.155245818657733459e+00 3.899999999999999911e+00 3.200000000000000178e+00 0.000000000000000000e+00
3.573092757104921358e+00 3.752624845891191718e+00 3.613961872863811653e+00 3.599199700626273479e+00 0.000000000000000000e+00 0.000000000000000000e+00 0.000000000000000000e+00 0.000000000000000000e+00 0.000000000000000000e+00 0.000000000000000000e+00 0.000000000000000000e+00 0.000000000000000000e+00 6.635354270308453373e+00 1.115820321566119411e+01 1.109475359163290520e+01 1.122202108698482093e+01 1.117658751083563118e+01 1.113861891542475924e+01 1.115149945819010391e+01 1.119550475007760504e+01 1.110548555301697427e+01 2.246453714665874912e+01 1.016845846378558882e+01 2.229447457339272276e+01 8.952858233264572974e+00 5.851945278453065669e+00 6.269485360334164703e+00 3.899999999999999911e+00 3.200000000000000178e+00 0.000000000000000000e+00
3.558634284945264348e+00 3.814933577940596177e+00 3.629615853452859753e+00 3.608558987550428032e+00 0.000000000000000000e+00 0.000000000000000000e+00 0.000000000000000000e+00 0.000000000000000000e+00 0.000000000000000000e+00 0.000000000000000000e+00 0.000000000000000000e+00 0.000000000000000000e+00 6.739386055589522861e+00 1.112127771452597891e+01 1.113077594671216630e+01 1.121310796983762614e+01 1.113637162362377708e+01 1.116484044375132001e+01 1.117689998701081144e+01 1.119444498489058581e+01 1.105692729821823406e+01 2.257244822624369007e+01 1.003891502216266751e+01 2.233633521182428794e+01 8.965871774843112263e+00 5.831729838469610350e+00 5.982559044905679357e+00 3.899999999999999911e+00 3.200000000000000178e+00 0.000000000000000000e+00
3.654027392573035105e+00 3.750567701496657858e+00 3.619694383550544181e+00 3.609891547483389918e+00 0.000000000000000000e+00 0.000000000000000000e+00 0.000000000000000000e+00 0.000000000000000000e+00 0.000000000000000000e+00 0.000000000000000000e+00 0.000000000000000000e+00 0.000000000000000000e+00 6.705374268910715863e+00 1.114980502841762444e+01 1.107544956138609038e+01 1.123754463130478420e+01 1.119343742771851602e+01 1.111749990147370859e+01 1.117266789258775361e+01 1.119066306766266550e+01 1.109791625852593988e+01 2.258326922310299167e+01 9.998393794667753909e+00 2.235116591398684704e+01 8.946436771002398203e+00 5.806491263336191366e+00 6.248426961300027394e+00 3.899999999999999911e+00 3.200000000000000178e+00 0.000000000000000000e+00
3.532626636835737965e+00 3.737833762347841038e+00 3.609916990338433607e+00 3.607255635929113691e+00 0.000000000000000000e+00 0.000000000000000000e+00 0.000000000000000000e+00 0.000000000000000000e+00 0.000000000000000000e+00 0.000000000000000000e+00 0.000000000000000000e+00 0.000000000000000000e+00 6.725476058022548109e+00 1.108027303612529124e+01 1.112113257262155841e+01 1.120553268529717172e+01 1.118189267687717781e+01 1.111650178294115143e+01 1.122000163611344803e+01 1.117616996282092146e+01 1.107470894524398020e+01 2.261803012096562782e+01 9.793254695680321475e+00 2.237882630412313389e+01 8.964569342133923868e+00 5.808177899204498118e+00 6.271045423969831667e+00 3.899999999999999911e+00 3.200000000000000178e+00 0.000000000000000000e+00
3.668886003013611674e+00 3.722255824400185098e+00 3.600178005404398363e+00 3.589037177213430851e+00 0.000000000000000000e+00 0.000000000000000000e+00 0.000000000000000000e+00 0.000000000000000000e+00 0.000000000000000000e+00 0.000000000000000000e+00 0.000000000000000000e+00 0.000000000000000000e+00 6.721966837721685906e+00 1.111670489634942882e+01 1.113957042595206026e+01 1.118331190827942656e+01 1.118221723866646755e+01 1.112063996453561110e+01 1.120992119900079764e+01 1.114160682771560040e+01 1.114040570721829049e+01 2.250294673111141464e+01 1.008479669432765924e+01 2.231411475291954005e+01 9.007608046720697814e+00 5.841941374951685972e+00 6.169261968028514787e+00 3.899999999999999911e+00 3.200000000000000178e+00 0.000000000000000000e+00
3.633157728980225265e+00 3.777573437322694350e+00 3.576035320090483083e+00 3.603325447231693790e+00 0.000000000000000000e+00 0.000000000000000000e+00 0.000000000000000000e+00 0.000000000000000000e+00 0.000000000000000000e+00 0.000000000000000000e+00 0.000000000000000000e+00 0.000000000000000000e+00 6.733042306815866240e+00 1.112363193758939062e+01 1.110964376010775823e+01 1.121006073812606729e+01 1.117199219353888040e+01 1.113350002387360860e+01 1.116860660069451505e+01 1.120783029588353585e+01 1.108095809655170427e+01 2.265318077931902963e+01 9.925411663657769168e+00 2.233399306381623717e+01 9.010836171377002657e+00 5.738544020243581123e+00 6.375589761545979783e+00 3.899999999999999911e+00 3.200000000000000178e+00 0.000000000000000000e+00
3.690328436448244709e+00 3.693915373817092007e+00 3.627610852190596979e+00 3.615491994451811575e+00 0.000000000000000000e+00 0.000000000000000000e+00 0.000000000000000000e+00 0.000000000000000000e+00 0.000000000000000000e+00 0.000000000000000000e+00 0.000000000000000000e+00 0.000000000000000000e+00 6.788265432371959562e+00 1.104051732956198784e+01 1.115765752066469574e+01 1.119829211604919728e+01 1.117360613240208700e+01 1.113165171942903520e+01 1.117086153742297405e+01 1.122505273704368811e+01 1.106914502981017456e+01 2.248279689453091379e+01 1.008118339163736721e+01 2.231741695516432600e+01 8.999894695066437578e+00 5.809863382823472477e+00 6.179737518832692622e+00 3.899999999999999911e+00 3.200000000000000178e+00 0.000000000000000000e+00
3.628207026877428021e+00 3.727142270795460011e+00 3.601487801796699806e+00 3.582122245363390078e+00 0.000000000000000000e+00 0.000000000000000000e+00 0.000000000000000000e+00 0.000000000000000000e+00 0.000000000000000000e+00 0.000000000000000000e+00 0.000000000000000000e+00 0.000000000000000000e+00 6.760853868301964553e+00 1.108369881830033776e+01 1.112423873164695642e+01 1.117445988453055250e+01 1.118266332636002325e+01 1.112390344825857014e+01 1.118111974606851433e+01 1.119732528646466463e+01 1.111352177610374881e+01 2.246620232186515764e+01 9.969926679195541652e+00 2.235309413428539216e+01 8.979216903886944934e+00 5.884191310445160639e+00 6.141924091456556489e+00 3.899999999999999911e+00 3.200000000000000178e+00 0.000000000000000000e+00
3.636852657725888616e+00 3.713862274448721301e+00 3.564260476236771336e+00 3.590661244859651990e+00 0.000000000000000000e+00 0.000000000000000000e+00 0.000000000000000000e+00 0.000000000000000000e+00 0.000000000000000000e+00 0.000000000000000000e+00 0.000000000000000000e+00 0.000000000000000000e+00 6.666728544590959871e+00 1.108292658558410437e+01 1.113758333489566787e+01 1.120024501121364047e+01 1.115491098651378721e+01 1.113968394470972889e+01 1.119950039592012558e+01 1.116570794899273800e+01 1.109221800160209703e+01 2.262193046772438976e+01 1.003287969439392846e+01 2.236986278978409359e+01 8.973424457242488828e+00 5.816311014027820470e+00 6.248164543127730397e+00 3.899999999999999911e+00 3.200000000000000178e+00 0.000000000000000000e+00
3.778128826204129265e+00 3.698411760347545929e+00 3.633303297866342430e+00 3.590642853072596452e+00 0.000000000000000000e+00 0.000000000000000000e+00 0.000000000000000000e+00 0.000000000000000000e+00 0.000000000000000000e+00 0.000000000000000000e+00 0.000000000000000000e+00 0.000000000000000000e+00 6.706829121883105316e+00 1.105361766379085608e+01 1.114944208253423952e+01 1.117183612400060078e+01 1.119644990267851803e+01 1.113531302535743528e+01 1.116721124691447820e+01 1.119253096773549494e+01 1.111421662328637794e+01 2.241790313920463973e+01 1.011709257568915810e+01 2.230884298419245582e+01 8.968780330227650310e+00 5.797168755211624891e+00 6.156292460568570490e+00 3.899999999999999911e+00 3.200000000000000178e+00 0.000000000000000000e+00
3.648958938847382871e+00 3.750226764022967174e+00 3.608099712757435018e+00 3.612095088395075315e+00 0.000000000000000000e+00 0.000000000000000000e+00 0.000000000000000000e+00 0.000000000000000000e+00 0.000000000000000000e+00 0.000000000000000000e+00 0.000000000000000000e+00 0.000000000000000000e+00 6.652100138803079155e+00 1.106984084661588597e+01 1.111969219418251420e+01 1.120403882356100667e+01 1.118535745563383266e+01 1.111579775254520186e+01 1.118771862522124572e+01 1.118192822798351926e+01 1.111012874844290010e+01 2.255636775974029362e+01 9.708573607001543593e+00 2.237948209128050081e+01 8.984184910170585070e+00 5.795423473313991103e+00 6.171667048093153696e+00 3.899999999999999911e+00 3.200000000000000178e+00 0.000000000000000000e+00
3.601864787693361603e+00 3.808280295078332323e+00 3.590547580780946380e+00 3.602133111477709537e+00 0.000000000000000000e+00 0.000000000000000000e+00 0.000000000000000000e+00 0.000000000000000000e+00 0.000000000000000000e+00 0.000000000000000000e+00 0.000000000000000000e+00 0.000000000000000000e+00 6.591757204384088631e+00 1.113200161049069337e+01 1.110353097659823796e+01 1.120460152834659340e+01 1.117385482776105299e+01 1.112746600154839349e+01 1.120754377011923353e+01 1.117406514949522567e+01 1.107972898033380282e+01 2.266695180823666433e+01 9.902802362791442548e+00 2.233278569715438877e+01 8.966586762671358457e+00 5.831092098135772339e+00 6.310954004803637218e+00 3.899999999999999911e+00 3.200000000000000178e+00 0.000000000000000000e+00
3.706277135210188867e+00 3.691263609245998722e+00 3.621285303620234597e+00 3.607158398065289262e+00 0.000000000000000000e+00 0.000000000000000000e+00 0.000000000000000000e+00 0.000000000000000000e+00 0.000000000000000000e+00 0.000000000000000000e+00 0.000000000000000000e+00 0.000000000000000000e+00 6.666352722188528368e+00 1.108879186055754040e+01 1.110405807695411795e+01 1.124606850889479404e+01 1.113087298921875679e+01 1.118386580397346819e+01 1.115203239288297432e+01 1.120111094591901946e+01 1.106788883788986055e+01 2.273185294931088052e+01 9.954628390429913765e+00 2.234718521382660583e+01 8.953219880679705867e+00 5.833423316127408498e+00 6.326549327457999361e+00 3.899999999999999911e+00 3.200000000000000178e+00 0.000000000000000000e+00
3.641118975200809516e+00 3.785248294294881966e+00 3.586014082877955644e+00 3.617988510618892484e+00 0.000000000000000000e+00 0.000000000000000000e+00 0.000000000000000000e+00 0.000000000000000000e+00 0.000000000000000000e+00 0.000000000000000000e+00 0.000000000000000000e+00 0.000000000000000000e+00 6.725900425324804033e+00 1.108650931112873472e+01 1.113138175002856123e+01 1.118023097094284601e+01 1.116153354564305111e+01 1.116554007433486717e+01 1.117879033777361641e+01 1.119435253812701880e+01 1.105794653060507038e+01 2.264175880864361545e+01 9.960055030841290957e+00 2.235288732651572374e+01 8.999889687193558530e+00 5.752962556269737959e+00 6.542543139073833558e+00 3.899999999999999911e+00 3.200000000000000178e+00 0.000000000000000000e+00
3.659027433095990656e+00 3.745336461483327994e+00 3.578099249489675060e+00 3.601109986499350768e+00 0.000000000000000000e+00 0.000000000000000000e+00 0.000000000000000000e+00 0.000000000000000000e+00 0.000000000000000000e+00 0.000000000000000000e+00 0.000000000000000000e+00 0.000000000000000000e+00 6.639367972153029207e+00 1.107035907774780803e+01 1.116779740996795667e+01 1.117684626830085115e+01 1.115964094462920819e+01 1.112136391561828752e+01 1.120299742045923175e+01 1.119133388772205961e+01 1.106959505966059076e+01 2.271670467586944042e+01 9.825053629392574095e+00 2.236976403724467843e+01 8.917007332479357729e+00 5.862806991711143390e+00 6.159166169815655678e+00 3.899999999999999911e+00 3.200000000000000178e+00 0.000000000000000000e+00
3.613420566767665321e+00 3.719734367637062000e+00 3.580617623143242501e+00 3.622512056163853522e+00 0.000000000000000000e+00 0.000000000000000000e+00 0.000000000000000000e+00 0.000000000000000000e+00 0.000000000000000000e+00 0.000000000000000000e+00 0.000000000000000000e+00 0.000000000000000000e+00 6.694606092063773772e+00 1.108414779043499721e+01 1.112709568931686199e+01 1.120352047458634637e+01 1.114879733319967769e+01 1.114860409420111864e+01 1.119198747514450254e+01 1.115985726741629591e+01 1.109202966426053827e+01 2.258711246309522735e+01 1.006306489873712806e+01 2.229940605825216693e+01 8.988730305288285649e+00 5.845912962044710781e+00 5.995314055915956786e+00 3.899999999999999911e+00 3.200000000000000178e+00 0.000000000000000000e+00
3.622090460957979374e+00 3.739378072129067476e+00 3.607605732465141823e+00 3.597461887906663769e+00 0.000000000000000000e+00 0.000000000000000000e+00 0.000000000000000000e+00 0.000000000000000000e+00 0.000000000000000000e+00 0.000000000000000000e+00 0.000000000000000000e+00 0.000000000000000000e+00 6.745987393301965618e+00 1.109600880600402562e+01 1.113203603252775409e+01 1.120371845867794214e+01 1.116167678435828492e+01 1.111119160849566256e+01 1.120849565665537639e+01 1.118607768668825742e+01 1.109642672250803486e+01 2.246307892673738138e+01 1.014308142453409367e+01 2.231559840366071157e+01 8.965677346282713955e+00 5.880332971411254661e+00 6.066442910868926397e+00 3.899999999999999911e+00 3.200000000000000178e+00 0.000000000000000000e+00
3.697191388913984689e+00 3.690061955909859748e+00 3.595877164356980682e+00 3.612929686998257672e+00 0.000000000000000000e+00 0.000000000000000000e+00 0.000000000000000000e+00 0.000000000000000000e+00 0.000000000000000000e+00 0.000000000000000000e+00 0.000000000000000000e+00 0.000000000000000000e+00 6.723606386499384691e+00 1.108412942952189439e+01 1.115251699286602793e+01 1.118796562809407114e+01 1.119088865124981425e+01 1.111719470769269336e+01 1.118724154130993220e+01 1.119853046940093044e+01 1.111973551310920527e+01 2.246346583642931094e+01 9.950359542061434581e+00 2.240400776378604419e+01 8.970863284462913256e+00 5.847120022344840073e+00 6.093832881403841384e+00 3.899999999999999911e+00 3.200000000000000178e+00 0.000000000000000000e+00
3.615252969298966779e+00 3.805965533084322061e+00 3.555494495643692687e+00 3.595645683098140033e+00 0.000000000000000000e+00 0.000000000000000000e+00 0.000000000000000000e+00 0.000000000000000000e+00 0.000000000000000000e+00 0.000000000000000000e+00 0.000000000000000000e+00 0.000000000000000000e+00 6.718105850943328683e+00 1.109813696905407454e+01 1.113206889066992566e+01 1.120639270213066041e+01 1.115319871845495925e+01 1.115878024626296217e+01 1.118031652707152190e+01 1.118075594233412851e+01 1.107742005078766212e+01 2.262798874209756406e+01 9.954027572676846347e+00 2.231861268762411754e+01 8.988068508574814430e+00 5.811989243279580108e+00 6.172616547653723806e+00 3.899999999999999911e+00 3.200000000000000178e+00 0.000000000000000000e+00
3.618798109798820217e+00 3.799006811001275796e+00 3.604598786396242094e+00 3.584823510053070539e+00 0.000000000000000000e+00 0.000000000000000000e+00 0.000000000000000000e+00 0.000000000000000000e+00 0.000000000000000000e+00 0.000000000000000000e+00 0.000000000000000000e+00 0.000000000000000000e+00 6.663725559686125344e+00 1.114184570016827003e+01 1.109379193222987681e+01 1.121089709019440050e+01 1.115628184154649816e+01 1.113477118720931003e+01 1.120401042275899250e+01 1.119025290370045056e+01 1.105989833804706279e+01 2.259426662448909440e+01 9.965081343594228258e+00 2.233960707620378017e+01 8.947408417356909283e+00 5.800887662185755467e+00 6.258410266467075544e+00 3.899999999999999911e+00 3.200000000000000178e+00 0.000000000000000000e+00
3.620525179114366221e+00 3.730047223831200576e+00 3.608177173747781907e+00 3.614234400583137052e+00 0.000000000000000000e+00 0.000000000000000000e+00 0.000000000000000000e+00 0.000000000000000000e+00 0.000000000000000000e+00 0.000000000000000000e+00 0.000000000000000000e+00 0.000000000000000000e+00 6.642778500369413308e+00 1.107993759223449537e+01 1.113659661464605932e+01 1.121978708419958259e+01 1.112414989394030940e+01 1.118063271351963728e+01 1.115677740704306942e+01 1.118789422597161298e+01 1.110479987405182278e+01 2.251660231175510063e+01 1.000635721782073873e+01 2.232837466865468556e+01 8.986912770069093170e+00 5.835225258526012482e+00 6.243435505520292139e+00 3.899999999999999911e+00 3.200000000000000178e+00 0.000000000000000000e+00
3.657512891948961897e+00 3.729235771570802438e+00 3.595991025138825403e+00 3.586940909408736111e+00 0.000000000000000000e+00 0.000000000000000000e+00 0.000000000000000000e+00 0.000000000000000000e+00 0.000000000000000000e+00 0.000000000000000000e+00 0.000000000000000000e+00 0.000000000000000000e+00 6.702489809778244378e+00 1.110407928143383316e+01 1.110797467334111843e+01 1.122160788060341652e+01 1.113562815053890809e+01 1.116922376570706099e+01 1.115387537485525016e+01 1.118722986964806410e+01 1.110470727741216379e+01 2.246869731558673067e+01 1.007141154436167696e+01 2.229594601386563113e+01 8.972959964758716822e+00 5.859059686025361202e+00 6.153553994885309741e+00 3.899999999999999911e+00 3.200000000000000178e+00 0.000000000000000000e+00
3.703252049472214313e+00 3.727451870307204818e+00 3.648477820756215628e+00 3.595777566570014017e+00 0.000000000000000000e+00 0.000000000000000000e+00 0.000000000000000000e+00 0.000000000000000000e+00 0.000000000000000000e+00 0.000000000000000000e+00 0.000000000000000000e+00 0.000000000000000000e+00 6.663483419804441255e+00 1.110175250036123273e+01 1.113297746075236283e+01 1.118467913175371997e+01 1.117777841589598253e+01 1.114060534065807495e+01 1.121431208787515921e+01 1.115530512678631681e+01 1.110531295484156367e+01 2.249815683524656151e+01 9.948410050480676503e+00 2.236279229129108970e+01 8.963394639115202622e+00 5.827109172760957634e+00 6.084311710894201752e+00 3.899999999999999911e+00 3.200000000000000178e+00 0.000000000000000000e+00
3.711816203554489935e+00 3.780303348560244636e+00 3.542790409901210857e+00 3.576590852059283510e+00 0.000000000000000000e+00 0.000000000000000000e+00 0.000000000000000000e+00 0.000000000000000000e+00 0.000000000000000000e+00 0.000000000000000000e+00 0.000000000000000000e+00 0.000000000000000000e+00 6.693529746403529046e+00 1.107291577849323971e+01 1.113032194732492464e+01 1.118963676464836254e+01 1.118268421364483167e+01 1.114615217583211759e+01 1.115971326226569715e+01 1.120413113766708157e+01 1.110462618700328186e+01 2.257781246728455926e+01 1.000020290436081716e+01 2.231479667129654487e+01 8.972092997807935788e+00 5.854001944914994482e+00 6.017881625125916401e+00 3.899999999999999911e+00 3.200000000000000178e+00 0.000000000000000000e+00
3.764587789641075766e+00 3.825259593906276123e+00 3.601663141600832674e+00 3.607419562497264032e+00 0.000000000000000000e+00 0.000000000000000000e+00 0.000000000000000000e+00 0.000000000000000000e+00 0.000000000000000000e+00 0.000000000000000000e+00 0.000000000000000000e+00 0.000000000000000000e+00 6.669049475818511930e+00 1.108141666638691269e+01 1.115550044763869231e+01 1.115322746624732098e+01 1.120870972824870826e+01 1.111184743556196430e+01 1.121776066717253606e+01 1.114227738927388067e+01 1.112115352288957304e+01 2.255778923704097139e+01 9.902405120199604838e+00 2.233323378130405956e+01 8.971821168153471859e+00 5.813872636848269160e+00 6.031216567701527254e+00 3.899999999999999911e+00 3.200000000000000178e+00 0.000000000000000000e+00
3.654332403397833051e+00 3.745460428377854534e+00 3.600927482374224109e+00 3.592041996131313475e+00 0.000000000000000000e+00 0.000000000000000000e+00 0.000000000000000000e+00 0.000000000000000000e+00 0.000000000000000000e+00 0.000000000000000000e+00 0.000000000000000000e+00 0.000000000000000000e+00 6.733496099862485096e+00 1.107419054585570350e+01 1.114470218906678589e+01 1.121201891672014384e+01 1.115401444845469037e+01 1.114718965244625970e+01 1.119330449837082853e+01 1.116473276425349326e+01 1.106937399484656304e+01 2.269560890973449219e+01 9.976324836815214425e+00 2.234989643101076595e+01 8.950612023863875777e+00 5.813784645550535757e+00 6.221409973306087693e+00 3.899999999999999911e+00 3.200000000000000178e+00 0.000000000000000000e+00
3.630916541706986411e+00 3.737342750252921508e+00 3.618742672389477111e+00 3.597180784961568900e+00 0.000000000000000000e+00 0.000000000000000000e+00 0.000000000000000000e+00 0.000000000000000000e+00 0.000000000000000000e+00 0.000000000000000000e+00 0.000000000000000000e+00 0.000000000000000000e+00 6.758057534835097968e+00 1.109463521309493750e+01 1.115345770034333484e+01 1.116820105662888984e+01 1.116274576676227070e+01 1.114287900739318715e+01 1.121449553392300302e+01 1.116751795115733614e+01 1.109132733637809665e+01 2.254171327371026123e+01 9.994197015850444288e+00 2.236891110310368802e+01 8.989206982543990421e+00 5.762949818298864990e+00 6.357084931035307029e+00 3.899999999999999911e+00 3.200000000000000178e+00 0.000000000000000000e+00
3.583441060116860033e+00 3.742981850853824177e+00 3.631844537824517438e+00 3.610992937856377427e+00 0.000000000000000000e+00 0.000000000000000000e+00 0.000000000000000000e+00 0.000000000000000000e+00 0.000000000000000000e+00 0.000000000000000000e+00 0.000000000000000000e+00 0.000000000000000000e+00 6.752569979951408286e+00 1.107981901984276618e+01 1.113686369317960079e+01 1.118055365465000506e+01 1.120562089243930259e+01 1.111678538465105781e+01 1.120082180395683480e+01 1.117954736143693317e+01 1.108328378814481141e+01 2.261298634966161103e+01 9.846221390557591491e+00 2.238612225858321025e+01 8.979912875475212886e+00 5.841567821157918949e+00 6.165272066411549012e+00 3.899999999999999911e+00 3.200000000000000178e+00 0.000000000000000000e+00
3.648742540423238978e+00 3.745986401037946667e+00 3.625295343736754994e+00 3.616426533730233928e+00 0.000000000000000000e+00 0.000000000000000000e+00 0.000000000000000000e+00 0.000000000000000000e+00 0.000000000000000000e+00 0.000000000000000000e+00 0.000000000000000000e+00 0.000000000000000000e+00 6.659651165890520197e+00 1.110730849762518346e+01 1.114030747669105104e+01 1.122791642578298621e+01 1.113413579906213435e+01 1.116265193172203318e+01 1.115669546960245029e+01 1.120297801492284329e+01 1.106843186033380100e+01 2.269411857747080674e+01 9.663967013099540537e+00 2.242233648576829808e+01 8.924715620150118767e+00 5.864266712039982288e+00 6.078631914181944040e+00 3.899999999999999911e+00 3.200000000000000178e+00 0.000000000000000000e+00
3.699894308811570109e+00 3.693965123510579929e+00 3.579195974455673834e+00 3.611165310710202192e+00 0.000000000000000000e+00 0.000000000000000000e+00 0.000000000000000000e+00 0.000000000000000000e+00 0.000000000000000000e+00 0.000000000000000000e+00 0.000000000000000000e+00 0.000000000000000000e+00 6.641031338678187623e+00 1.111402281173250906e+01 1.113783034888228052e+01 1.120184906461652474e+01 1.118825321823076635e+01 1.113601098188213356e+01 1.117078149488211203e+01 1.119323134872623982e+01 1.107338020891904407e+01 2.266137462886478460e+01 9.655755631332183953e+00 2.242844523199156725e+01 8.992337832425832289e+00 5.812667240633549781e+00 6.165923329510217599e+00 3.899999999999999911e+00 3.200000000000000178e+00 0.000000000000000000e+00
3.595519070417134699e+00 3.714772357105815992e+00 3.624629033685051738e+00 3.651750071022151101e+00 0.000000000000000000e+00 0.000000000000000000e+00 0.000000000000000000e+00 0.000000000000000000e+00 0.000000000000000000e+00 0.000000000000000000e+00 0.000000000000000000e+00 0.000000000000000000e+00 6.718938237912082556e+00 1.106721593437993789e+01 1.114992640356213727e+01 1.120735264062275327e+01 1.118259773513658928e+01 1.113935195591857763e+01 1.116184319008086767e+01 1.118561462784115967e+01 1.112219818588478581e+01 2.254148459243279845e+01 9.958207633489333688e+00 2.236032324621150380e+01 8.975577788223512599e+00 5.799586322669327387e+00 6.314958095973792318e+00 3.899999999999999911e+00 3.200000000000000178e+00 0.000000000000000000e+00
3.669296761626881231e+00 3.755766441273543421e+00 3.568913001135743723e+00 3.607502029919015918e+00 0.000000000000000000e+00 0.000000000000000000e+00 0.000000000000000000e+00 0.000000000000000000e+00 0.000000000000000000e+00 0.000000000000000000e+00 0.000000000000000000e+00 0.000000000000000000e+00 6.747421914579023294e+00 1.113328696572902921e+01 1.112130813343978986e+01 1.118792549329814712e+01 1.119525548608990917e+01 1.112679320640662617e+01 1.116240083006939265e+01 1.121729758277129108e+01 1.107705373689735495e+01 2.249051590449065330e+01 1.003462991421291761e+01 2.237375357794888941e+01 8.987928140843809643e+00 5.848694674290231710e+00 6.176080825710939415e+00 3.899999999999999911e+00 3.200000000000000178e+00 0.000000000000000000e+00
3.639664357134943184e+00 3.771621353579147407e+00 3.592570932306937248e+00 3.598128606024213916e+00 0.000000000000000000e+00 0.000000000000000000e+00 0.000000000000000000e+00 0.000000000000000000e+00 0.000000000000000000e+00 0.000000000000000000e+00 0.000000000000000000e+00 0.000000000000000000e+00 6.768366635425985045e+00 1.110980885325138345e+01 1.114249877066674266e+01 1.118080360071219026e+01 1.119227814562566437e+01 1.113259509508884193e+01 1.118478611539167211e+01 1.119706091713182694e+01 1.105424305154508602e+01 2.262197611682169907e+01 9.901334606218934908e+00 2.237776884312328463e+01 8.884648253471851831e+00 5.868007236670445437e+00 6.009485591718368269e+00 3.899999999999999911e+00 3.200000000000000178e+00 0.000000000000000000e+00
3.801814501171866922e+00 3.766843112767208623e+00 3.567857621993696604e+00 3.605081651738359483e+00 0.000000000000000000e+00 0.000000000000000000e+00 0.000000000000000000e+00 0.000000000000000000e+00 0.000000000000000000e+00 0.000000000000000000e+00 0.000000000000000000e+00 0.000000000000000000e+00 6.681074060496501765e+00 1.109136521397430641e+01 1.114678654001241398e+01 1.116479454055409803e+01 1.118351775938286075e+01 1.113423700873388000e+01 1.120067365365742162e+01 1.116484940140653315e+01 1.112515273706336139e+01 2.254842779471267988e+01 1.006099014808343917e+01 2.232415094925111276e+01 9.003826664332450491e+00 5.808484402472197772e+00 6.114196169455113683e+00 3.899999999999999911e+00 3.200000000000000178e+00 0.000000000000000000e+00
3.624333696346738076e+00 3.735363662910222704e+00 3.618706073897435260e+00 3.603293536108631123e+00 0.000000000000000000e+00 0.000000000000000000e+00 0.000000000000000000e+00 0.000000000000000000e+00 0.000000000000000000e+00 0.000000000000000000e+00 0.000000000000000000e+00 0.000000000000000000e+00 6.690566104086999921e+00 1.109409149800404570e+01 1.114220485123915161e+01 1.117511804779169893e+01 1.117709310878220030e+01 1.113375701180783217e+01 1.119163131299583824e+01 1.117429175350615722e+01 1.110962741428449974e+01 2.251636035701298866e+01 1.000477304644588195e+01 2.235051013285804444e+01 8.966720055203809991e+00 5.829866297711844503e+00 6.144978368180079364e+00 3.899999999999999911e+00 3.200000000000000178e+00 0.000000000000000000e+00
3.668133991104700620e+00 3.803601662277154460e+00 3.639505241272789515e+00 3.605581423740630509e+00 0.000000000000000000e+00 0.000000000000000000e+00 0.000000000000000000e+00 0.000000000000000000e+00 0.000000000000000000e+00 0.000000000000000000e+00 0.000000000000000000e+00 0.000000000000000000e+00 6.769868734148337452e+00 1.114247259266656265e+01 1.110757646640747076e+01 1.121668348982937147e+01 1.116072341692476044e+01 1.114612880413938711e+01 1.118859546878917577e+01 1.116985630046109534e+01 1.110918401666132915e+01 2.239462952163983189e+01 1.005992400358130112e+01 2.234874061181412230e+01 8.972885956603736446e+00 5.806809467127155067e+00 6.161286710962110114e+00 3.899999999999999911e+00 3.200000000000000178e+00 0.000000000000000000e+00
3.700838683954306596e+00 3.791490501305539773e+00 3.574522478593910257e+00 3.586648551787980921e+00 0.000000000000000000e+00 0.000000000000000000e+00 0.000000000000000000e+00 0.000000000000000000e+00 0.000000000000000000e+00 0.000000000000000000e+00 0.000000000000000000e+00 0.000000000000000000e+00 6.684326785309710139e+00 1.109077220697626487e+01 1.113499972163218565e+01 1.119825224425297350e+01 1.118037820078701650e+01 1.113203907786208013e+01 1.120025305504132973e+01 1.118308092794555897e+01 1.108614497905841745e+01 2.262243289832208148e+01 1.009438708847592103e+01 2.232804851397856538e+01 9.008013288142681319e+00 5.787995099897813134e+00 6.191494183581961686e+00 3.899999999999999911e+00 3.200000000000000178e+00 0.000000000000000000e+00
3.669786648159186981e+00 3.683129306250785717e+00 3.624625873272349530e+00 3.586882682826869839e+00 0.000000000000000000e+00 0.000000000000000000e+00 0.000000000000000000e+00 0.000000000000000000e+00 0.000000000000000000e+00 0.000000000000000000e+00 0.000000000000000000e+00 0.000000000000000000e+00 6.739529178599263481e+00 1.108023504117550218e+01 1.114362410186368457e+01 1.119159310745244795e+01 1.117774872961669175e+01 1.113267857369064018e+01 1.119506251600072488e+01 1.117966711630670318e+01 1.109552345275265139e+01 2.252764331038967072e+01 1.004047842405969604e+01 2.234357418049140165e+01 9.002724532510788080e+00 5.809525778714348831e+00 6.207073565129412884e+00 3.899999999999999911e+00 3.200000000000000178e+00 0.000000000000000000e+00
3.671513494230141728e+00 3.725898332935450696e+00 3.616431763584707859e+00 3.595778912696793395e+00 0.000000000000000000e+00 0.000000000000000000e+00 0.000000000000000000e+00 0.000000000000000000e+00 0.000000000000000000e+00 0.000000000000000000e+00 0.000000000000000000e+00 0.000000000000000000e+00 6.666389444824613264e+00 1.111302101925601882e+01 1.113775277002306119e+01 1.117237215189326882e+01 1.117289699070219378e+01 1.113655579026153752e+01 1.119383893663888152e+01 1.118548024108345906e+01 1.109076564282390898e+01 2.247713256605698362e+01 1.000765232217201017e+01 2.233306216611983075e+01 9.007810991821214586e+00 5.780208505516431394e+00 6.316504895034078082e+00 3.899999999999999911e+00 3.200000000000000178e+00 0.000000000000000000e+00
3.640399545950984805e+00 3.721448744247129348e+00 3.575742811408966215e+00 3.604921995823402892e+00 0.000000000000000000e+00 0.000000000000000000e+00 0.000000000000000000e+00 0.000000000000000000e+00 0.000000000000000000e+00 0.000000000000000000e+00 0.000000000000000000e+00 0.000000000000000000e+00 6.757289639830718286e+00 1.107491586101341063e+01 1.113654143846447120e+01 1.119823887293155096e+01 1.117309021762007859e+01 1.113770952122449387e+01 1.116010624534106732e+01 1.119921924924813617e+01 1.109462142742370361e+01 2.254241426153909700e+01 9.956748372207320230e+00 2.233373701990107207e+01 8.949327048324912326e+00 5.858030724203441508e+00 5.986573074667180805e+00 3.899999999999999911e+00 3.200000000000000178e+00 0.000000000000000000e+00
3.547542281149184795e+00 3.668680920480477781e+00 3.611919655526736328e+00 3.602474188330019533e+00 0.000000000000000000e+00 0.000000000000000000e+00 0.000000000000000000e+00 0.000000000000000000e+00 0.000000000000000000e+00 0.000000000000000000e+00 0.000000000000000000e+00 0.000000000000000000e+00 6.689573337067844960e+00 1.110977227109274246e+01 1.110065869941134942e+01 1.122967414392194740e+01 1.116237677386146743e+01 1.112481710650272149e+01 1.117058608349901228e+01 1.120027151548689481e+01 1.111897681836578577e+01 2.247793331368718484e+01 1.001170871393919803e+01 2.228927071820108097e+01 8.990663175887911862e+00 5.819741866086760140e+00 6.121061433470991631e+00 3.899999999999999911e+00 3.200000000000000178e+00 0.000000000000000000e+00
3.666962416757959531e+00 3.756262857401762023e+00 3.632496619306203378e+00 3.604984588079177321e+00 0.000000000000000000e+00 0.000000000000000000e+00 0.000000000000000000e+00 0.000000000000000000e+00 0.000000000000000000e+00 0.000000000000000000e+00 0.000000000000000000e+00 0.000000000000000000e+00 6.639534371597788365e+00 1.111559524290915846e+01 1.111158623359992959e+01 1.120569903130594902e+01 1.117928398731919337e+01 1.114437112069597902e+01 1.114516882524410057e+01 1.122219126981259762e+01 1.107177605839832246e+01 2.259830488091137113e+01 9.939657270499376196e+00 2.238505364408520748e+01 8.936656874620002355e+00 5.810462028277063595e+00 6.181250782527327736e+00 3.899999999999999911e+00 3.200000000000000178e+00 0.000000000000000000e+00
3.675603645779477624e+00 3.791654957715890450e+00 3.585707079797316510e+00 3.601637921585416624e+00 0.000000000000000000e+00 0.000000000000000000e+00 0.000000000000000000e+00 0.000000000000000000e+00 0.000000000000000000e+00 0.000000000000000000e+00 0.000000000000000000e+00 0.000000000000000000e+00 6.629412500154439947e+00 1.111629473031080906e+01 1.113345747845599831e+01 1.118200039907838494e+01 1.118864990884707389e+01 1.111250461685235891e+01 1.118904232688906042e+01 1.117342736684480364e+01 1.110914611350619374e+01 2.249379074603693240e+01 1.000559756869701289e+01 2.234409048177897716e+01 8.984972748872264603e+00 5.839443218038260497e+00 6.213069782973678734e+00 3.899999999999999911e+00 3.200000000000000178e+00 0.000000000000000000e+00
3.702184137462985802e+00 3.779793272991073927e+00 3.596420062575027110e+00 3.593478123363426757e+00 0.000000000000000000e+00 0.000000000000000000e+00 0.000000000000000000e+00 0.000000000000000000e+00 0.000000000000000000e+00 0.000000000000000000e+00 0.000000000000000000e+00 0.000000000000000000e+00 6.687142194627043068e+00 1.106548554992976818e+01 1.114978972739150898e+01 1.118658555018390821e+01 1.119406838331722120e+01 1.114432843494850367e+01 1.116784128748520111e+01 1.118096990274141334e+01 1.110285938900488567e+01 2.264360060627227966e+01 9.991756493278458606e+00 2.237582974781889789e+01 8.954866075543742809e+00 5.816222389734745590e+00 6.255049172636449661e+00 3.899999999999999911e+00 3.200000000000000178e+00 0.000000000000000000e+00
3.613302065534530705e+00 3.697581700832793139e+00 3.578880341327094428e+00 3.593411577190170902e+00 0.000000000000000000e+00 0.000000000000000000e+00 0.000000000000000000e+00 0.000000000000000000e+00 0.000000000000000000e+00 0.000000000000000000e+00 0.000000000000000000e+00 0.000000000000000000e+00 6.662533308205738969e+00 1.110633850100728282e+01 1.110659041003886394e+01 1.123807726038201160e+01 1.113587179411328520e+01 1.117786621745249498e+01 1.116258458535006426e+01 1.117082946837825830e+01 1.111343647161444359e+01 2.267466966516630222e+01 1.003490128443544904e+01 2.234690768590161269e+01 8.927322770322822620e+00 5.787216362324312691e+00 6.207468235447940685e+00 3.899999999999999911e+00 3.200000000000000178e+00 0.000000000000000000e+00
3.752476436020145023e+00 3.714412290983602816e+00 3.596437827477694249e+00 3.608458983528045838e+00 0.000000000000000000e+00 0.000000000000000000e+00 0.000000000000000000e+00 0.000000000000000000e+00 0.000000000000000000e+00 0.000000000000000000e+00 0.000000000000000000e+00 0.000000000000000000e+00 6.656630664115053442e+00 1.106914853597839787e+01 1.114727908284945102e+01 1.119878503737951903e+01 1.116132870371942154e+01 1.114687170554933537e+01 1.118097232657083140e+01 1.116648116044573591e+01 1.113378407645292434e+01 2.255208615041341957e+01 9.903341526706817888e+00 2.236806708436578006e+01 9.000684336321800316e+00 5.777825500593425367e+00 6.317375633718276262e+00 3.899999999999999911e+00 3.200000000000000178e+00 0.000000000000000000e+00
3.683847452065240891e+00 3.718686740112327804e+00 3.631699639480713060e+00 3.603875907505867282e+00 0.000000000000000000e+00 0.000000000000000000e+00 0.000000000000000000e+00 0.000000000000000000e+00 0.000000000000000000e+00 0.000000000000000000e+00 0.000000000000000000e+00 0.000000000000000000e+00 6.713700780202978002e+00 1.108109230995212791e+01 1.111866634727290482e+01 1.118866177528230388e+01 1.120712588874808979e+01 1.109741608863758522e+01 1.120169848210680463e+01 1.117888330830861854e+01 1.109480738904207087e+01 2.273903514658631053e+01 9.964383077797000610e+00 2.237333932017357441e+01 8.941808580938056750e+00 5.870472519860964411e+00 6.100577012687570466e+00 3.899999999999999911e+00 3.200000000000000178e+00 0.000000000000000000e+00
3.720339695716653239e+00 3.789113150286664844e+00 3.573500491883780494e+00 3.612247828913636383e+00 0.000000000000000000e+00 0.000000000000000000e+00 0.000000000000000000e+00 0.000000000000000000e+00 0.000000000000000000e+00 0.000000000000000000e+00 0.000000000000000000e+00 0.000000000000000000e+00 6.661700618102016414e+00 1.107594322339814319e+01 1.111730236540300787e+01 1.121330716737338662e+01 1.118392101962471585e+01 1.110873643042368997e+01 1.120541025619084330e+01 1.116205206238334924e+01 1.111448829948912476e+01 2.251420331913833550e+01 9.978643399621605070e+00 2.230733260475757262e+01 8.991312821145132972e+00 5.721613808155448844e+00 6.482016409281957436e+00 3.899999999999999911e+00 3.200000000000000178e+00 0.000000000000000000e+00
3.624254860284163549e+00 3.699012561217466910e+00 3.565416644887056563e+00 3.588458464113677415e+00 0.000000000000000000e+00 0.000000000000000000e+00 0.000000000000000000e+00 0.000000000000000000e+00 0.000000000000000000e+00 0.000000000000000000e+00 0.000000000000000000e+00 0.000000000000000000e+00 6.677480178929665833e+00 1.107084444402707568e+01 1.115169740796480191e+01 1.116981446629495345e+01 1.119498194937437141e+01 1.111956758015250912e+01 1.121023979399024739e+01 1.117072877705982492e+01 1.109524898601789999e+01 2.258893301591726654e+01 9.828305330889646640e+00 2.239948548055321353e+01 8.979310619143918260e+00 5.845075960464463094e+00 6.072914232740297180e+00 3.899999999999999911e+00 3.200000000000000178e+00 0.000000000000000000e+00
3.657633525270352237e+00 3.728007741664092656e+00 3.611759980843848528e+00 3.624688012034419593e+00 0.000000000000000000e+00 0.000000000000000000e+00 0.000000000000000000e+00 0.000000000000000000e+00 0.000000000000000000e+00 0.000000000000000000e+00 0.000000000000000000e+00 0.000000000000000000e+00 6.726451091646094227e+00 1.111185962435436281e+01 1.113184441425310212e+01 1.117768455185461107e+01 1.120037349977959806e+01 1.113041765377857573e+01 1.115949235337070888e+01 1.119403684786702868e+01 1.109934617049094996e+01 2.254513693785063921e+01 9.948667056765271965e+00 2.231038133008493674e+01 8.989729049784765280e+00 5.814064820168254322e+00 6.322115259369564200e+00 3.899999999999999911e+00 3.200000000000000178e+00 0.000000000000000000e+00
3.634750993543475861e+00 3.780529166546689801e+00 3.605894636158486932e+00 3.564079179048660784e+00 0.000000000000000000e+00 0.000000000000000000e+00 0.000000000000000000e+00 0.000000000000000000e+00 0.000000000000000000e+00 0.000000000000000000e+00 0.000000000000000000e+00 0.000000000000000000e+00 6.699619836166728959e+00 1.107093627007991010e+01 1.115200522260690796e+01 1.116995862512167115e+01 1.119669307232786970e+01 1.112862231258513113e+01 1.120568451916722275e+01 1.117498832885313753e+01 1.108854948903941562e+01 2.258638004384735964e+01 9.752600869173228659e+00 2.239475670093785453e+01 8.966656296004355653e+00 5.810598290414856315e+00 6.252697170553713768e+00 3.899999999999999911e+00 3.200000000000000178e+00 0.000000000000000000e+00
3.621004842307380400e+00 3.727664772925624259e+00 3.656267565439359490e+00 3.613886566702287695e+00 0.000000000000000000e+00 0.000000000000000000e+00 0.000000000000000000e+00 0.000000000000000000e+00 0.000000000000000000e+00 0.000000000000000000e+00 0.000000000000000000e+00 0.000000000000000000e+00 6.696736741141612548e+00 1.111225095138705932e+01 1.112044572292405853e+01 1.120482812472247147e+01 1.116756934468354423e+01 1.113152871661407239e+01 1.120099107837653207e+01 1.116256763681929876e+01 1.109350601595747499e+01 2.259907330738277409e+01 1.003932441504358231e+01 2.234101384837910231e+01 8.947678030641862179e+00 5.841891065421553009e+00 6.052325742113234597e+00 3.899999999999999911e+00 3.200000000000000178e+00 0.000000000000000000e+00
3.630627547145550249e+00 3.758295197555012290e+00 3.567035420624864450e+00 3.587400572111911767e+00 0.000000000000000000e+00 0.000000000000000000e+00 0.000000000000000000e+00 0.000000000000000000e+00 0.000000000000000000e+00 0.000000000000000000e+00 0.000000000000000000e+00 0.000000000000000000e+00 6.630343405987690453e+00 1.108215739332334770e+01 1.114314666033573076e+01 1.118387483309941643e+01 1.117509289540620365e+01 1.112178185233062955e+01 1.121572721629592451e+01 1.115065590569986931e+01 1.111547670403929899e+01 2.251758645472453679e+01 1.000577149500532492e+01 2.233283981429331888e+01 9.001506377953589322e+00 5.824875351982205629e+00 6.080497358257053619e+00 3.899999999999999911e+00 3.200000000000000178e+00 0.000000000000000000e+00
3.643688606471209734e+00 3.773009782797841272e+00 3.601837589937661566e+00 3.587364010252799940e+00 0.000000000000000000e+00 0.000000000000000000e+00 0.000000000000000000e+00 0.000000000000000000e+00 0.000000000000000000e+00 0.000000000000000000e+00 0.000000000000000000e+00 0.000000000000000000e+00 6.670223993903290349e+00 1.114950784941104800e+01 1.109790591551489669e+01 1.121169574477096553e+01 1.116504565013639727e+01 1.114611934596648091e+01 1.116435021004577521e+01 1.118159223813823466e+01 1.110950153866520296e+01 2.260056478359758358e+01 9.945526008801593321e+00 2.233427931033790159e+01 8.952762849593367989e+00 5.868972998404634822e+00 6.051027899846076252e+00 3.899999999999999911e+00 3.200000000000000178e+00 0.000000000000000000e+00
3.622623285037416707e+00 3.775157253300715166e+00 3.626141053528025182e+00 3.613990989187863878e+00 0.000000000000000000e+00 0.000000000000000000e+00 0.000000000000000000e+00 0.000000000000000000e+00 0.000000000000000000e+00 0.000000000000000000e+00 0.000000000000000000e+00 0.000000000000000000e+00 6.663204513981677124e+00 1.110250445979307443e+01 1.116468258362562693e+01 1.117641555551361954e+01 1.117080917708865506e+01 1.112374621730383950e+01 1.122336369441138260e+01 1.114815554157667954e+01 1.110880114341472336e+01 2.258184068235806308e+01 1.001553842558518248e+01 2.233998000220155689e+01 8.990272407499105611e+00 5.766450994656652895e+00 6.284575605744352700e+00 3.899999999999999911e+00 3.200000000000000178e+00 0.000000000000000000e+00
3.658858192531682541e+00 3.783284408850881242e+00 3.611592014440973220e+00 3.591512002263114400e+00 0.000000000000000000e+00 0.000000000000000000e+00 0.000000000000000000e+00 0.000000000000000000e+00 0.000000000000000000e+00 0.000000000000000000e+00 0.000000000000000000e+00 0.000000000000000000e+00 6.685210228868021076e+00 1.109929543093684323e+01 1.112108701610213579e+01 1.121041115528187326e+01 1.116089106790228769e+01 1.114671911872740928e+01 1.119944287491096446e+01 1.112528506242485804e+01 1.113944280398253994e+01 2.249571810394663629e+01 1.012915626814458925e+01 2.227484076562527804e+01 9.048967686578929914e+00 5.852244117160962489e+00 5.873432464438309353e+00 3.899999999999999911e+00 3.200000000000000178e+00 0.000000000000000000e+00
3.700015357900411139e+00 3.692169727134944068e+00 3.654313512070567427e+00 3.625716305083825475e+00 0.000000000000000000e+00 0.000000000000000000e+00 0.000000000000000000e+00 0.000000000000000000e+00 0.000000000000000000e+00 0.000000000000000000e+00 0.000000000000000000e+00 0.000000000000000000e+00 6.664516352206814709e+00 1.110597178769718596e+01 1.113026758578615905e+01 1.117564541296897396e+01 1.119682651424431441e+01 1.112481366808244410e+01 1.118680811662969177e+01 1.117285705842140686e+01 1.110913273592202799e+01 2.247226575309737839e+01 9.999198823593104635e+00 2.228666149636148575e+01 9.042726397053449716e+00 5.846366519278983098e+00 5.865973648189860334e+00 3.899999999999999911e+00 3.200000000000000178e+00 0.000000000000000000e+00
3.614721573438752333e+00 3.682809604727044661e+00 3.614633614958757679e+00 3.582031220798465032e+00 0.000000000000000000e+00 0.000000000000000000e+00 0.000000000000000000e+00 0.000000000000000000e+00 0.000000000000000000e+00 0.000000000000000000e+00 0.000000000000000000e+00 0.000000000000000000e+00 6.722070509880633260e+00 1.105757254430882952e+01 1.117945229555441600e+01 1.117833267165193512e+01 1.116562758363502006e+01 1.112791476825455028e+01 1.124254198102109470e+01 1.112461203181853620e+01 1.113398114363446822e+01 2.240054584166515639e+01 1.001712547139960208e+01 2.237283481656630002e+01 8.954137892514030028e+00 5.883422970314670764e+00 6.007080364050888299e+00 3.899999999999999911e+00 3.200000000000000178e+00 0.000000000000000000e+00
3.633757261547541528e+00 3.703876810342295656e+00 3.628777973537069546e+00 3.618529236548826411e+00 0.000000000000000000e+00 0.000000000000000000e+00 0.000000000000000000e+00 0.000000000000000000e+00 0.000000000000000000e+00 0.000000000000000000e+00 0.000000000000000000e+00 0.000000000000000000e+00 6.708956956136244543e+00 1.115358303473575141e+01 1.110043304863928704e+01 1.120633529788903537e+01 1.120398897388535708e+01 1.111751223548495027e+01 1.115406550551689513e+01 1.119339287326931576e+01 1.112416678365616463e+01 2.242174906203463536e+01 1.009941279825734206e+01 2.230937544452647714e+01 8.989180259860978239e+00 5.873250536130756316e+00 6.055666978441546888e+00 3.899999999999999911e+00 3.200000000000000178e+00 0.000000000000000000e+00
3.795310112290117388e+00 3.662114871088590906e+00 3.605339343322739420e+00 3.555023451631636799e+00 0.000000000000000000e+00 0.000000000000000000e+00 0.000000000000000000e+00 0.000000000000000000e+00 0.000000000000000000e+00 0.000000000000000000e+00 0.000000000000000000e+00 0.000000000000000000e+00 6.693868023374963450e+00 1.109351327428068501e+01 1.112473480680701243e+01 1.118903718522155799e+01 1.117928392455614883e+01 1.114823283165274503e+01 1.117033060441085546e+01 1.118777136546460405e+01 1.110110737799786662e+01 2.250482635175904989e+01 9.896879555289837427e+00 2.235046655276804017e+01 8.981585466440916932e+00 5.852549169608285418e+00 6.112738955479595226e+00 3.899999999999999911e+00 3.200000000000000178e+00 0.000000000000000000e+00
3.665544526438307749e+00 3.741632325243695156e+00 3.593256502885669779e+00 3.569971265703555385e+00 0.000000000000000000e+00 0.000000000000000000e+00 0.000000000000000000e+00 0.000000000000000000e+00 0.000000000000000000e+00 0.000000000000000000e+00 0.000000000000000000e+00 0.000000000000000000e+00 6.734293409784979367e+00 1.108286028646487686e+01 1.116139935368415337e+01 1.117717465402379950e+01 1.114346304062271997e+01 1.116340970820125378e+01 1.119787786547452590e+01 1.117014965574149166e+01 1.108828648139807882e+01 2.256898067432757671e+01 9.930913291424269929e+00 2.233395688841513405e+01 8.970051509321219640e+00 5.825756310885430445e+00 6.131107715850530937e+00 3.899999999999999911e+00 3.200000000000000178e+00 0.000000000000000000e+00
3.722671570814272801e+00 3.730899518634724021e+00 3.617275789791641216e+00 3.587827706057384880e+00 0.000000000000000000e+00 0.000000000000000000e+00 0.000000000000000000e+00 0.000000000000000000e+00 0.000000000000000000e+00 0.000000000000000000e+00 0.000000000000000000e+00 0.000000000000000000e+00 6.677336904352441316e+00 1.111299257004718477e+01 1.111341959785271172e+01 1.119821054187467269e+01 1.117691268936789051e+01 1.113136867149106202e+01 1.118945044015261736e+01 1.117878171978596136e+01 1.110404892397746046e+01 2.246463004275335607e+01 9.935975336434550442e+00 2.236329251332517387e+01 8.996450200843662870e+00 5.788707303726599918e+00 6.350600679154997152e+00 3.899999999999999911e+00 3.200000000000000178e+00 0.000000000000000000e+00
3.598732995136823209e+00 3.666225745187144724e+00 3.639175760864425957e+00 3.626815971886642398e+00 0.000000000000000000e+00 0.000000000000000000e+00 0.000000000000000000e+00 0.000000000000000000e+00 0.000000000000000000e+00 0.000000000000000000e+00 0.000000000000000000e+00 0.000000000000000000e+00 6.630256752691928490e+00 1.110663889371083535e+01 1.111514700563962776e+01 1.124044364836317733e+01 1.115299097534165007e+01 1.114547142525309908e+01 1.118802673715614482e+01 1.116182224492571962e+01 1.111035606367151729e+01 2.246409273980427557e+01 1.002609452611348395e+01 2.236898187361614987e+01 9.000297748174221013e+00 5.819576651830012715e+00 6.281465397383986016e+00 3.899999999999999911e+00 3.200000000000000178e+00 0.000000000000000000e+00
3.681845300354276596e+00 3.727788989654855722e+00 3.564013894232282098e+00 3.572285664114714709e+00 0.000000000000000000e+00 0.000000000000000000e+00 0.000000000000000000e+00 0.000000000000000000e+00 0.000000000000000000e+00 0.000000000000000000e+00 0.000000000000000000e+00 0.000000000000000000e+00 6.650394225119956815e+00 1.114565145064261564e+01 1.108315592379436154e+01 1.122817775895103054e+01 1.119087360092808048e+01 1.115039335523045061e+01 1.114354565534698693e+01 1.121378388098626822e+01 1.108028486185089356e+01 2.260695881670520180e+01 9.992574922316554975e+00 2.236727466442329515e+01 8.951245241641034411e+00 5.763139756463497854e+00 6.150751174363034757e+00 3.899999999999999911e+00 3.200000000000000178e+00 0.000000000000000000e+00
3.728564698253832077e+00 3.620638528884659646e+00 3.593175320287842034e+00 3.590649008303281597e+00 0.000000000000000000e+00 0.000000000000000000e+00 0.000000000000000000e+00 0.000000000000000000e+00 0.000000000000000000e+00 0.000000000000000000e+00 0.000000000000000000e+00 0.000000000000000000e+00 6.685124658197143965e+00 1.110984859941757641e+01 1.113305577490607767e+01 1.119869254481147358e+01 1.119187779682051520e+01 1.114093560017050777e+01 1.117590689226865663e+01 1.116217761510700335e+01 1.111841380496538001e+01 2.246715362617409895e+01 1.006471091186203282e+01 2.232948561234216456e+01 8.974373087941035720e+00 5.832310253162841462e+00 6.062829219375077017e+00 3.899999999999999911e+00 3.200000000000000178e+00 0.000000000000000000e+00
3.619298396149704722e+00 3.666023914048002208e+00 3.618331023935994484e+00 3.618221469735643847e+00 0.000000000000000000e+00 0.000000000000000000e+00 0.000000000000000000e+00 0.000000000000000000e+00 0.000000000000000000e+00 0.000000000000000000e+00 0.000000000000000000e+00 0.000000000000000000e+00 6.699515297907874256e+00 1.112788157844772208e+01 1.111406926492422187e+01 1.120226464320315074e+01 1.117181753551581735e+01 1.114559360496159890e+01 1.117514609804035253e+01 1.118065332584675353e+01 1.108058061110590842e+01 2.254898626075759083e+01 9.860946673631410420e+00 2.236403535265013787e+01 8.954409852801029857e+00 5.805825134644873486e+00 6.202930451762685315e+00 3.899999999999999911e+00 3.200000000000000178e+00 0.000000000000000000e+00
3.672311028023948154e+00 3.753049130395042177e+00 3.616905068279883118e+00 3.603857742712738954e+00 0.000000000000000000e+00 0.000000000000000000e+00 0.000000000000000000e+00 0.000000000000000000e+00 0.000000000000000000e+00 0.000000000000000000e+00 0.000000000000000000e+00 0.000000000000000000e+00 6.695548235543325788e+00 1.109826602188508637e+01 1.114144995506143765e+01 1.116815984135337558e+01 1.119832241119262584e+01 1.112618700485698220e+01 1.117855064591625158e+01 1.118685086835775877e+01 1.109509397479334325e+01 2.255984489905631918e+01 1.003211537843585432e+01 2.233823885083725358e+01 8.998030296958386742e+00 5.780234636355369382e+00 6.276753993396045672e+00 3.899999999999999911e+00 3.200000000000000178e+00 0.000000000000000000e+00
3.588549917700069702e+00 3.717083811505576207e+00 3.619160947774607617e+00 3.598143313119143816e+00 0.000000000000000000e+00 0.000000000000000000e+00 0.000000000000000000e+00 0.000000000000000000e+00 0.000000000000000000e+00 0.000000000000000000e+00 0.000000000000000000e+00 0.000000000000000000e+00 6.759584891196007916e+00 1.110957073616679125e+01 1.115822226717304133e+01 1.115154318491590502e+01 1.120210908238788861e+01 1.112405456255058489e+01 1.119455653702843101e+01 1.117914884089647742e+01 1.108379823591813462e+01 2.254524864558598196e+01 1.017919898893451958e+01 2.229604849915839893e+01 9.013364522950499946e+00 5.810435714462910184e+00 6.104050835728553892e+00 3.899999999999999911e+00 3.200000000000000178e+00 0.000000000000000000e+00
3.632953220549377082e+00 3.794873241490387183e+00 3.581034029669205143e+00 3.592728446883770133e+00 0.000000000000000000e+00 0.000000000000000000e+00 0.000000000000000000e+00 0.000000000000000000e+00 0.000000000000000000e+00 0.000000000000000000e+00 0.000000000000000000e+00 0.000000000000000000e+00 6.645003402769702916e+00 1.111631247346352325e+01 1.113089970894258940e+01 1.119179168003842406e+01 1.118153278205597267e+01 1.113673445722437805e+01 1.118867483484465275e+01 1.116454291300110313e+01 1.110798226839750313e+01 2.262780324043562175e+01 9.938433713261623836e+00 2.234110337218212905e+01 8.961029528241120090e+00 5.880404969686065186e+00 6.011213145218691878e+00 3.899999999999999911e+00 3.200000000000000178e+00 0.000000000000000000e+00
3.620629086841719690e+00 3.726101676660798390e+00 3.587802505917833340e+00 3.583403362137667525e+00 0.000000000000000000e+00 0.000000000000000000e+00 0.000000000000000000e+00 0.000000000000000000e+00 0.000000000000000000e+00 0.000000000000000000e+00 0.000000000000000000e+00 0.000000000000000000e+00 6.699841341218113477e+00 1.112715761967695549e+01 1.112075332993804189e+01 1.120770407592591589e+01 1.113397632969567752e+01 1.115883706389260510e+01 1.120720551508188478e+01 1.114736971509558217e+01 1.111262400727885336e+01 2.259177331945728184e+01 9.854784205601202274e+00 2.234306631584917469e+01 8.971570742947273303e+00 5.839163164579806775e+00 6.265281316514351495e+00 3.899999999999999911e+00 3.200000000000000178e+00 0.000000000000000000e+00
3.657592476939111492e+00 3.687903724863293320e+00 3.592642410799832042e+00 3.603078784016435776e+00 0.000000000000000000e+00 0.000000000000000000e+00 0.000000000000000000e+00 0.000000000000000000e+00 0.000000000000000000e+00 0.000000000000000000e+00 0.000000000000000000e+00 0.000000000000000000e+00 6.678996308470522614e+00 1.110335317124536658e+01 1.112175580612043113e+01 1.121383060968878809e+01 1.115754803984406784e+01 1.114785919921220980e+01 1.116960335546332672e+01 1.120072213849759812e+01 1.108750410012878262e+01 2.255415227141049073e+01 1.011060195073526025e+01 2.234843020505611477e+01 8.981880853788704044e+00 5.810999391869165365e+00 6.222273469610850150e+00 3.899999999999999911e+00 3.200000000000000178e+00 0.000000000000000000e+00
3.666204223935094042e+00 3.815309644346326134e+00 3.605863305915996797e+00 3.591551066334357500e+00 0.000000000000000000e+00 0.000000000000000000e+00 0.000000000000000000e+00 0.000000000000000000e+00 0.000000000000000000e+00 0.000000000000000000e+00 0.000000000000000000e+00 0.000000000000000000e+00 6.704210923514747122e+00 1.114334479512909581e+01 1.111322221095469231e+01 1.120620927416111812e+01 1.117385307423846186e+01 1.113908367607120553e+01 1.119113634789691858e+01 1.116707255187078474e+01 1.110889587066327699e+01 2.250068143551274957e+01 1.004826133261454935e+01 2.234342809613347214e+01 8.968345001238882119e+00 5.801494056887003481e+00 6.180265110430333664e+00 3.899999999999999911e+00 3.200000000000000178e+00 0.000000000000000000e+00
3.699744864649167742e+00 3.781550230124825163e+00 3.640226352397425647e+00 3.595432456616294736e+00 0.000000000000000000e+00 0.000000000000000000e+00 0.000000000000000000e+00 0.000000000000000000e+00 0.000000000000000000e+00 0.000000000000000000e+00 0.000000000000000000e+00 0.000000000000000000e+00 6.700826226728109347e+00 1.105987007577000547e+01 1.115296685291554901e+01 1.116986843738144941e+01 1.120245382825972058e+01 1.112423499151502959e+01 1.117827411399801463e+01 1.121034030789650515e+01 1.109326358377592570e+01 2.253276307273276657e+01 9.997826970466485719e+00 2.233945062265405923e+01 9.031388895490318092e+00 5.783536735678282525e+00 6.007243514391996442e+00 3.899999999999999911e+00 3.200000000000000178e+00 0.000000000000000000e+00
3.774053633407842057e+00 3.686605924541740187e+00 3.615286867162566420e+00 3.593825798876419508e+00 0.000000000000000000e+00 0.000000000000000000e+00 0.000000000000000000e+00 0.000000000000000000e+00 0.000000000000000000e+00 0.000000000000000000e+00 0.000000000000000000e+00 0.000000000000000000e+00 6.642760074093877698e+00 1.116608242290624275e+01 1.107530733744493823e+01 1.127221359558669356e+01 1.110842046838699737e+01 1.117242951996454892e+01 1.120532044411468853e+01 1.117025167882385084e+01 1.108238628328915887e+01 2.264009849976898181e+01 9.774820766077452205e+00 2.243584599352478293e+01 8.928855035640486548e+00 5.804860326112653013e+00 6.175420548998732606e+00 3.899999999999999911e+00 3.200000000000000178e+00 0.000000000000000000e+00
3.660481308378628729e+00 3.724506275682340828e+00 3.590753987683606319e+00 3.572553200213445024e+00 0.000000000000000000e+00 0.000000000000000000e+00 0.000000000000000000e+00 0.000000000000000000e+00 0.000000000000000000e+00 0.000000000000000000e+00 0.000000000000000000e+00 0.000000000000000000e+00 6.670471048901950084e+00 1.109867612346175392e+01 1.115367664353682997e+01 1.117582453334193282e+01 1.117331069394601251e+01 1.115840834750615151e+01 1.118934714527832419e+01 1.116360899346540236e+01 1.109224010431251095e+01 2.265285052244476915e+01 9.872755135677262928e+00 2.239583824967922610e+01 8.946593241823940446e+00 5.820877326206804980e+00 6.202067112900953916e+00 3.899999999999999911e+00 3.200000000000000178e+00 0.000000000000000000e+00
3.754237995601038769e+00 3.714280242479479632e+00 3.614119367211003464e+00 3.600862193593383775e+00 0.000000000000000000e+00 0.000000000000000000e+00 0.000000000000000000e+00 0.000000000000000000e+00 0.000000000000000000e+00 0.000000000000000000e+00 0.000000000000000000e+00 0.000000000000000000e+00 6.744052796764473889e+00 1.110167733235156184e+01 1.113063276794614787e+01 1.120300652109183304e+01 1.116799101395058003e+01 1.115520302808548792e+01 1.116195833733710785e+01 1.117459291817774236e+01 1.108501417252880294e+01 2.264191770890239397e+01 9.953842441836153299e+00 2.233912767818474521e+01 8.974370640115216347e+00 5.809167122564847574e+00 6.230819989035682127e+00 3.899999999999999911e+00 3.200000000000000178e+00 0.000000000000000000e+00
3.654593469856045829e+00 3.677724537704369467e+00 3.601735629707300657e+00 3.606415827023456089e+00 0.000000000000000000e+00 0.000000000000000000e+00 0.000000000000000000e+00 0.000000000000000000e+00 0.000000000000000000e+00 0.000000000000000000e+00 0.000000000000000000e+00 0.000000000000000000e+00 6.657131984394104585e+00 1.106834890693190587e+01 1.113240490438494312e+01 1.119397990264802090e+01 1.117716865627379086e+01 1.111770079482823448e+01 1.120598854009378620e+01 1.116598745370180623e+01 1.112859659058794115e+01 2.265784061883563894e+01 9.900235843435650551e+00 2.238328813738105438e+01 8.970881297725551207e+00 5.852574989512987713e+00 6.127667880823913116e+00 3.899999999999999911e+00 3.200000000000000178e+00 0.000000000000000000e+00
3.553645490624625758e+00 3.732488087177110891e+00 3.623952117320541788e+00 3.590622724518048869e+00 0.000000000000000000e+00 0.000000000000000000e+00 0.000000000000000000e+00 0.000000000000000000e+00 0.000000000000000000e+00 0.000000000000000000e+00 0.000000000000000000e+00 0.000000000000000000e+00 6.650177115525603533e+00 1.109716165969683566e+01 1.113708328438443296e+01 1.116333091092648644e+01 1.121571115585159006e+01 1.111860539638413137e+01 1.118712190709154797e+01 1.117851623672401828e+01 1.109344386534182014e+01 2.254376830019720757e+01 1.008855696513049338e+01 2.230931394556613867e+01 9.016948469599784133e+00 5.790253775634267797e+00 6.173671160118016310e+00 3.899999999999999911e+00 3.200000000000000178e+00 0.000000000000000000e+00
3.726383586305009210e+00 3.745869277441869372e+00 3.577678734695714180e+00 3.607513870555745239e+00 0.000000000000000000e+00 0.000000000000000000e+00 0.000000000000000000e+00 0.000000000000000000e+00 0.000000000000000000e+00 0.000000000000000000e+00 0.000000000000000000e+00 0.000000000000000000e+00 6.745358269155290465e+00 1.107128865134900231e+01 1.115550146594222092e+01 1.117334478597982894e+01 1.121307249501886005e+01 1.110766025018569891e+01 1.120284256456015726e+01 1.115117450846431346e+01 1.112595654226501551e+01 2.252471851788792634e+01 9.952626225570131879e+00 2.238709268493099458e+01 8.921434250021874846e+00 5.833202934843073173e+00 6.446558506776382202e+00 3.899999999999999911e+00 3.200000000000000178e+00 0.000000000000000000e+00
3.716702734101831940e+00 3.660971071798641674e+00 3.617626442548482757e+00 3.598107954855740420e+00 0.000000000000000000e+00 0.000000000000000000e+00 0.000000000000000000e+00 0.000000000000000000e+00 0.000000000000000000e+00 0.000000000000000000e+00 0.000000000000000000e+00 0.000000000000000000e+00 6.712526327075693189e+00 1.112167092707081473e+01 1.113536388813358968e+01 1.118555169836006158e+01 1.117661848952127279e+01 1.111916735407345058e+01 1.124209706596499991e+01 1.113687403708381574e+01 1.109478097797650342e+01 2.256362300646619445e+01 1.008541075886937755e+01 2.231430574222244800e+01 8.979961151650325490e+00 5.812012026166594403e+00 6.192013155173643035e+00 3.899999999999999911e+00 3.200000000000000178e+00 0.000000000000000000e+00
3.658885923333110579e+00 3.732774750776671979e+00 3.608304089692378369e+00 3.597096190131613191e+00 0.000000000000000000e+00 0.000000000000000000e+00 0.000000000000000000e+00 0.000000000000000000e+00 0.000000000000000000e+00 0.000000000000000000e+00 0.000000000000000000e+00 0.000000000000000000e+00 6.688919604857543000e+00 1.107478198427954297e+01 1.115610463158798282e+01 1.116126992874391810e+01 1.118823789892455878e+01 1.114516359853825556e+01 1.118436799681050786e+01 1.119324770918938938e+01 1.110758201560444824e+01 2.247753060657494828e+01 1.003255921503223469e+01 2.231980586476318607e+01 9.003769238619282689e+00 5.803162449631759756e+00 6.282409740685283239e+00 3.899999999999999911e+00 3.200000000000000178e+00 0.000000000000000000e+00
3.763867213446560278e+00 3.695297771700128742e+00 3.578558612925078819e+00 3.598786033227522552e+00 0.000000000000000000e+00 0.000000000000000000e+00 0.000000000000000000e+00 0.000000000000000000e+00 0.000000000000000000e+00 0.000000000000000000e+00 0.000000000000000000e+00 0.000000000000000000e+00 6.697588160655837619e+00 1.115041333035710203e+01 1.111147103040903339e+01 1.120739747035393208e+01 1.117912633423837221e+01 1.115539410960821343e+01 1.115859880073720412e+01 1.117003073888643705e+01 1.110587948940312764e+01 2.249406811786906246e+01 1.002303130277501531e+01 2.231951478784849385e+01 8.967451785038448975e+00 5.813015249603597390e+00 6.228639363692435538e+00 3.899999999999999911e+00 3.200000000000000178e+00 0.000000000000000000e+00
3.650414634222012289e+00 3.834006144002744421e+00 3.621748163111151442e+00 3.589670664475781425e+00 0.000000000000000000e+00 0.000000000000000000e+00 0.000000000000000000e+00 0.000000000000000000e+00 0.000000000000000000e+00 0.000000000000000000e+00 0.000000000000000000e+00 0.000000000000000000e+00 6.741944146624289758e+00 1.107307698709541377e+01 1.116268609789263699e+01 1.117470524241974061e+01 1.115424288031664801e+01 1.112382103189202631e+01 1.124557231458768314e+01 1.115668101467911910e+01 1.111501300906679113e+01 2.243666874498838837e+01 9.921934203016537168e+00 2.236836071465502584e+01 9.000114255924447804e+00 5.836724357161235055e+00 5.978878823890946492e+00 3.899999999999999911e+00 3.200000000000000178e+00 0.000000000000000000e+00
3.658534393660519246e+00 3.760579582907573215e+00 3.573935495706579424e+00 3.609861769047459923e+00 0.000000000000000000e+00 0.000000000000000000e+00 0.000000000000000000e+00 0.000000000000000000e+00 0.000000000000000000e+00 0.000000000000000000e+00 0.000000000000000000e+00 0.000000000000000000e+00 6.701884709077758018e+00 1.112873761170357234e+01 1.107692592693633316e+01 1.122672201654773794e+01 1.117083481387073896e+01 1.113318970518506568e+01 1.117750019496566338e+01 1.117847800875759035e+01 1.107596305369276557e+01 2.265297544917090278e+01 9.968932953224664217e+00 2.230134602349437856e+01 9.000378880624547051e+00 5.766624029867560175e+00 6.384049844746668256e+00 3.899999999999999911e+00 3.200000000000000178e+00 0.000000000000000000e+00
3.691411219141554234e+00 3.701800203281101265e+00 3.618638698302254486e+00 3.599202598758045379e+00 0.000000000000000000e+00 0.000000000000000000e+00 0.000000000000000000e+00 0.000000000000000000e+00 0.000000000000000000e+00 0.000000000000000000e+00 0.000000000000000000e+00 0.000000000000000000e+00 6.717145107968258699e+00 1.107547934443672588e+01 1.117191804165091717e+01 1.117701270284418058e+01 1.118065059239722281e+01 1.111702607910471663e+01 1.121688509756978647e+01 1.114355667022627827e+01 1.113478698281341828e+01 2.245740897837657357e+01 1.003719222102797026e+01 2.231458500977981885e+01 9.011928476826250645e+00 5.834410469889707684e+00 6.194989891204286891e+00 3.899999999999999911e+00 3.200000000000000178e+00 0.000000000000000000e+00
3.606224859704300734e+00 3.772002177706656134e+00 3.587354387859147842e+00 3.589585536474042549e+00 0.000000000000000000e+00 0.000000000000000000e+00 0.000000000000000000e+00 0.000000000000000000e+00 0.000000000000000000e+00 0.000000000000000000e+00 0.000000000000000000e+00 0.000000000000000000e+00 6.665360301609336346e+00 1.113471601740549133e+01 1.111966222696438500e+01 1.118749368554681389e+01 1.120351279451448256e+01 1.114248506662557148e+01 1.116859171662726524e+01 1.118782558788559101e+01 1.111115616387628613e+01 2.255050350310966678e+01 9.931255502540256686e+00 2.235291074599124883e+01 9.014918695958554551e+00 5.808534537681348198e+00 6.143533198596450084e+00 3.899999999999999911e+00 3.200000000000000178e+00 0.000000000000000000e+00
3.722122561160590593e+00 3.703588330009931706e+00 3.557915516771400277e+00 3.575401942329925919e+00 0.000000000000000000e+00 0.000000000000000000e+00 0.000000000000000000e+00 0.000000000000000000e+00 0.000000000000000000e+00 0.000000000000000000e+00 0.000000000000000000e+00 0.000000000000000000e+00 6.752911461492501211e+00 1.112173685016198021e+01 1.112896202544441948e+01 1.119871197814580199e+01 1.117337610456558572e+01 1.114760478128318688e+01 1.116701007979265547e+01 1.118994803424885376e+01 1.110843286389629725e+01 2.243074267868104954e+01 1.003676748954282871e+01 2.236063173842513407e+01 8.975326943941116298e+00 5.852206688220603858e+00 6.252523196004207584e+00 3.899999999999999911e+00 3.200000000000000178e+00 0.000000000000000000e+00
3.700926070216469910e+00 3.576248398118433425e+00 3.636552486749479396e+00 3.594624648575485359e+00 0.000000000000000000e+00 0.000000000000000000e+00 0.000000000000000000e+00 0.000000000000000000e+00 0.000000000000000000e+00 0.000000000000000000e+00 0.000000000000000000e+00 0.000000000000000000e+00 6.718134345630290660e+00 1.105139924863400580e+01 1.117700506421151552e+01 1.117478768175912229e+01 1.117568015575806228e+01 1.112305557308580362e+01 1.122559165705663453e+01 1.114043065488587736e+01 1.113225843792722358e+01 2.246655995185564691e+01 9.943237855789915258e+00 2.237390064609556362e+01 9.004852450641095629e+00 5.771123479440969817e+00 6.288547106207043491e+00 3.899999999999999911e+00 3.200000000000000178e+00 0.000000000000000000e+00
3.672461155915581532e+00 3.800577858527156572e+00 3.607756503215556521e+00 3.599098192109255301e+00 0.000000000000000000e+00 0.000000000000000000e+00 0.000000000000000000e+00 0.000000000000000000e+00 0.000000000000000000e+00 0.000000000000000000e+00 0.000000000000000000e+00 0.000000000000000000e+00 6.696869665824940476e+00 1.110532333804725980e+01 1.114625628423806880e+01 1.116640630655340694e+01 1.116631667166180897e+01 1.114739884482835031e+01 1.120338438738218123e+01 1.116861003200371982e+01 1.107508259370827020e+01 2.252882688217206208e+01 1.004246087877174887e+01 2.233930545980745208e+01 8.969922027050591495e+00 5.783858317092826162e+00 6.292777246209282360e+00 3.899999999999999911e+00 3.200000000000000178e+00 0.000000000000000000e+00
3.651891201259195530e+00 3.718912764483964573e+00 3.583868611071843180e+00 3.603466753591023419e+00 0.000000000000000000e+00 0.000000000000000000e+00 0.000000000000000000e+00 0.000000000000000000e+00 0.000000000000000000e+00 0.000000000000000000e+00 0.000000000000000000e+00 0.000000000000000000e+00 6.657915046973117867e+00 1.108285593528301227e+01 1.115484950570406220e+01 1.118315188077336231e+01 1.115931292254679974e+01 1.117394585260869988e+01 1.117294139451807489e+01 1.117915923771472286e+01 1.109722435742861890e+01 2.247424959132417754e+01 1.004702577789556805e+01 2.233007826964904297e+01 8.996140912089646946e+00 5.759836015308918533e+00 6.158747587836760573e+00 3.899999999999999911e+00 3.200000000000000178e+00 0.000000000000000000e+00
3.626812011703998806e+00 3.770891456056458146e+00 3.619968627892892421e+00 3.600921739907386954e+00 0.000000000000000000e+00 0.000000000000000000e+00 0.000000000000000000e+00 0.000000000000000000e+00 0.000000000000000000e+00 0.000000000000000000e+00 0.000000000000000000e+00 0.000000000000000000e+00 6.773596601370888592e+00 1.104550215094283416e+01 1.117977494436623687e+01 1.117855649351116831e+01 1.115675939594038368e+01 1.113799561994239262e+01 1.120073744079763323e+01 1.118399263359856555e+01 1.111564635612940144e+01 2.242846112263423564e+01 9.973812949363395575e+00 2.235685914308820088e+01 8.988627324765101179e+00 5.823365289669859557e+00 6.133723749896634381e+00 3.899999999999999911e+00 3.200000000000000178e+00 0.000000000000000000e+00
3.726709602602575000e+00 3.689354338483252338e+00 3.651135287475539393e+00 3.607587379635753599e+00 0.000000000000000000e+00 0.000000000000000000e+00 0.000000000000000000e+00 0.000000000000000000e+00 0.000000000000000000e+00 0.000000000000000000e+00 0.000000000000000000e+00 0.000000000000000000e+00 6.698217663721223403e+00 1.109490640453353016e+01 1.112631441775528529e+01 1.120764838508828198e+01 1.117254926358577904e+01 1.113038845489482043e+01 1.118765088409802289e+01 1.118805010456040883e+01 1.106445451318360007e+01 2.260599856960372733e+01 9.975726597178379507e+00 2.237183220446516074e+01 8.957439782033171483e+00 5.820504946916113198e+00 6.249421332124496686e+00 3.899999999999999911e+00 3.200000000000000178e+00 0.000000000000000000e+00
3.714488519144573786e+00 3.753304993720393057e+00 3.578484825209649056e+00 3.593357373151856660e+00 0.000000000000000000e+00 0.000000000000000000e+00 0.000000000000000000e+00 0.000000000000000000e+00 0.000000000000000000e+00 0.000000000000000000e+00 0.000000000000000000e+00 0.000000000000000000e+00 6.681379079231481555e+00 1.109687924113466551e+01 1.113577638570091288e+01 1.120323788531377218e+01 1.116471979802218506e+01 1.113759533848614147e+01 1.120409556116056926e+01 1.113608539124942709e+01 1.114745912331697575e+01 2.236004686679687836e+01 1.014158337896767392e+01 2.231909486477338334e+01 8.978569459218121551e+00 5.758157914987168446e+00 6.332149025028121159e+00 3.899999999999999911e+00 3.200000000000000178e+00 0.000000000000000000e+00
3.695250242371883154e+00 3.691897803782994814e+00 3.617190251892706154e+00 3.603099033986339794e+00 0.000000000000000000e+00 0.000000000000000000e+00 0.000000000000000000e+00 0.000000000000000000e+00 0.000000000000000000e+00 0.000000000000000000e+00 0.000000000000000000e+00 0.000000000000000000e+00 6.698745096912490204e+00 1.107434667270720752e+01 1.114564023705266926e+01 1.119408377190609194e+01 1.117699014728968265e+01 1.111338106665688130e+01 1.117773422804746808e+01 1.118373201011601026e+01 1.110753708898193892e+01 2.253471597888427880e+01 9.832197074263007153e+00 2.236182707873174635e+01 8.954730586368171430e+00 5.848413408002813618e+00 6.133706214679031099e+00 3.899999999999999911e+00 3.200000000000000178e+00 0.000000000000000000e+00
3.546619853612354767e+00 3.806743811640809216e+00 3.610006926500755942e+00 3.585205060450545655e+00 0.000000000000000000e+00 0.000000000000000000e+00 0.000000000000000000e+00 0.000000000000000000e+00 0.000000000000000000e+00 0.000000000000000000e+00 0.000000000000000000e+00 0.000000000000000000e+00 6.719526384706877131e+00 1.110159190414761632e+01 1.113215516875071920e+01 1.119472719156025065e+01 1.115690897500392431e+01 1.116026967062544628e+01 1.117712523750999942e+01 1.116352504643595900e+01 1.110783023625440968e+01 2.253186280135460962e+01 1.007319467155774539e+01 2.228193089513135305e+01 8.981893257742747494e+00 5.846631513135378100e+00 5.993560957283816215e+00 3.899999999999999911e+00 3.200000000000000178e+00 0.000000000000000000e+00
3.614916510343072709e+00 3.835147280312716678e+00 3.616047095442893600e+00 3.610982913171067565e+00 0.000000000000000000e+00 0.000000000000000000e+00 0.000000000000000000e+00 0.000000000000000000e+00 0.000000000000000000e+00 0.000000000000000000e+00 0.000000000000000000e+00 0.000000000000000000e+00 6.646808311672271152e+00 1.111444657924332979e+01 1.112883058494089639e+01 1.116911620925021076e+01 1.118473225886461719e+01 1.116866328794176866e+01 1.115350934441430297e+01 1.117483817956711079e+01 1.112529900430672569e+01 2.253172229510362001e+01 1.004933037220595970e+01 2.232550425333507960e+01 9.011956146375984744e+00 5.800959675296393669e+00 6.218038566956916924e+00 3.899999999999999911e+00 3.200000000000000178e+00 0.000000000000000000e+00
3.725752471796383691e+00 3.836031619132787895e+00 3.594784939689783521e+00 3.592192324179528828e+00 0.000000000000000000e+00 0.000000000000000000e+00 0.000000000000000000e+00 0.000000000000000000e+00 0.000000000000000000e+00 0.000000000000000000e+00 0.000000000000000000e+00 0.000000000000000000e+00 6.678104485395605749e+00 1.108870292454895612e+01 1.116132247176773973e+01 1.114959877865269533e+01 1.120604107180454179e+01 1.113553168975672847e+01 1.119608306827241506e+01 1.115746255837654033e+01 1.111949001228520117e+01 2.253336647971476481e+01 1.001123157142634490e+01 2.235450728831584399e+01 8.957546743780225640e+00 5.846371352050056203e+00 6.090839298968856674e+00 3.899999999999999911e+00 3.200000000000000178e+00 0.000000000000000000e+00
3.706714997730861327e+00 3.751820334690649350e+00 3.587590438734819198e+00 3.588238221935793781e+00 0.000000000000000000e+00 0.000000000000000000e+00 0.000000000000000000e+00 0.000000000000000000e+00 0.000000000000000000e+00 0.000000000000000000e+00 0.000000000000000000e+00 0.000000000000000000e+00 6.680200165689672787e+00 1.109577898302412535e+01 1.114852593468658348e+01 1.117886010062616720e+01 1.119398815165315675e+01 1.113161112542918119e+01 1.117242374246949588e+01 1.121129196888320934e+01 1.107270952906341321e+01 2.264670901200871356e+01 9.991603022572389747e+00 2.234691624515565067e+01 8.996027253013998859e+00 5.822654809269795173e+00 6.155158122889340611e+00 3.899999999999999911e+00 3.200000000000000178e+00 0.000000000000000000e+00
3.627478430262538467e+00 3.741573369684436212e+00 3.567386959478724862e+00 3.591334830863241123e+00 0.000000000000000000e+00 0.000000000000000000e+00 0.000000000000000000e+00 0.000000000000000000e+00 0.000000000000000000e+00 0.000000000000000000e+00 0.000000000000000000e+00 0.000000000000000000e+00 6.724320161085784342e+00 1.104518425681889404e+01 1.117414455901016090e+01 1.115461825032847365e+01 1.118662588906429001e+01 1.115190883015739054e+01 1.119011476361467494e+01 1.117693476011544362e+01 1.109438731027332814e+01 2.257738056218167699e+01 1.002987085826037550e+01 2.232556447171580061e+01 8.986616085163205980e+00 5.804702255307238268e+00 6.197518072038965542e+00 3.899999999999999911e+00 3.200000000000000178e+00 0.000000000000000000e+00
3.612560636793206381e+00 3.690830091720430861e+00 3.565313170236335427e+00 3.551442099811489950e+00 0.000000000000000000e+00 0.000000000000000000e+00 0.000000000000000000e+00 0.000000000000000000e+00 0.000000000000000000e+00 0.000000000000000000e+00 0.000000000000000000e+00 0.000000000000000000e+00 6.624833971255083220e+00 1.110510667067771351e+01 1.113316977200240387e+01 1.118456762769245216e+01 1.119690418158973166e+01 1.110582939962560545e+01 1.122510519493460457e+01 1.115858425028416079e+01 1.111177482293598651e+01 2.263084941886239321e+01 9.821233367053663343e+00 2.239390647002648294e+01 8.946330914152367697e+00 5.853068018086649893e+00 6.118549488948907822e+00 3.899999999999999911e+00 3.200000000000000178e+00 0.000000000000000000e+00
3.609291746114617006e+00 3.813507467130917483e+00 3.618573707113598381e+00 3.612017836554727523e+00 0.000000000000000000e+00 0.000000000000000000e+00 0.000000000000000000e+00 0.000000000000000000e+00 0.000000000000000000e+00 0.000000000000000000e+00 0.000000000000000000e+00 0.000000000000000000e+00 6.727347483398024686e+00 1.106550500669608184e+01 1.116774074026075070e+01 1.116360292520242758e+01 1.118023136856730204e+01 1.112488142459562823e+01 1.121399423356313818e+01 1.114260363942525167e+01 1.113350690403342824e+01 2.246531769356469965e+01 1.000601113694919064e+01 2.235451433880187366e+01 8.966043189281821313e+00 5.819180822040030954e+00 6.304498525637283635e+00 3.899999999999999911e+00 3.200000000000000178e+00 0.000000000000000000e+00
3.632003462959055629e+00 3.774225282950961713e+00 3.628133026478960854e+00 3.597287973605703293e+00 0.000000000000000000e+00 0.000000000000000000e+00 0.000000000000000000e+00 0.000000000000000000e+00 0.000000000000000000e+00 0.000000000000000000e+00 0.000000000000000000e+00 0.000000000000000000e+00 6.691615254210144137e+00 1.109413911927223140e+01 1.113646533283918849e+01 1.120989621749144938e+01 1.115502468368899613e+01 1.117400205102063460e+01 1.115133103184606256e+01 1.118935193550734830e+01 1.109871312982121161e+01 2.254875545499946554e+01 1.002123676454947088e+01 2.235348866118480871e+01 8.923959936340898125e+00 5.800904570084758127e+00 6.145411907246940864e+00 3.899999999999999911e+00 3.200000000000000178e+00 0.000000000000000000e+00
3.699695537834997161e+00 3.738956003550428786e+00 3.603169850231974447e+00 3.601722790919656525e+00 0.000000000000000000e+00 0.000000000000000000e+00 0.000000000000000000e+00 0.000000000000000000e+00 0.000000000000000000e+00 0.000000000000000000e+00 0.000000000000000000e+00 0.000000000000000000e+00 6.720449777123429058e+00 1.105334538724271276e+01 1.117364506459844975e+01 1.115431248843869660e+01 1.121442020970157571e+01 1.113987979370537218e+01 1.118832383768659433e+01 1.116159147288628262e+01 1.112239827457142027e+01 2.254191399173797450e+01 9.834234985834926945e+00 2.237498513160690905e+01 8.984501549415886856e+00 5.719234655602528861e+00 6.406103874149524202e+00 3.899999999999999911e+00 3.200000000000000178e+00 0.000000000000000000e+00
3.678445700308646149e+00 3.684886215861631342e+00 3.603863868268958548e+00 3.595974523394079192e+00 0.000000000000000000e+00 0.000000000000000000e+00 0.000000000000000000e+00 0.000000000000000000e+00 0.000000000000000000e+00 0.000000000000000000e+00 0.000000000000000000e+00 0.000000000000000000e+00 6.725986234173155331e+00 1.108435826408517322e+01 1.114942035167244327e+01 1.119530567632788376e+01 1.117645208740023044e+01 1.113278566563110239e+01 1.119067155799647040e+01 1.116982540112209854e+01 1.110814698049176208e+01 2.262561762194077275e+01 9.886518034909302699e+00 2.235129676251254693e+01 8.972884036568441246e+00 5.752672397139563465e+00 6.493867776014509374e+00 3.899999999999999911e+00 3.200000000000000178e+00 0.000000000000000000e+00
3.734968085001445282e+00 3.742742058417450224e+00 3.574956505024845299e+00 3.592459971135758323e+00 0.000000000000000000e+00 0.000000000000000000e+00 0.000000000000000000e+00 0.000000000000000000e+00 0.000000000000000000e+00 0.000000000000000000e+00 0.000000000000000000e+00 0.000000000000000000e+00 6.682626804410954691e+00 1.110539674946869759e+01 1.113782999710469745e+01 1.119674439926538945e+01 1.117710670722821753e+01 1.113338117686529039e+01 1.119919594540065155e+01 1.116973010692042223e+01 1.111657560328659500e+01 2.247136665290727819e+01 1.007053294878121541e+01 2.230475930142468499e+01 9.020840274182260643e+00 5.826869821397484550e+00 6.200714834705748579e+00 3.899999999999999911e+00 3.200000000000000178e+00 0.000000000000000000e+00
